text,actual_label,predicted_label,confidence
suma kaththaatha da sound over a pooda kudaathu pa s3 1 month oda stop aakidum then bairavaa da aaddchi than kaththi kaththi thondaiya kilikatha pa,Offensive_Untargetede,Offensive_Targeted_Insult_Individual,0.4126141844067368
ஆனவக் கொலைகள் நடக்காவிடில்...நம் அடையாளம் அளிக்கப்படும்... இயக்குனருக்கு வாழ்த்துக்கள்...தமிழ்நாடு முத்தரையர்கள்,Offensive_Targeted_Insult_Group,Not_offensive,0.9611869905293686
Power ranger megazord niyabagam vantha hit like,Offensive_Untargetede,Not_offensive,0.9528335449159229
0:28 Shaktimaan Parle-G Biscuit SaptuNaanum sinna vayasula jump panni parakka try pannirukken 90's Pasanga Da 🤣,Offensive_Untargetede,Not_offensive,0.7267718758080306
எவனுக்கும் அடங்க மாட்டோம்... எவளுக்கும் மயங்க மாட்டோம்🤙... # நாடக காதல் # கும்பல்களை வேரோடு அழிக்க வந்த # திரௌபதி படத்திற்கு.. தேவேந்திர குல வேளாளர் சார்பாக வாழ்த்துக்கள்.,Offensive_Targeted_Insult_Group,Not_offensive,0.6490160273849932
Movie yachum nailla eruka nu papom,Offensive_Untargetede,Not_offensive,0.8603965451696164
nice aana teaser starting laa vandha dialogue mgr sir engaveetu Pillai la padina naan anai etal ooda middle lines laa...,Offensive_Targeted_Insult_Other,Not_offensive,0.9109960410705369
Yannada trailer idhu yadho oruthava family la nadakkura kadhaiya yaduthu vachirukka,Offensive_Untargetede,Not_offensive,0.5908583190853502
Dai unmaiyanumea marana kattu katuvega pola,Offensive_Untargetede,Not_offensive,0.5301500012441956
🤣🤣🤣 video ku dislike pottavangalam vanthu Inka oru like ah thatti vitutu ponga,Offensive_Targeted_Insult_Other,Offensive_Untargetede,0.4482107960250055
Aathi kanithan 2 paatha maarilla iruku...,Offensive_Targeted_Insult_Individual,Offensive_Untargetede,0.4255459388039735
"Vjs, udanbu veengittu varuthu, 45 vayadhu mathiri theriyuthu,. Nallave ille, middle age RO ok a chose pannu",Not_offensive,Offensive_Targeted_Insult_Individual,0.32146508869209184
Vaa thalaiva..ENPT ku serthu idhula bangam pandrom..!!,Offensive_Untargetede,Not_offensive,0.7574902641460667
"Ennathu ithu konjam kuda sense illama,pakkum pothu kudava ungalukku antha ponnu j.j konjam kuda match agalanu thonala...waste of time",Offensive_Targeted_Insult_Group,Offensive_Targeted_Insult_Individual,0.7326799520381779
trailerna ithu trailer pakka mass & class like muyal vegham dislike Aamai vegham dear hatter's Uusshh |,Not_offensive,Offensive_Untargetede,0.5857823373129485
intha Diwali ku iruku aaaappppu iruku..but yarukunu na sollamata,Offensive_Targeted_Insult_Other,Not_offensive,0.7678375091764065
Dislike pottavan pathi Peru director ranjith veriyana erupan,Offensive_Untargetede,Not_offensive,0.7062918604843946
Ghibran pundaya vitta ungalukku vera aale kedaika laya da.,Offensive_Targeted_Insult_Individual,Offensive_Untargetede,0.5425542805535399
Paka thana pora Inda kaliy to atatha,Offensive_Untargetede,Not_offensive,0.9517696674889617
எவன் என்ன பண்ணாலும் படம் திரைக்கு வரும் da,Not_offensive,Offensive_Targeted_Insult_Group,0.47146645883248056
Oruthar mela neenga viswasam katrathukaga innoruthara yen asingam paduthuringa by thala Ithu ovvoru thala and thalapathy fan kum therinjurukanum,Offensive_Untargetede,Not_offensive,0.9551416735066085
Poga dai sarkar tha best NGK waste,Offensive_Targeted_Insult_Group,Offensive_Targeted_Insult_Individual,0.26801701623595514
"Apdinaa sc & ST pasanga kooda frndship vachuka maatinga last varaikum veetukullaium vida maatinga avan avan jaathiliey ponnu kattittu nalla irupoom ethuku vambu, veena sandai avan avan jaathiya vittu kudukamaa ipdey irupomm",Not_offensive,Offensive_Targeted_Insult_Group,0.4115229006296307
Ana trailer pathona exaitment thanga mudyala,Offensive_Targeted_Insult_Group,Not_offensive,0.5365199425272266
Mysskin nalla talented director thaa aana edhukku udhayanidhi ya select pannaru nu terla,Offensive_Targeted_Insult_Individual,Offensive_Untargetede,0.3937392311655333
Ninga evlo sonnalu namma natu pasanga thirunda maatanga,Offensive_Targeted_Insult_Other,Not_offensive,0.8270632646116897
Nammakitta kaadu irundha eduthukiduvanuva Ruva irundha pudingiduvanunuva Padippa mattum nammakittarndhu eduthukidave mudiyadhu,Offensive_Untargetede,Not_offensive,0.9573678972701707
"Intha selvaakai vaithu ivar arasiala onnum pudunga mudiyaathu. Venum endral, thanudaya padahukku athigamamna vilayil black ticket vithu panam sambathikalaam. Thamil makklaukku intha karumiyai patri indru nalave theriyum.",Offensive_Targeted_Insult_Individual,Offensive_Untargetede,0.43803892999859884
No dialogue music copy from titan give royalltey,Offensive_Targeted_Insult_Group,Not_offensive,0.549755746206474
Dei man of steel oda saayal theriyudhey... Ena unga kadha?,Offensive_Targeted_Insult_Individual,Offensive_Untargetede,0.5859008377482314
Devidiya punda... eva yaru da gommala,Offensive_Targeted_Insult_Group,Offensive_Untargetede,0.6313158144082559
இது உண்மை...திருமாவுக்கு சரியான செருப்பு அடி... இதே தேவேந்திரகுல வேளாளர் மக்கள் வரவேற்கிறோம்...,Offensive_Targeted_Insult_Individual,Not_offensive,0.7963477141738072
Rip Sr Prabhu punda mavan... Ne theru Kodi thaan di... Sad luck Karthi and Lokesh Anna...,Offensive_Untargetede,Offensive_Targeted_Insult_Individual,0.5876183022549966
oruthar mela nega viswasam katurathu naala yen inorutha mela verupu katurega,Offensive_Untargetede,Not_offensive,0.7445098609635012
"Padam flop dhan pola, enna vijaya production logo hindi la eruku modhala adha mathungada",Offensive_Targeted_Insult_Other,Offensive_Targeted_Insult_Individual,0.42529017944563663
edhukku indha loosu pundai aryava movie la eduthinga gowtham karthick nalla irunthurukkum,Offensive_Targeted_Insult_Individual,Offensive_Untargetede,0.5088508104287988
I have never seen avideo like it this is killer,Offensive_Untargetede,Not_offensive,0.975229369277954
Aiyo intha koothiyanunge likes ku pichai eduka arambicitanungele,Offensive_Targeted_Insult_Other,Offensive_Untargetede,0.759064048808732
Love uuu superstar... Jzt killed it..,Offensive_Untargetede,Not_offensive,0.7938991817224677
Vera Level Trailor Ali Ajith Fans Inka Vanthu Sunni Ooombama orama poi pool paandi da poola vaayila edunkada,Offensive_Targeted_Insult_Individual,Offensive_Targeted_Insult_Group,0.47112397248623206
பரதன் விக்கு வெச்சிட்டானாம் அங்க சிவானு ஒருத்தன் வாயில வெச்சினு இருக்கான் அதெல்லாம் கேக்க மாட்டானுவ,Offensive_Targeted_Insult_Individual,Not_offensive,0.9313262270646218
Teluguvalu tamilvalu Vera leadhuoo.. andhuru okadea... Mamli vida valea manchi valu.. Chennai la putti septhannu vallu pappom.. pls kapadhandhiye,not-Tamil,Not_offensive,0.9055349036435901
Ithu 96 yara yematha pakkra.. innumaya athey dialogue...,Offensive_Targeted_Insult_Group,Not_offensive,0.6710426543545296
Jayam ravi:Chinna vayasula oru yerila kulipom la anga polam da.. Yogi babu: Athu mela than da nadanthuchu poinu irukom..,Offensive_Targeted_Insult_Individual,Not_offensive,0.7523908627626267
பொண்ணுக்கு புடிச்சிருந்த அவங்க யார வேணும்னாலும் கல்யாணம் பண்ணுங்க நீங்க யார நீங்க என்னா பொண்ணுங்களோட ஆறாவது அறிவா அவங்களுக்கு சுயமா முடிவெடுக்க தெரியாது,Offensive_Targeted_Insult_Group,Not_offensive,0.8961488526382128
Indha bgm kekumpodhu viswasam bgm mind la vandhutu pogudhu..,Offensive_Targeted_Insult_Individual,Offensive_Untargetede,0.5522366981849749
***tha Remake na Ippadi irukanum,Offensive_Untargetede,Not_offensive,0.8034504367298179
Enna ya holly wood ye munji duva pola myskin,Not_offensive,Offensive_Targeted_Insult_Individual,0.44347658547424723
rendu varushama mukki mukki intha karumaththa than eduthanungala,Not_offensive,Offensive_Untargetede,0.5007479686361413
எப்புடியாவது தலைவரின் *** வந்து ****டு போய்டனும்... திருட்டு பயல்க...,Offensive_Targeted_Insult_Group,Not_offensive,0.6396220876301021
Yanaku arivillaiya muddaa kothi Apurem santhanam madum yanga irunthu vantharu kilinja vayanukallam support u,Offensive_Targeted_Insult_Individual,Not_offensive,0.7891486427870473
Y ilayaraja putting someone else's music 🤔,Not_offensive,Offensive_Targeted_Insult_Individual,0.6181107535960161
ENPT release agalanu kavala illa aurathanamana Asuran varuthu adhu pothum...,Offensive_Targeted_Insult_Individual,Not_offensive,0.8362069016062043
Edho sadhi nadakudhu pa inum trending la varala,Offensive_Untargetede,Not_offensive,0.6757503053987586
thaaru maaru.. thakkali soru...,Offensive_Untargetede,Not_offensive,0.9047210626288653
Dhanush nd vijay fans lam veetla okkandhu azhuvanga,Offensive_Targeted_Insult_Individual,Offensive_Untargetede,0.5501789809641572
Ellam avan seyal film mari iruke lyt ah dha full ah illa,Offensive_Untargetede,Not_offensive,0.698396647705072
Thirumavalavan groups mattum thaan katharitu irukanunga,Offensive_Targeted_Insult_Group,Not_offensive,0.5537001678428002
Last dialogue for petta viswasam problem🤔🤔🤔🤔,Offensive_Untargetede,Not_offensive,0.7168935570236341
Ivanga appan oru jathi veri piducha nayee,Offensive_Targeted_Insult_Individual,Offensive_Targeted_Insult_Group,0.9208600134986658
so poor dialogue delivery From Mohanlal...,Offensive_Targeted_Insult_Individual,Not_offensive,0.7602966370813692
Dai thevidiyaa valavan engada irukaa pathutu sethuru,Offensive_Targeted_Insult_Individual,Offensive_Untargetede,0.41700982894556904
2.09 dai gammala yennada pannivechi irkinga avana...johnny depp enda nenapa flash back young yogi babu,Offensive_Untargetede,Not_offensive,0.541216486104293
Apo pa padatha release panuvenga v r waiting...,Offensive_Untargetede,Not_offensive,0.8576319795501235
KGF chapter 1 - like Kaithi - like,Offensive_Targeted_Insult_Other,Not_offensive,0.674433848831102
ஹே... இது 96... யார ஏமாத்துறீங்க... பங்ங்ங்ங்கம்ம்ம்ம்ம்ம்...,Offensive_Untargetede,Offensive_Targeted_Insult_Group,0.5262488046554948
Stallin ad mayira thukunga da... kadupula dislike paniten...,Offensive_Targeted_Insult_Group,Offensive_Untargetede,0.5365840815608128
2.06 sema serupadi to thalaivar,Offensive_Targeted_Insult_Individual,Not_offensive,0.8998637380958547
Wow Super Star RajiniKanth Fan's like Vesukondi ట్రైలర్ అదిరింది,not-Tamil,Not_offensive,0.5566880574748412
Itha paathu dislike pannravanga potta pasanga aambalaya iruntha dislike pannathinga haters ungala like panna sollala aana dislike pannathinga otha panninga potta pasanga,Offensive_Targeted_Insult_Other,Offensive_Untargetede,0.9822573510055728
Kattaya vachi car ye kavutthitiye thalivaaaaa..,Not_offensive,Offensive_Targeted_Insult_Group,0.32910097811218847
Ajith citizen film wakkala ikee,not-Tamil,Not_offensive,0.8636991547421903
Yogi babu koko 500k Super star rajinikanth ku 374k tha thu thu entha vayasula ethu thavaiya da,Offensive_Untargetede,Offensive_Targeted_Insult_Individual,0.5598087797019188
Enda inum jathi jathinu film vaichu idhu pandriga...tamil Pan badu evlo..evlo tamilnatula alichu pona viseyam evlo iruku...adala vitutu. Enda makala jathiya thundi videraga..idhual film ah da thuu,Offensive_Targeted_Insult_Group,Offensive_Untargetede,0.6131946632965204
Kaithi padam paathutu vanthu trailer paakravanga like,Not_offensive,Offensive_Targeted_Insult_Other,0.3711297501151257
Bro starting dialogue la konjam thimiru irikae. Thappa irikae bro.,Offensive_Untargetede,Not_offensive,0.9446976955335676
Evlo naal tha Diwali kku unga Vijay ae varuvaruu Intha yr Diwali enga anne #kaithi Naaanga thaa,Offensive_Untargetede,Offensive_Targeted_Insult_Individual,0.5322638570546463
Kangana doesn't look like j Amma,Not_offensive,Offensive_Targeted_Insult_Group,0.5264955176566558
Dub k like te dub k support,not-Tamil,Not_offensive,0.9469660257326138
All ammai kunji fans ku oru ooooo podu...🤟,Offensive_Untargetede,Not_offensive,0.666254748169925
2016 kerala Pulimurugan Andra Janatha Gareg Kannada Nagarao & Tamil S 3 Industry Hit is waiting MASS KA BAP SURIYA,Not_offensive,not-Tamil,0.7054090967091359
wowwwwww what a style ya...,Offensive_Untargetede,Not_offensive,0.4488286362032345
Okkali matha saadhi karan elam intha padatha theatrela poi parunga...indha group ah oda vidrom🤘🤘Hindu Nadar,Offensive_Untargetede,Not_offensive,0.5843303010753799
"Yow innaya ithu,,,,shankarala mattum than ippadi mudiyum semma weight",Offensive_Untargetede,Not_offensive,0.9704102060581976
Rasini rsigakunjugal thooku pottu saagavum...nalla naaka pudungura madiri kelvi ketrukanunga thaleevara!!!,Offensive_Targeted_Insult_Group,Offensive_Untargetede,0.9447129680980891
Unlike pannawan poora 2k kids 90s kids daaaa,Not_offensive,Offensive_Targeted_Insult_Group,0.6862922533358682
enna achchi sakar sir no good,Offensive_Untargetede,Not_offensive,0.937926956811044
Enna da asuran masuran nu sollikittu...Tha veerama vara da #draupathi #BGM,Offensive_Targeted_Insult_Group,Not_offensive,0.6489755071612453
Dei bhairava copied photo echa pasangala,Offensive_Targeted_Insult_Other,Offensive_Targeted_Insult_Group,0.9040238703815131
Editing seriya panala bha.. jump shot la rope theriyuthu.. paathu konjam seingha...,Offensive_Targeted_Insult_Other,Offensive_Untargetede,0.720611736437429
mr.lokesh kangaraj enna bigil kudaya nega thaan thalapathy64 edukiranga movie konjam date mathi poota nalla irukum,Not_offensive,Offensive_Targeted_Insult_Individual,0.6022063640001151
2.O kuda Padma Sariya odala but ithu therikum...,Not_offensive,Offensive_Targeted_Insult_Individual,0.534052509027311
Namma #Thalapathy64 director_kage Oru like podlama?,Offensive_Untargetede,Not_offensive,0.9428303356937653
"திராவிடமும், தலித்தும் ஒன்னு என்றும் சொல்லும் தேவிடியா மவனே சாவுடா புண்டை மவனே... உன்கிட்டதான் சரக்கும் மிடுக்கும் இருக்கா வரச்சொல்லுடா யாரிடம் இருக்குனு பாக்கலாம்...",Offensive_Targeted_Insult_Individual,Not_offensive,0.7657359546900205
Orea padam than total tamilnadum intha kuruma groupaala epdi pathichiruku...ipo katharunga da,Not_offensive,Offensive_Targeted_Insult_Group,0.5632936622678827
Cmt aana kammunaatingaluku...ithu easy ha purithu...singles ku masuru mari iruku...oru mannangatiyum purila...,Offensive_Targeted_Insult_Group,Not_offensive,0.42259596072558375
Intha padathil don alleyaaa..ith enna mayam,Offensive_Untargetede,Not_offensive,0.6458353557057371
இயற்கையாகவே உற்பத்தி ஆகுற நதிய தனக்கு மட்டும் சொந்தம் கொண்டாடுர உரிமய யாருங்க குடுத்தா...,Offensive_Targeted_Insult_Other,Offensive_Targeted_Insult_Group,0.5661039496268327
இந்த ஆண்ட சாதி ஆமைகள் தொல்ல comment section la தாங்க முடியல நா தேவன்டா நா கவுண்டன்டா நா வன்னியன்டா அப்படினு comment போட்டு saavadikiraanuga,Offensive_Targeted_Insult_Group,Not_offensive,0.6411541214276936
Udayanidhi fans like here... Likes Varuma?? Fans irupaangala...,Offensive_Targeted_Insult_Individual,Not_offensive,0.9722966152802979
"yaru ellam thala oda work dedication eh vfx effects nu solli criticize panrangalo, 1) unga kitta adhu kana proof edhuvum illa 2) avaru vandhu day and night ah hard work panni nammakulukaga padam panraru adhuku konjam atleast respect kuduka kathukonga summa veetula ukandhitu kora solra nala nammu onnum periya manishan agida mudiyathu",Not_offensive,Offensive_Untargetede,0.3670555277819594
Enna Hari padam trailer paatha maari irukku...🤫,Not_offensive,Offensive_Targeted_Insult_Group,0.41524718037999986
Yuvan 2k kids ayum addicted aga vachutaru.,Offensive_Targeted_Insult_Individual,Offensive_Targeted_Insult_Group,0.6695035422739979
Thala mass illa padam eppudi irukkumo,Offensive_Untargetede,Not_offensive,0.9003978046375178
Idhu chumma trailer thaa ma Main pitch ah nee innun paakala... Paatharaatha pathari poyuruva,Offensive_Untargetede,Not_offensive,0.5218724037586392
Marana masssssssssssssss eanga thalaivar yaru vayasu ayeduchu mavena parunga enga marana masssssssssssssss eanga thalaivar,Offensive_Untargetede,Not_offensive,0.9808872312572299
Lallettan&Surya main role kappaan fdfs locked,Offensive_Targeted_Insult_Group,Not_offensive,0.5035509805642754
savuratha irunthalum sanda pottu savanum sir payanthu kal la vilunthu sava kudathu sir... super dialogue,Offensive_Targeted_Insult_Other,Offensive_Untargetede,0.8737271992212502
Eppovathu kathuna ok yepovumae kathuna yepadi da,Offensive_Untargetede,Offensive_Targeted_Insult_Individual,0.5566750666375988
Mass thiruttu kumbalakku sariyana ADI...,Offensive_Targeted_Insult_Group,Not_offensive,0.3630980926839814
karthi enna kidu look aanu.poli mass padamanu.narenum thakarthu,Offensive_Targeted_Insult_Other,not-Tamil,0.583799036602883
Nanda Gopala Kumaran Negative Gopala Kumaran,Offensive_Targeted_Insult_Individual,Not_offensive,0.5222923581708236
Karnataka naaye vaazhuda tamilan pootta pichayela,Offensive_Targeted_Insult_Individual,Not_offensive,0.7976416580672909
வடிவுகண்டு கொண்டபெண்ணை மற்றொருவன் நத்தினால் விடுவனோ அவனைமுன்னம் வெட்டவேணும் என்பனே..அடுத்த ஜாதி பெண்ணை தொடனுன்னு நினக்கிறவனை வெட்டி கூறு போடு..இப் படம் வெற்றி பெற வாழ்த்துக்கள்...,Offensive_Targeted_Insult_Other,Not_offensive,0.7196208039694305
End ley dialogue purinjitha appo sandaiya neeruthunga da pakkigala,Offensive_Untargetede,Offensive_Targeted_Insult_Group,0.5673527836591117
Kadasiya neeyym unga appanum phsycovathanda aga poringa,Offensive_Targeted_Insult_Individual,Not_offensive,0.49452819717652385
Oruthar (vijay) mela viswasam kaatardhukaga innorthara(ajith) en asinga paduthureenga Or vice versa Well said...,Offensive_Untargetede,Not_offensive,0.8462156348079122
Suriya Anna fans lam ennada pantringa... Teaser pathi ethavathu comments pannungada,Offensive_Targeted_Insult_Group,Offensive_Targeted_Insult_Other,0.49597437569981295
Dislike pottavanga lam தேங்காய் சீனிவாசன் rasikarnu ninaikuren,Offensive_Targeted_Insult_Individual,Not_offensive,0.5734292306413566
Eippa Kudiurimai perichani poidu eruku etha therippe vidathan Entha jathi perichani eippa ahrampichudanga edhu puriyama jathiya paithi peasura nerama ethu. Srilanga LA Erukarava unga jathikaranum eruka Ennoda jathikaranum erukan ahvanga enga varakudathunu than Kudiurimai saittam Entha saittatha ethurith eillarum poraduranag Entha nerathula Ethuku Entha movie trailer release ahganum yocinga,Offensive_Targeted_Insult_Group,Offensive_Untargetede,0.4733609161453541
Na arasiyaluku vradu urudi adra adra 14 varushama solnukiraru...,Offensive_Targeted_Insult_Individual,Not_offensive,0.8177842589717991
மிஷ்கின vs இளையராஐா 1.நந்தலாலா 2.ஓனாயும் ஆட்டுகுட்டியும் 3.சைகோ Hotrick,Not_offensive,Offensive_Targeted_Insult_Group,0.4748279791926917
Enna dhairiyam irundhirundha thalapathy Ya otirupinga da naiyee,Offensive_Untargetede,Offensive_Targeted_Insult_Individual,0.551700948531496
துபாய் பாலைவனமாய் இருந்ததா அந்த மக்கள் சோலைவனம் மாற்றி இருக்காங்க ஆனா தமிழ் நாடு சோலை வனமாக இருந்ததா ஏன்டா பாலைவனம் மாத்தறீங்க,Offensive_Untargetede,Offensive_Targeted_Insult_Group,0.47687098512604237
kevvalam munchaa paaru panni munchi madhuriyae,Offensive_Targeted_Insult_Individual,Offensive_Untargetede,0.39920966952642617
"rey endhidhi,,, aaaa maakentidi antunna. Brathakanivvandra babu janalni",not-Tamil,Not_offensive,0.8088631696454225
Anbumani apadiya rombha nalava... mudhal jathi veri naiya ah avadha...da porike...anubamani vaichu movie edutha ida vuda kavalam ah edukalam..,Offensive_Targeted_Insult_Individual,Offensive_Targeted_Insult_Group,0.542362585254671
ithula illayaraja music ea illaye intha music vera engayo keta maari irukee,Offensive_Targeted_Insult_Individual,Offensive_Targeted_Insult_Group,0.5058495930607159
Pa. ranjith kita director ameer kaetaru sari ranjith namma intha jathi certificates elam kiluchu potu elam onna aaiduvom. Apo evan enna panranu papom nu sonaru. Apo ranjith solraru athu epdiga nanga #dalith nu. Ipo theriutha yaru jathi yaa kondu vanthaga movie la nu. Nija valkaiyilum. Ne apdi edutha ivan ipdi thaan edupan. Ne nambalanalum athaan nezam,Not_offensive,Offensive_Targeted_Insult_Individual,0.7641575159393419
hi Suriya bro nengulum arasiyala kk nadu nalla erukkum,Offensive_Targeted_Insult_Individual,Not_offensive,0.635285188387927
Enada parithabangal Sudhakar Jayalalithaa getup pota Maari irku.. bangam Da...,Offensive_Targeted_Insult_Group,Offensive_Targeted_Insult_Individual,0.5130934160255276
Konjam yoshirukalam fire truck kuptu thanni pachiruntha Ella phone vela senjirukathu yosingaya,Not_offensive,Offensive_Untargetede,0.5426483406557235
Trisha simran'a Vida aged ah Irukanga. Vj Sethupathi,Offensive_Targeted_Insult_Individual,Not_offensive,0.8485227740479334
Paakka thana pora intha kaali aattathA,Not_offensive,Offensive_Untargetede,0.6513711663800238
OMALA KV IS BACK BITCHES!!! SURYA MOHANLAL ARYA SAYYESHA,Offensive_Targeted_Insult_Group,Not_offensive,0.9493311425142295
Guys Teaser la suriya Anna name podalai guys Enna nadakuthu,Offensive_Targeted_Insult_Other,Not_offensive,0.9825313344408763
"General ah.. Ella padathoda trailer um nalla tha iruku.. Aana full movie pakkum pothu tha therium athu hit ah flop ah nu.. So, guys, endha padama irundhalum 2 min trailor pathu yemarathinga.. 2.30 mani nera padam pathittu comments podunga..",Offensive_Targeted_Insult_Other,Not_offensive,0.7306669344241499
"Pullingo likes bigil, men like kaidhi",Offensive_Targeted_Insult_Other,Not_offensive,0.5350407392322393
Delhi Babu kekka bekka copy hahaha,Not_offensive,Offensive_Targeted_Insult_Group,0.42961855316064207
i think vaseegaran will die in this movie!!!,Offensive_Targeted_Insult_Individual,Not_offensive,0.7728089357231672
"Ennangada ithu viswasam bgm kekuthu, 🤔🤔",Not_offensive,Offensive_Untargetede,0.7449323327575511
காதல் எண்ற போர்வேவியில் ஏமாத்தும் அனைவருக்கும் செருப்பால் அடிச்ச படம்,Offensive_Targeted_Insult_Other,Offensive_Targeted_Insult_Group,0.4746422268145303
pahhhhhhhhhhh kandipa theatre la yelarum saga poranga... thanks director hariiiiii ji teaser parthae padam yepadi iruku nu ennagaluku puriya vechadhuku... innum ne thirudhalaya da kulan Surya...,Offensive_Targeted_Insult_Individual,Not_offensive,0.8615098255617096
Viswasam 17m view 3days..petta 17m views 7 days...,Offensive_Targeted_Insult_Individual,Not_offensive,0.5502922206590802
"Kalappu thirumanam seiyarathu thappu seri ok irruattum appo antha makkal en ungalukku vote podanum kekareenga? Unga saathi ponna kaapathikonga sir, avanga vote yum kekatheenga,thirumavalavan ah kora solra neenga,divya entha aranmanai vechirunthanga nu sollunga,ippo divya oda nilamai enna nu solluveengala? Intha padatha Dalits purakanikkanum appo than intha mathiri veruppu mikka padangal varathu",Not_offensive,Offensive_Targeted_Insult_Group,0.48248600165104377
Rajni kitta poi kelu vijayakanth annana pathi. Payam thiriyum.,Offensive_Targeted_Insult_Individual,Offensive_Untargetede,0.4235585999264102
"Ennada Trailerae Ipdi Bore Adikuthu, Intha Padatha Vera Download Pani Vera Pakanum. Yenda Engala Ipdi Kolreenga",Offensive_Targeted_Insult_Group,Offensive_Untargetede,0.4564883220557197
32k anil fans.. i mean wig anil fans,Offensive_Targeted_Insult_Individual,Not_offensive,0.5202116521654875
EnnadA 20 time's mela patachu idhu verailkum. Views erala da dae youtube channel owner unna adichu koluvaenda,Not_offensive,Offensive_Untargetede,0.5613069411911167
செம மோகன் சூப்பர் தப்பா சொல்லி கொடுத்து அரசியல் செய்யற நாய்களுக்கு செருப்படி.,Offensive_Targeted_Insult_Group,Not_offensive,0.9218108005099964
Same problem my family side good work mohan bro I'm vanniyar movie win panna valthukal nadakathal sarakku midukku naikalukku seruppadi,Offensive_Targeted_Insult_Group,Not_offensive,0.9641964441342286
intha padam kadaisi verai unarvukalai thoondi kadasiyil pillai seen ala veiththathu... best. hot illa songs ill a,Offensive_Targeted_Insult_Other,Not_offensive,0.8873990430538019
Unakennapa 0:45 sivakarthikeyan koodalam nadula!!! Naangalam apdiya🤥🤥🤥,Offensive_Untargetede,Not_offensive,0.8462431698679456
Director oru meme creator'a iruppar pola... Yara yematha paakura idhu 96,Offensive_Targeted_Insult_Individual,Not_offensive,0.6293028638156263
தொழில்நுட்பத்தோட வளர்ச்சியையும் அது நம்மை அடிபடுத்தியதையும்.. ரெண்டையும் அனுபவிச்ச ஒரே ஆட்கள் 90s கிட்ஸ் நாங்கதான்.. பெருமையா சொல்வோம்டா.. we are 90s gids nu,Not_offensive,Offensive_Targeted_Insult_Group,0.5939575541752832
ஜாதி அழிஞ்சுடுச்சு நம்புங்கடா🤣அழிச்சது நம்ம சுடலையும் அவுங்க அப்பனும்தான் நம்புங்கடா,Not_offensive,Offensive_Targeted_Insult_Group,0.8526402407752977
Irungada!! Nalla rewind panni pathukuren!!! Ethe pakanumnu terle..beyond words!!!,Offensive_Untargetede,Not_offensive,0.8795773135337451
Enada ithu views 58k likes 98k ppidrukku... lokesh rocks,Offensive_Targeted_Insult_Individual,Offensive_Untargetede,0.5281277126759797
5 days agudhu Views eramatingdhu,Offensive_Targeted_Insult_Group,Not_offensive,0.6627229662748438
Ghatiya just like cartoon movie...,not-Tamil,Offensive_Untargetede,0.4240504404719353
Not as BIOPIC... Looks like BADPIC.. Can't suit as MAHANATI,Offensive_Targeted_Insult_Group,Offensive_Targeted_Insult_Individual,0.5231365728738218
Semma...but...Yellam Avan seyal... Pola irukku...,Offensive_Targeted_Insult_Individual,Not_offensive,0.929529764759002
நடிகை தேர்வு ஜே'வின் இறப்பை விட மர்மமானது! Kangana's casting Decision a Greater Mystery than J's death Mystery!,Offensive_Targeted_Insult_Group,Offensive_Targeted_Insult_Individual,0.8860331229889318
Konar sarpaga valthu thiruma oonoda Katha ethoda over da 🤣🤣🤣🤣,Offensive_Targeted_Insult_Individual,Not_offensive,0.8334841884031893
Oruthar mela Viswasam kaatrathukkaga..innoruthara yen Asinga Paduthuringa?? #Thala #Thalabathy #Fans #Fight,Offensive_Targeted_Insult_Group,Offensive_Untargetede,0.6523381163672208
"அண்ணே, சாதிஒழிப்புனா என்ன, சாதி வெறின்னா என்னணே? அடேய் டிபன் பாக்ஸ் தலையா, எங்களுக்கு மண்ணு பொண்ணு ரெண்டுமே முக்கியம், யார் கைய வச்சாலும் கைய வெட்டுவோம்னு சொன்னா அது சாதி வெறி கவுண்டன வெட்டு கவுண்டச்சிய கட்டுன்னு சொன்னா அது சாதி ஒழிப்பு... இன்றைய சூழ்நிலைக்கு ஏற்ற திரைப்படம்!!! வெற்றி பெற கொங்கு நண்பர்கள் சார்பாக வாழ்த்துக்கள்!!!",Offensive_Targeted_Insult_Group,Not_offensive,0.9478416173668945
paaka thana pora indha kaali yoda aatatha!,Not_offensive,Offensive_Untargetede,0.9095434705274406
Ayyyoooo trailer ah pathaley bayama irukae,Offensive_Untargetede,Not_offensive,0.33924213679153387
Rajin political entry dailog 1996/2016 10 years one dailog naaku baag nachindi,not-Tamil,Not_offensive,0.8030733921705929
"Enapa gangster padam nu nenacha clg, students, protest, old age love scene la katrenga, kabali madere la irukadea...",Offensive_Untargetede,Not_offensive,0.5318439581190729
yo yo yo yarra yarra inga ooru ketta theriyum,Offensive_Untargetede,Not_offensive,0.7008661682542607
Ajith kumar mutta punda nadippin nayakan tha king,Offensive_Targeted_Insult_Individual,Not_offensive,0.6227652628920587
inna da panni vechi iruking:(:(:(,Offensive_Untargetede,Not_offensive,0.5306067962284576
Rajini sirku therium yapa ena pananumnu nega yalarum avara pathi pasi ungala publicitydha panikarega avaruku opposite a pasara yalarumay Oru publicitykagadha pasarega suyama ungalukunu per sambarega Vijay sir ajith sir mare Suma mathavagala vachu game aadadhega,Offensive_Targeted_Insult_Group,Offensive_Targeted_Insult_Individual,0.3364493524399864
Peeta best or visuwasam best peeta best na like pannuga visuwasam best na dislike pannuga,Offensive_Targeted_Insult_Individual,Not_offensive,0.8679522946293761
Epdi muku naalum first part maari varadhu,Offensive_Targeted_Insult_Group,Offensive_Targeted_Insult_Individual,0.6135690083799664
Ithu 96 uh yaara emathureenga,Not_offensive,Offensive_Targeted_Insult_Group,0.6121586328874158
இது ஒரு ஆண்மை இல்லாத தனம் அப்பிடி அவரே சொல்லுவாராம் அப்பரம் English song ல இருந்து background music போடுவாராம்,Offensive_Targeted_Insult_Individual,Not_offensive,0.5726124770681534
Siva anna Vera mathiri irukka yae naa,Offensive_Targeted_Insult_Individual,Not_offensive,0.895271215785103
"*tha intha maari padam yedukuranuga,ithuku support vera comments la padikavey mudila... Vanmam pudichu alaiyuranuga...",Not_offensive,Offensive_Targeted_Insult_Group,0.562137853227416
ரஜினி சாரை வெச்சு காமெடி என்கிற பெயரில் நல்ல பல்பு வாங்குறீங்க,Offensive_Targeted_Insult_Individual,Offensive_Targeted_Insult_Group,0.7041499448508854
"coimbatore fun cinemas mall la a1 padathukku ponen...canteen la popcorn 270,300,coke 200rs nu vilai yethi vachirukeenga.verum popcorn ku 300 rs kodukira loosu koothi nu nenachuteenga pola..familya cinemavukke kootitu varamudiyatha situation ah adhu maripochu...naama kashta pattu sambarikira panatha ivanga nammala mathika matranga...tamilrockers mattum illama iruntha ticket prize 300 pannirupanga...namma hometheatre vangi ungala padangala parkirathuthan best..tamilrockers and tamil talkies blue sattai avargalukku nandri...",Offensive_Targeted_Insult_Group,Not_offensive,0.40920916744629016
Iths Comment polling stop pannuga daaa...!,Offensive_Untargetede,Not_offensive,0.790236217676624
In the Talab polygon Dabang Nagar Pune,not-Tamil,Not_offensive,0.9000499881405195
AFTER TRENDING PETTA MORE VIEWS THAN VIS VASAM THALAVAR BACK ON FIRE,Offensive_Targeted_Insult_Individual,Not_offensive,0.9418199605851869
"ஜாதி வெறி பிடிச்ச நாய்ங்களா., இப்படம் நாசமா போக வாழ்த்துக்கள்...",Offensive_Targeted_Insult_Group,Not_offensive,0.9874981041224775
"Theatre owner kalukku Rajinidheepanin yecharikai, padathil Rajiniyin katchikal neekavillai yendral enkalukku theriyathu screen kilikka padum",Offensive_Untargetede,Not_offensive,0.9865189562413773
Trailer merala aticithookuthu ellar vayil veralavaikuthu,Offensive_Untargetede,Not_offensive,0.7124602791924238
aiyayooo ithu adutha jillaaa pola... usar aiyyaa usaaru..,Offensive_Targeted_Insult_Group,Not_offensive,0.7107144382813219
நான் அரசியலுக்கு வருவது உறுதி... அட சண்டாளா 20 வருசமா ஏமாதிட்டு இருந்துருக்கான் பாரேன்...,Offensive_Targeted_Insult_Individual,Not_offensive,0.708930786045439
Pavadai kalin kaikuli vijay padatai indukal nangal parka kudathu,Offensive_Targeted_Insult_Individual,Not_offensive,0.8549175678927596
Gotha epo dhan da bigil trailer viduvinga,Offensive_Targeted_Insult_Individual,Not_offensive,0.8436227281542594
Omala inuma daaa jaaathi kooothi nu pesitu irukeenga 🤦‍21st century la irukeenga daa daaaiiiii 🤦‍🤦‍,Offensive_Targeted_Insult_Group,Offensive_Untargetede,0.5063624329183863
Nalaveala antha amma ila.intha A.L vijay naya serupaley adikanum paratheasi paya,Offensive_Targeted_Insult_Individual,Offensive_Targeted_Insult_Group,0.7355588108194908
تحيه للشعب السعوديه العضيم بكل مكان متواجدين,not-Tamil,Not_offensive,0.8362698443689799
16K dislikes Well Done You fucking Vijay fans,Offensive_Targeted_Insult_Individual,Not_offensive,0.617654100709136
Dai enada Ilayaraja music oduma vilankelada,Offensive_Targeted_Insult_Individual,Offensive_Targeted_Insult_Group,0.4460224986486317
Maranam maasu maranam... Toughuu taranumm... Athukku avanthan porandhu varanum...,Offensive_Untargetede,Not_offensive,0.874959922790513
தனுஷ் மாரிசெல்வராஜ் வெற்றிமாறன் பா ரஞ்சித் இவனுங்களால ஜாதி கொடிகட்டி பறக்க போது...,Not_offensive,Offensive_Targeted_Insult_Individual,0.532797637303174
first vijay kooda surya compare panniega da surya chinna payan vijay mass,Offensive_Targeted_Insult_Individual,Not_offensive,0.7795734409343649
உனக்கு யாராது பழைய பிரெண்ட் இருக்காங்களா?... நம்பாத,Not_offensive,Offensive_Targeted_Insult_Group,0.5871371227965237
SE/ST Naiku oru nalla Padam irukum,Offensive_Targeted_Insult_Group,Not_offensive,0.9715557812918999
Oru vazhiya siruththa kitta irundhu thappichachu,Not_offensive,Offensive_Targeted_Insult_Individual,0.33569475453791264
Ennada panni vechirukke editor appadiye kadha full a sollivechirekke,Offensive_Targeted_Insult_Individual,Offensive_Untargetede,0.7401575801810242
Luks lik SAW hollywood movie for sure,Offensive_Targeted_Insult_Group,Not_offensive,0.8635468067535116
Remake pe remake pe remake aakhir kitne remake tollywood,Not_offensive,not-Tamil,0.38942007246735055
Logesh kanagaraj masss thalapathy 64 ku waiting g,Offensive_Targeted_Insult_Individual,Not_offensive,0.8872788205511536
Kaapan movie ha idhu clash Pani irundha kilinchu irukum asith pundai 🤣🤣🤣🤣🤣🤣🤣🤣🤣,Offensive_Untargetede,Offensive_Targeted_Insult_Individual,0.4475567112520147
102k views... 140k liks... How is it possible 🤔🤔,Offensive_Untargetede,Offensive_Targeted_Insult_Group,0.6119724985213282
Thalaivaraaa insult pannurathu remba remba thappu,Offensive_Targeted_Insult_Group,Not_offensive,0.5317077145425133
அட ஜாதி வெறி பிடிச்சவங்கலா எதன பேர் டா ஜாதி சர்பா வாழ்த்து சொல்லுவிங்க நீங்க எல்லா திருந்தவே மாட்டிங்க,Offensive_Targeted_Insult_Group,Not_offensive,0.6221687162337631
Bruce Wayne: Enna simran idhellaam,Offensive_Untargetede,Not_offensive,0.9231839535537586
ஏய்... இது 96 சு.. யார ஏமாத்த பாக்குறீங்க.? என்னடா ஒரு சூப்பர் ஸ்டார் னு கூட பாக்காம பொசுக்கு னு கலாச்சுட்டீங்க..,Offensive_Targeted_Insult_Individual,Not_offensive,0.5561612487026941
Filem malaysia selamat hari lahir abah,not-Tamil,Not_offensive,0.6604434392745265
Hope this is not like Viswasam 🤔🤔,Not_offensive,Offensive_Untargetede,0.3293976009608968
vijay sethupathi nu oru nala actor irundhan ana avanum ipo poramboka maritan,Offensive_Targeted_Insult_Individual,Not_offensive,0.6643379450651625
ரஜினி வச்சு செஞ்சுடீங்க படத்தில் காமெடி கேரண்டி,Not_offensive,Offensive_Untargetede,0.5488613614279627
Etha trailer ena koora nu dislike panriga,Offensive_Targeted_Insult_Group,Offensive_Untargetede,0.37628633950999063
selvaragavan da...13k dislikers um thooku maatitu savungada,Offensive_Targeted_Insult_Individual,Offensive_Untargetede,0.7077117655938289
Vanguraa kasukuu enna velai seiyanumoo atha senjaa pothum,Not_offensive,Offensive_Untargetede,0.41957975100365874
Idhukum 5.9 K dislikes ahh.. viswaasamaana fans pottadhu pola irukey,Offensive_Targeted_Insult_Individual,Offensive_Untargetede,0.4915446863362421
இன்று வந்தவர்கள் பல இங்க எவனும் இல்ல எங்க #தல'க்கு நிகர் இல்ல #VivegamTrailer,not-Tamil,Not_offensive,0.7406665451207726
It's pink with ajith Kumar ka chutiyapa,not-Tamil,Not_offensive,0.9393049941989985
Thiruma kunji kalai cmt box ku azhaikurom🤣🤣🤣,Offensive_Targeted_Insult_Individual,Not_offensive,0.38923836950206303
OMG.. Goose bumps aa gaye,not-Tamil,Not_offensive,0.7418188959326563
Dai nkp traileruku 800k like Singapenne pattukku 765k like da Only thalapathi,Offensive_Untargetede,Not_offensive,0.4439644048574266
day Time la oru frame kuta varlaiye.. the 1st full dark film ah irukumo..🤔🤔,Offensive_Targeted_Insult_Individual,Not_offensive,0.6778244961278787
Ena da aarya va mokka pantiga,Not_offensive,Offensive_Targeted_Insult_Individual,0.6053937838497071
"Batman,superman,spiderman ivanga varisaila mugamoodi? Sk anna- thambi ponga thambi poi oorukula yengala pathi kelunga thambi",Not_offensive,Offensive_Targeted_Insult_Individual,0.7921119144808293
any loosu pasanga irukangala. trailara kurai solla,Offensive_Untargetede,Not_offensive,0.5735883714362225
Super aana nadhuvila en Vijay apparam Ajith Mattum en kalaichi irundenga,Offensive_Targeted_Insult_Individual,Not_offensive,0.6455013493607153
pesi pesi time waste pannama trailer views increase panna parunga,Offensive_Untargetede,Not_offensive,0.710585033521773
Yeppaa aadhi... unaku mandaiyila pirachanai..,Offensive_Untargetede,Offensive_Targeted_Insult_Individual,0.645536801775578
ஜோக்கர்: எனக்கு கண்ட நேரத்துல சிரிப்பு வரும் ஹிப் ஹாப்: எனக்கும்தான் பாண்டியன் ஜனகராஜ்: அங்க என்னடா சத்தம்?,Offensive_Untargetede,Not_offensive,0.482435136219535
Sathi verundri valara itha Padam oru eduthukattu,Not_offensive,Offensive_Untargetede,0.41785371990985964
Legends meets another legend.. Ilayaraja+Beethovan Symphony..,Not_offensive,Offensive_Targeted_Insult_Individual,0.5967294207259636
Perusa perusa hero purichu erukainga 🤣,Offensive_Untargetede,Not_offensive,0.5316312159199641
Yenda Teaser ra vittu kittu irrukangae padhatha eppa da vidue vinga,Offensive_Targeted_Insult_Individual,Offensive_Untargetede,0.7573300971785464
hello...epdi la panna thiga...mathavaga povo...epdi eduthirkae...paaaa...vivegam...vetri vagai sodum,Offensive_Untargetede,Not_offensive,0.747063091242737
Iyarkayave uruvaagura thanakku mattumthanu sontham kondadura urimaya yaarunga kodutha,Offensive_Untargetede,Not_offensive,0.54761535012721
PENKAL METHU VIRALAI VAITHAL VETTA VENDIYATHU VIRALKALAI ALLA THALLAIYA THALLAIYA BAHUBALI 3 DA,Not_offensive,Offensive_Targeted_Insult_Group,0.839563430711216
நாம் தமிழர் அண்ணன் சீமானின் கோவத்தை NGK படத்திள் பார்களாம் NTK...,Offensive_Targeted_Insult_Group,Not_offensive,0.9882271925987492
கண்ணு தெரியாத ஒருவனை சுற்றி கதை நகர்கிறது ஆனா கண்ணு தெரியாதவங்க இந்த ட்ரைலரை புரிஞ்சிக்க முடியாது.. #love this lovable idiot..,Offensive_Untargetede,Not_offensive,0.9839253197366257
Dislike pannavan laam ADMK & NTK thondargal,Offensive_Targeted_Insult_Group,Not_offensive,0.4292718621573079
theri idhu trailer vivegam idhuvum trailer thaan mokka naai asith,Offensive_Targeted_Insult_Individual,Offensive_Targeted_Insult_Group,0.7164963852896593
1000 padam epd vanthalum Paruthi veeran matri padam vaipe ila...,Offensive_Untargetede,Not_offensive,0.5304249884345082
Yaarellam Vadachennai movie alavuku asuran illanu feel panreenga,Offensive_Untargetede,Not_offensive,0.865645266970316
Vijay sir dialogue paathu sirikkaathinga antha scene na cut pannunga...,Offensive_Targeted_Insult_Group,Not_offensive,0.8297449728979188
Ithu padam mathiri illa graphics mathiri irukku,Not_offensive,Offensive_Targeted_Insult_Individual,0.412993799871677
Kaithi paathavanga sollunga kgf mari irukka?,Offensive_Targeted_Insult_Group,Not_offensive,0.6099187273265293
Pathu varusathu ku munnadi enna pannitu irunthean nu theriyathula sir masss,Not_offensive,Offensive_Untargetede,0.5268805849350009
Being Rajinified.. luv from kerala,Not_offensive,not-Tamil,0.44370348789130487
Vadi va August month va unaku periya apppu iruku,Offensive_Targeted_Insult_Group,Not_offensive,0.50539791547364
Trailer is good aana konjam romba overa aah iruku,Not_offensive,Offensive_Targeted_Insult_Individual,0.4148597790357259
Trailer verithanama iruku poran naanum 16yrs ku munnadi pora,Not_offensive,Offensive_Untargetede,0.4601523259227615
Naaa yenna ninakkuranna rajini sir paththi yethavathu pesunaa prabalam aayidulaam polarukku,Offensive_Targeted_Insult_Other,Not_offensive,0.5266588079615526
ennada 3naalku aprm trending... enna pithalaatamaa iruku...,Offensive_Targeted_Insult_Individual,Offensive_Untargetede,0.8621020200539723
HERO TRAILER = LIKE THAMBI TRAILER= COMMENT,Offensive_Targeted_Insult_Group,Not_offensive,0.39491258336910434
at 0:32 pause panni 5sec face ah partha gubeernu sirippu varuthu,Offensive_Targeted_Insult_Individual,Not_offensive,0.8434113914152227
Ida padam ennum ethinu year kalichu varumkungam theringa nala irikum,Not_offensive,Offensive_Untargetede,0.6747322196750695
1:29...Sarkar. Ennana theriyela ellam padathalayum villain thookiye aavanuma?,Offensive_Untargetede,Not_offensive,0.8743894446072121
Ultimatestar ajith valka ultimatestar ajith valka ultimatestar ajith valka ultimatestar ajith valka,Not_offensive,Offensive_Targeted_Insult_Individual,0.7978316455979326
"சாகோ, இன்னும் வீரியமாக இருந்தால் நன்றாக இருக்கும். ஆனால் இதுவே வெறித்தனமான ஒன்றுதான். கதறுங்கடே",Offensive_Targeted_Insult_Other,Not_offensive,0.7948208603821176
Chei ivala oru azhu punda ollal punda,Offensive_Targeted_Insult_Individual,Offensive_Untargetede,0.39262938715014994
"உங்கள் உள்ளுணர்வு பின்பற்றுங்கள் உள்ளுணர்வு தான் உங்களுக்கு சரியான வாழ்க்கைத் துணையை தேர்ந்தெடுக்க வழிவகை செய்யும். பொருத்தமான இருவருக்கு நடுவே உண்மையான காதலோடு, அந்த உணர்வோடு அமைந்தால் தான் அந்த வாழ்க்கை சிறப்பாக இருக்கும். இதுபோன்ற விழிப்புணர்வு படங்கள் பத்தாது. அவர்கள் அவரவர் வாழ்க்கையை பற்றிய சுய அறிவை வளர்த்துக் கொள்ளுங்கள்.",Not_offensive,Offensive_Targeted_Insult_Group,0.7227695604868658
Antha trailer la itha notice panengala mersaluku seema laugh but viswasam Thuku just small laugh,Offensive_Targeted_Insult_Group,Offensive_Targeted_Insult_Individual,0.3621296279621536
0:39🥺🥺 tha yara avan... headphones Oda Oru nimisham bayanthuten,Offensive_Untargetede,Not_offensive,0.36964725487253647
Super Anna maku kavalasindi iedhaa,not-Tamil,Not_offensive,0.9962479448275563
Chiyaan ku all the best..but trailor semma mokkkaa..,Offensive_Targeted_Insult_Individual,Not_offensive,0.9219548255780258
yenda ungalukkellam vera illlayya... summa masuuu therinnnu vengayam... paya pulllaganla padikka vayungada... nalla padigada... velaiyya parungada... likkkuuu punnnakkku..,Offensive_Untargetede,Not_offensive,0.8165520177198408
Har bar alag look yr ohsame only one man Vikram,not-Tamil,Not_offensive,0.5841656653427163
Siva va Rombha scene ah illama iruntha nalla irukkum,Offensive_Targeted_Insult_Individual,Not_offensive,0.7072573409952393
Endaa 41K dislikes? Semma trailer! -Telugu Fans,Offensive_Untargetede,Not_offensive,0.760317399263979
Potta Ajith aamai 9 ali utter flop confirm,Offensive_Targeted_Insult_Individual,Offensive_Targeted_Insult_Group,0.5270192321885587
entha naiku nadakakuda mudiyathu periya buildup,Offensive_Untargetede,Not_offensive,0.3643885054109132
Thalaivaa Mass. Thalaivaa Seeman Jatti poduvaana Ilaiyanu teriyalaiyeh?,Offensive_Targeted_Insult_Individual,Not_offensive,0.9887572500559707
"без пизды, фильм огонь получится!!!",not-Tamil,Not_offensive,0.5202219141943868
Vijay semma mass da nee oru pida,Offensive_Targeted_Insult_Individual,Not_offensive,0.9158774658474
Ethukku da antha Varun ku sambanthame illama oru getup kudukarenga producer na ithellam nanga pakkanuma so waste,Not_offensive,Offensive_Targeted_Insult_Group,0.42224419033203714
Trailer itna mst hai to movie kitna gjb hoga yaar,Not_offensive,not-Tamil,0.9522890195881356
Echa vijay fans'ku serupadi tandaar enga thala(different role),Not_offensive,Offensive_Targeted_Insult_Group,0.4214776801047941
vadachennai teaser likes ah overtake paniruchu,Offensive_Targeted_Insult_Group,Not_offensive,0.825536124736695
saakabothu sandapottu saganum that mean ethavathu nallathu senchittu saganum.. i like dialogue!,Offensive_Targeted_Insult_Other,Not_offensive,0.9128348954495782
Dislike panavan oruthanuku poruthuruka maatan poogada ****************,Offensive_Untargetede,Not_offensive,0.520414864671244
சகிழிய புண்டைகள் மற்றும் பா. இரஞ்சித்த வந்து இந்த பட டைரக்டர்'கு உம்பூ'க. டா #Sc Thayols,Offensive_Targeted_Insult_Group,Not_offensive,0.7754202883315596
"குருமா, ரஞ்சித் பார்த்து கதறுங்க டா",Offensive_Targeted_Insult_Individual,Offensive_Targeted_Insult_Group,0.6069042335144055
Thalaivaaaaaaaaaaa Alludhu style.u...Maassss... Vaera evanavadhu irundhaa Apadiyae vodi poiduu.. Rajinified,Not_offensive,Offensive_Untargetede,0.6482344840403548
Indha vels film producer alumbu thaanga mudila pa...ella padathulaiyum avan thangachi paiyan ah nadikka vittudaraan🤣🤣🤣,Offensive_Targeted_Insult_Individual,Not_offensive,0.46431436684235783
பெண்கள் மட்டும் பார்க்கவும் 8:40 நிமிடத்தில் இருந்து பார்க்கவும் புரியும்,Not_offensive,Offensive_Targeted_Insult_Group,0.510565346999208
Teaser mokkaya irukunu solravanga mattum like pannunga,Offensive_Targeted_Insult_Group,Offensive_Untargetede,0.5984953254218104
Suriya Anna verea levelaaaa bhairava record polichu koduthuu Suriya Annan,Offensive_Untargetede,Not_offensive,0.5234206817083585
Kangana ka face madumakhi ke chatte me aa gaya kya,Not_offensive,not-Tamil,0.9993818858916876
Ivarada mutha tamil cinema kondadanum!!! Inga vilambaram panravanuku than maithipu!!!,Offensive_Untargetede,Not_offensive,0.7243577679893705
Fdfs porathuku munadi litae ah veri ethikirom thalivaaa,Offensive_Untargetede,Not_offensive,0.5931287402880852
Ellam avan seyal padam maadhiriye irke #Vandumurugan,Offensive_Targeted_Insult_Individual,Not_offensive,0.8349601791584464
"டேய் கிலட்டு தேவிடியா அஜித் பசங்களா, நீங்க என்ன டா சொல்றது, எங்க தளபதியோட நண்பன் சூர்யா'வோட சிங்கம் 3 வெற்றி பெற வாழ்த்துகிறோம்டா!!",Offensive_Targeted_Insult_Individual,Not_offensive,0.4666012699511408
Jiva na kuda unna ennomo periya veeran nenaichen enna da posukunu poita kadaisiya eppa hit padam kudutha napaham iruka,Offensive_Targeted_Insult_Individual,Not_offensive,0.4473925484817791
suriya: naan kola passiyila irruken audience: annanuku oru uthaapam,Offensive_Targeted_Insult_Individual,Offensive_Untargetede,0.7806465017532598
Graphics sari illa nu solrathukune oru gang suthum parunga,Offensive_Untargetede,Not_offensive,0.33336603055596875
"Whom do you think, will suit like jayalalitha Nithya menon =like Kangana = comment",Offensive_Targeted_Insult_Individual,Not_offensive,0.9477336992008694
STR🤩🤩🤩VJS yapo da padatha release pannuvinga?,Offensive_Targeted_Insult_Group,Not_offensive,0.682223913289047
Padam erankunathuku aprm director ah pathu oorey sirikum,Offensive_Targeted_Insult_Individual,Not_offensive,0.6583716073770791
You trailer bore adikudu da paaka pakka kovam varudu idelam trailer Karunakaran panaradalam comedy a enna,Offensive_Targeted_Insult_Individual,Offensive_Untargetede,0.48189262870886024
నాకిష్టమైన తమిళ హీరో విజయ్ సేతుపతి సార్ ఫ్యాన్ ఆఫ్ తమిళ్ మూవీ,not-Tamil,Not_offensive,0.8362698443689799
Ne yaruda komalai fans hit like @1:42,Offensive_Untargetede,Not_offensive,0.8980638690960769
இன்னேரம் குறீயிடு குரூப் கிளம்பி என்னென்ன குறீயீடு கணக்கு எடுத்துட்டு இருக்குமே..,Offensive_Targeted_Insult_Group,Not_offensive,0.8071742749604772
enga thala thaanda eppavume gethu meethi ellaarum vethu,Offensive_Targeted_Insult_Other,Not_offensive,0.8485674333016316
Intha Like pichai eduthu enna panna poraanunga🤔🤔,Offensive_Targeted_Insult_Group,Not_offensive,0.7744221799519423
dislike pottavan mirugam avan mobile vedikkum da,Offensive_Targeted_Insult_Other,Offensive_Untargetede,0.7896830940230108
Then mavatathula indha padatha release pannungada papom...,Offensive_Targeted_Insult_Other,Not_offensive,0.6465018366349755
yarellam vivegam teaser. paathutu intha komali teaser paaka vanthinga?,Offensive_Targeted_Insult_Individual,Not_offensive,0.8500373814223291
Last bgm kaththi title BGM Maari Iruku,Not_offensive,Offensive_Targeted_Insult_Individual,0.8180799398091738
thalaivar varum bodhu mezhuguvarthi anajadha paatheengalaa stand. irattai mezhuguvarthi simonukku tharamaana sambavam,Offensive_Untargetede,Not_offensive,0.9218674129320907
🤮🤮Asuran movie satupala adichum ivanuga thirdhala🤮🤮,Offensive_Targeted_Insult_Group,Not_offensive,0.944587050372653
செம்ம... அதிலும் நான் அரசியலுக்கு வரது உறுதி... 🤣🤣🤣,Not_offensive,Offensive_Targeted_Insult_Group,0.4812184761481306
nan arasailyakku varuvathu uruthi... semaiya kalaichutaniga,Offensive_Targeted_Insult_Individual,Not_offensive,0.7084620122672762
#Big Boss V2kula #Kavina #Kathoda Apunane Avan Thane #Hero #Pradeep Antony🤣🤣🤣,Offensive_Targeted_Insult_Group,Not_offensive,0.9596190769452753
இளையராஜா தன்னோட இசையை பயன்படுத்தியதற்கு 96 பட இசை இயக்குனர கொச்சை படுத்துனார். ஆனா இப்ப Beethoven Composition அ BGM போட்டுள்ளார். இது எந்த வகையில் நியாயம்,Offensive_Targeted_Insult_Individual,Not_offensive,0.7811558322618549
Trailer naai kundiya nakuna mathiri eruku,Offensive_Targeted_Insult_Group,Not_offensive,0.44828414078888335
But Y...!!! But Y daa..!! But Y Udaynidhi,Not_offensive,Offensive_Untargetede,0.5297315318361787
Wig paatha Vijay use pannamari irukku,Not_offensive,Offensive_Targeted_Insult_Individual,0.5557880458990414
இளையதளபதி புரட்சிதளபதி இளைய #சூப்பர்ஸ்டார் இன்னும் எத்தனை எழுத்துக்கள் வந்தாலும்🤘 நின்னு அடிக்கும் இரண்டே எழுத்து தல,Offensive_Targeted_Insult_Individual,Not_offensive,0.8200592170693838
Entha music padathu ila ethuko vishiyathu use panirupanga antha trailer ila ah eruku,Not_offensive,Offensive_Untargetede,0.41260382080210395
"Evana pakka Chinna paiyan marri irukkan,,,,,,F*** girl",Offensive_Untargetede,Offensive_Targeted_Insult_Individual,0.5376004042473995
Otha sivakarthikyan Ellam hero waaa??? Nadikveeee theriyathu,Offensive_Targeted_Insult_Individual,Not_offensive,0.41799592803461094
Maranam...massu maranam.toughu tharanaum...adhuku avan dhaan porandhu varum...semma thalaivaa,Offensive_Untargetede,Not_offensive,0.9899166239392603
அசுரன் படம் பார்த்து சாதிவெறி நாயிங்கள் அதுக்கு எதிரா எடுத்திருக்கிறானுங்க,Offensive_Targeted_Insult_Group,Not_offensive,0.9235206282374278
எங்க அப்ப மில்டிரிடா கோலி விளாடவா சொல்லிதருவா,Offensive_Untargetede,Not_offensive,0.4117921171664336
Bigil ku pee pee ya oooooo oooooo,Offensive_Targeted_Insult_Individual,Offensive_Untargetede,0.677493180887713
கண்டவுடன் காதல் செய்யலாம்... கண்டவனையும் காதல் செய்ய கூடாது... தேவராட்டம்(2019) எங்களுக்கு பொண்ணும்(பெண் பிள்ளைகள்) மண்ணும் ஒண்ணு தான்... எது மேல கை வச்சாலும் வெட்டுவோம்... திரௌபதி(2020),Not_offensive,Offensive_Targeted_Insult_Group,0.7404848625641567
Padathtu pathtu naanga tha psyco va suthanum *orae music padam ful ah potu syco akiduvanga.. Ithu vera erkanave keta musiq ah irku #conform psyco tha,Offensive_Targeted_Insult_Individual,Not_offensive,0.6278358747929254
"ithu entha varushamm 2016, naan arasiyalku varuven,hey ithu 1996, yaaraa emathuraa semaaa",Offensive_Targeted_Insult_Group,Not_offensive,0.7029337365189083
தமிழ்நாடு காவல் துறை கவனத்திற்கு இந்த 5.1k dislikes செய்தவர்கள் பெயர் பட்டியல் எடுத்து அவர்களின் பின்னணியை விசாரணை செய்தால் உங்களால் எளிதாக நாடு முழுவதும் பாலியல் குற்றங்களில் ஈடுபடும் மிகப்பெரிய நெட்வொர்க்கை பிடிக்க ஏதுவாக இருக்கும் மேலும் இதில் இருப்பவர்கள் ஏற்கனவே பாலியல் வழக்கில் தொடர்புடைய கைதிகளாகவும் இருக்கலாம்... தற்போதைய கையிருப்பு இந்த 5300 நபர்கள் முகாமிட்டிருக்கும் இடம்: திரௌபதி Trailer Dislike,Not_offensive,Offensive_Targeted_Insult_Group,0.4281198665236182
Ithu 96 sema.anekama bjp rajini mandram antha scene cut pana soli porattam panuvanga padam 100 crore collection confirm,Offensive_Targeted_Insult_Other,Offensive_Targeted_Insult_Group,0.5709466118610698
best under 7000 rupees mobile,Not_offensive,Offensive_Untargetede,0.41715622381822653
Me no so so in love love an,not-Tamil,Not_offensive,0.9132910277281621
Want to see Ajak mama in underwear,Offensive_Targeted_Insult_Individual,Offensive_Untargetede,0.5160228504252736
Yaaru yaarukellam 0:27 la goosebums start aachu??,Not_offensive,Offensive_Untargetede,0.8304011038941806
bayamkaram ga undhi.!!!you will see my rage,not-Tamil,Not_offensive,0.9755162730506586
dear anils itha paarthu mersal aavathinga innum paarka vendiyathu neraya iruku,Offensive_Targeted_Insult_Individual,Offensive_Untargetede,0.5388089947508939
Ithu 96 yara emathuringa I love it,Not_offensive,Offensive_Untargetede,0.45112607575628244
Nearing 11M views...naalaikku LA vanthurum nu nenacha,Not_offensive,Offensive_Untargetede,0.3614506765936681
Viswasam ellam nar nara kizhiya pokuth mass kattreenga thaliver,Offensive_Untargetede,Not_offensive,0.8425142963144866
Karthike ivlo mass ah apa Vijay ku Telugu padam pola irukum polaye,Offensive_Targeted_Insult_Individual,Not_offensive,0.560164740488176
சாதி பார்க்கும் ஒவ்வொருவனும் விபச்சாரிக்கு பிறந்த பிள்ளை,Offensive_Targeted_Insult_Group,Not_offensive,0.6751726422822828
go to hell who disliked this trailer ningela kanu theriathe kurudenatha irukanu ithuku mele eneda ongeluku venu,Offensive_Untargetede,Not_offensive,0.699312979900729
மண்ணு பெண்ணு எல்லாருக்கும் முக்கியமானதுதான் ஒருவனுக்கு மட்டும் சொந்தமல்ல அவ்வளவு மானம் இருந்தா பஞ்சமி நிலத்தை திருப்பி தரவேண்டியதுதானே தமிழ்நாட்டில் உள்ள பாதி ஏரிகள் வயலாக்குனதே நீங்கதாண்டா அந்த ஏரிகளை தூர்வாரவிடாம மடக்குரிங்க அப்படி தூர்வாரப்பட்டால் மண்ணு இருக்காதுடா உங்களுக்கு,Offensive_Targeted_Insult_Other,Not_offensive,0.6286707296997246
இந்த படத்துக்கு எல்லாம் எவன் டா தியேட்டர் தரத்து படம் இது சாதி வெறி பிடித்த புண்ட பசங்களா,Offensive_Targeted_Insult_Other,Offensive_Targeted_Insult_Group,0.5984583021620962
adengapa flightaiyae carala nirutharapula sama chance ilaaaaa...,Offensive_Untargetede,Not_offensive,0.8877988296939394
Adchi Oda vidu ellarayum orama nadandhu varareda enga thala veerama thala bloods hit like her,Offensive_Untargetede,Not_offensive,0.5948059748885189
இந்து மதம் என்பது ஒருவனை தேவடியாள் மகன் என்கிறது ஒருவனை தாழ்ந்தவன் என்கிறது வந்தேறிநாடோடிகளை உயர்ந்தவன் என்கிறது.இந்தநேரத்தில் மோகன் இப்படி சாதிவெறி அரிப்பெடுத்தபடம் ஏன்?,Offensive_Untargetede,Not_offensive,0.9535860056421203
"காலா, கபாலி, அசுரன், பரியேறும் பெருமாள் இத்தனையும் சமூகநீதிப்படம்னா...*த்தா இது மட்டும் எப்டிடா ஜாதிவெறிப்படமாகும்... Proud Hindu & சைவ வெள்ளாளர் சமூதாயத்திலிருந்து இப்படம் வெற்றிபெற வாழ்த்துகிறேன்...",Offensive_Targeted_Insult_Group,Not_offensive,0.9888101822895222
TN ELECTION RESULTS IN PETTA TRAILER ITSELF. RAJINI LIKES - 592K OPPOSITION LIKES-46K,Offensive_Targeted_Insult_Individual,Not_offensive,0.9624892654179155
Romba nerama pakuren 467299views la nikkuthu... ena da paninga ethavathu panitingala ena...,Offensive_Untargetede,Not_offensive,0.606818981313658
Rajini power # ipo itha lusu pasaga jam Ravi and producer director s gu purichurugum...,Offensive_Targeted_Insult_Group,Not_offensive,0.41264573398019305
"Police da police, vechu seiya poran",Offensive_Targeted_Insult_Group,Offensive_Untargetede,0.3442129213403489
Yenga ipa lam payan thaan ga yemaruthan. Payan yemarurathu veliya thyrela ponu yemantha matum ipadi kuthikiringa oonmaya kathalicha pasangala yematha thana saiuthu intha oolagam jathiya kati,Not_offensive,Offensive_Untargetede,0.6104704131436279
Saaho 10m in 28 hours. Asit ajakkuku saavu mani adichitu poitaaru namma Bahubali.,Offensive_Untargetede,Not_offensive,0.9818176797795949
அடுத்த சர்க்கார் மாதிரியே half boil வரப்போகுது இதுக்கும் இங்க சில்லறை சிதற விடபோராணுங்க,Offensive_Targeted_Insult_Group,Not_offensive,0.615950008569153
Gajini - decent laugh Mersal - Gubeer laugh Viswasam - smile,Offensive_Targeted_Insult_Group,Not_offensive,0.6383546365720021
"10,7 Mio Aufrufe 400 Tsd. Likes 22,7 Tsd. Kommentare #2Point0Trailer",not-Tamil,Not_offensive,0.9315658842404746
"mass dialogue...########## Mass teaser...#### surya veriyan##### singam singam 🦁🦁🦁🦁duraisingam seerum engum...vada↔ vada ↔vada... mass dialogue: na paathathalam thingara onaai illa,pasicha mattum vettaiyadra singam🦁, kola pasila irukan ethu kedaichalum vettaiyadra verila irukan,ethurula evan vanthalum eari methichittu poite irupan singam da",Offensive_Untargetede,Not_offensive,0.5898084545106138
ட்ரைலர் செம்ம அந்த குருப்ஸ் கதற போகுது,Not_offensive,Offensive_Targeted_Insult_Group,0.8798183689186695
1st trailer looked stupid this looks dumb,Offensive_Untargetede,Not_offensive,0.8320772830771828
Ennada MAN OF STEELE bgm la poderinge!! 🤣 🤦‍,Not_offensive,Offensive_Untargetede,0.576869685339141
Boom boom robo da robo da🤖🤖🤖🤖🤖🤖🤖🤖,Offensive_Untargetede,Offensive_Targeted_Insult_Group,0.5178559751605735
Dei vaani bhojan ku la fan iruka da,Offensive_Targeted_Insult_Group,Not_offensive,0.7888930455847393
Music engayo kae ta madhari irukae,Offensive_Untargetede,Offensive_Targeted_Insult_Group,0.3175276200792593
அஞ்சாதே+யுத்தம்செய்+பிசாசு அப்டியே கொஞ்சம் துப்பறிவாளான் எல்லாத்தையும் மிக்ஸ் பண்ணா #சைக்கோ... நல்லா வருவீங்க..!!,Offensive_Targeted_Insult_Group,Not_offensive,0.924497267160533
Bgm score avlo serappa illa sam dei yeppa pathalum bgm gura perla kathitae iruka,Offensive_Untargetede,Not_offensive,0.6422064126012476
முதல் தடவையா தமிழ் பட trailer பாத்து Hollywood காரன் copy அடிச்சிருக்கான். Watch MORBIUS(2020) Trailer.,Offensive_Targeted_Insult_Other,Not_offensive,0.8897084690328958
Enikoru doubt.. kadaram kondan um drivanatchathiram vm rand cnma aano.. atho onnaano,Offensive_Untargetede,Not_offensive,0.790354752615066
"AMBEDKAR, KAMARAJAR Okay.. Adhu yaaru Velu nachiyaar thevudiya",Offensive_Targeted_Insult_Individual,Not_offensive,0.7771776515269281
Kekka bekka short film ah idhu Ada paaavingala,Offensive_Targeted_Insult_Other,Not_offensive,0.5033313243520384
yaarulam trailer start agurathuku munnadiye like potathu..!!,Offensive_Untargetede,Not_offensive,0.8002449165411635
Gorilla movie Potta Pola Bgm poduringa konjam mathinga,Offensive_Targeted_Insult_Individual,Offensive_Targeted_Insult_Group,0.3211882713024231
open challenge ninka vijay annava odunaa naanka Ajith annaava oduom,Offensive_Targeted_Insult_Group,Not_offensive,0.7817505377088516
Oatha ommala ennada bgm omma thevdiya payya,Offensive_Untargetede,Offensive_Targeted_Insult_Group,0.5064212337695858
teaser nalla thana iruku.. idhuvum palaruku pidikala pola.. ______ oru polapu:p,Offensive_Untargetede,Offensive_Targeted_Insult_Group,0.4898187820895252
"Naattai paarpana koottam gaali pannitu iruku... paarpana adimai naada mathinu iruku...BC,MBC idavodhikeeda thookitan 3% parpananga 10% reservation vaangitan...namaku padipilum velaivaaipilum idam illa...naama ellarum soothira pasanganu sollitu irukan avana ethirkama innum ethana kaalathuku da antha paarpanargal sonna jaadhiya pidichikiitu thongikitu irupinga muttalgal!!!",Offensive_Targeted_Insult_Group,Offensive_Untargetede,0.37336848552146956
நாங்க தாழ்த்தபட்டவர்கள் அப்படினு சொல்லலிட்டு எல்லா தப்பையும் பண்றவனுக்கு செருப்படி இந்த படம்,Offensive_Targeted_Insult_Group,Not_offensive,0.8715542768489896
Perfect dialogue ஓவியம் வரையரவன் தன் பிள்ளைக்கு என்ன சொல்லி தருவான்... ஓவியம் வரைய... எங்க அப்பா militaryகாரன் டா... கோலி விளையாடாவா சொல்லி தருவான்...,Offensive_Targeted_Insult_Other,Not_offensive,0.972249517866875
ஒரு நாள் எழுந்து வருவோம் பொறுத்திருந்து பாறு ஒனக்கு மூக்கனா கய்றா மாட்டி ஓட்டிடுவோம் ஏறு,Offensive_Targeted_Insult_Group,Not_offensive,0.9388415212435169
உண்மைநிலையில் பணமாகும் dic vijay waste... மூளை இல்லை என்பது உண்மை...,Offensive_Targeted_Insult_Individual,Offensive_Targeted_Insult_Group,0.5094522061776761
Ithuku Deepa akkavaye nadika vachirukalam,Not_offensive,Offensive_Targeted_Insult_Individual,0.6320589923578513
Theatre ulla poi movie parkura varaikum paartha piragum kooda trailer paarkuratha niruthatheenga,Not_offensive,Offensive_Untargetede,0.4402417110438141
Evan da music nu keka thonuchu..Pradeep..well done..soul stirring..,Offensive_Untargetede,Not_offensive,0.9363271180134936
Hello You Tube Ennassu Irukkireenkala? Allathu Seththupoddinkala??,Offensive_Untargetede,Not_offensive,0.6832372970236876
SARKAR FDFS Leaks SARKAR TEAM,Offensive_Targeted_Insult_Individual,Not_offensive,0.911974647176438
"Psyco 1960 Hollywood la vandhuruku. Andha moviya remake pannitananunga Pola,",Offensive_Targeted_Insult_Group,Not_offensive,0.39807546392045584
இது தலித் எதிரான படம் மட்டும் அல்ல தோழர்களே ஒட்டுமொத்த பென் இனத்தையே கேவலப்படுத்தும் படம் தலித் இளைஞர்களை(மக்களை) பொது மைய நீரோட்டத்தில் இருந்து புரந் தள்ள வேன்டும் என்பது அவர்களது கனவு அதர்க்காக தன் சமூக அக்கா தங்கைகளை இப்படிய அசிங்கபடுத்த வேண்டும் த்து...,Offensive_Targeted_Insult_Group,Not_offensive,0.6610589546919702
Who is watching after seeing movie? Indha madhri pichayedukara velai yenthanai peru kelamirukinga??,Offensive_Untargetede,Not_offensive,0.863711637956234
Bangam bangam bangam... Reflecting true situation,Not_offensive,Offensive_Targeted_Insult_Group,0.5058603730601475
Dislike pottavan yellam rajini fan pola..20varusam kalichu solvanga idhu 96 dhana nu...appo therium,Offensive_Targeted_Insult_Group,Not_offensive,0.48827015362860454
Bhavesh Joshi enna Hindi padam mathiri irukke,Offensive_Targeted_Insult_Individual,Offensive_Untargetede,0.6754515225909786
Apna mental giri dikha di yahan bi kanchana radawat,not-Tamil,Not_offensive,0.5270940903021074
Indha padamavadhu Vikram ku odanumnu nenaichen...trailer paatha udane andha aasaiyum pochu...che,Offensive_Untargetede,Not_offensive,0.4296407505716489
worst teaser!! enna da kuppai lorry ah otaran...? lol varlam va varlam va lol:P thu,Offensive_Untargetede,Not_offensive,0.41706415931802926
Intha pundaiku than built up da,Offensive_Untargetede,Not_offensive,0.5393616563740606
0:14Ulla ponavan yellam உல்லாசமாதான் இருக்குரானுக velila irukkuravanga than sethukittu irukkanga,Offensive_Targeted_Insult_Other,Not_offensive,0.9646697399146003
அப்பாடா கடைசியா யோகி பாபு தலை சீவி நல்ல getup ல நடிக்க வச்சிருக்கானுக,Not_offensive,Offensive_Targeted_Insult_Individual,0.6004314624133239
சாதிவெறி தேவிடியா பையலுகளா எழுதிவச்சிகோங்க டா இன்னும் 30 வருடம் தான் அப்பறம் உங்க சாதி புண்டலாம் ஒழிஞ்சிடும் உலகம் எப்படி வளருதுனு தெரியல குண்டு சட்டில குதிரை ஓட்டிட்டு கதறிட்டு இருக்கானுங்க...,Offensive_Targeted_Insult_Group,Not_offensive,0.6412665422050738
lovedd as looott justb say out standinggggg malayalam ITH AVANEMEDAAA TRAILLERRRR,Not_offensive,not-Tamil,0.7790685836894075
விஜய தல மூத்திரத்த வாங்கி குடிக்க சொல்லுங்க,Offensive_Untargetede,Not_offensive,0.8295825718752465
Indha padattha patthukkuttu irukkum podhu un ootu ponna thookkikittu poira porano patthu siringada...,Offensive_Untargetede,Not_offensive,0.5374487701312304
Enum nala Pani irukalaam orginal pink trailer Pathu compare pana it's ok only,Not_offensive,Offensive_Untargetede,0.688891644766418
When AJITH fans turn into Broker Mama for Kaidhi...Dai Mama's Kaidhi yum Engaluku Jeikanum #THALAPATHY64,Offensive_Untargetede,Not_offensive,0.5704368081920564
Teaser onnum avala paingaramala Illa average than,Not_offensive,Offensive_Targeted_Insult_Group,0.38141658997412997
better luck next time!:D:D:D,Offensive_Targeted_Insult_Other,Not_offensive,0.720191337133627
Ivana pakkum pothu Ellam jallikattula pathila odiponathu than niyabhagam varthu... Ivan intha rj balaji... Chai worst fellows da ninga,Not_offensive,Offensive_Targeted_Insult_Individual,0.38642118500271805
Mohanlal dialogue delivery Summaar thaan irukk... Oru Punch kidakkamaattirinke...,Offensive_Targeted_Insult_Group,Not_offensive,0.5462928458220117
Oru vela intha movie bigil ku mundai vandhu irundha atlee inum konjam nala yeduthu iruparu pola...!!,Not_offensive,Offensive_Targeted_Insult_Individual,0.4951731849467362
adeiii bangam semmmmmaaa masss da deei,Not_offensive,Offensive_Targeted_Insult_Group,0.45502441299893065
Ponugala kaapathanum Mathikanumna.. muthala ponna boga porula kaatura cinema va olikanum.. Yecha pasangala.. Cinemena dangerous for society,Offensive_Untargetede,Not_offensive,0.673513062056995
Joaquin Phoenix:DEI AADHI DAA(Baasha bai moment),Not_offensive,Offensive_Untargetede,0.4134155731303753
தலைவா போய் கிழவா ஆய்ட்டார்....Nice Toappa...,Offensive_Targeted_Insult_Individual,Not_offensive,0.9504445461147141
Evadra vadu dislike kottinadhi...chuuuth salaaa... Terroristss,not-Tamil,Offensive_Untargetede,0.7455125606233796
Yaenda potta nayungala yevanda adhu trailer KU dislike potadhu..,Offensive_Untargetede,Offensive_Targeted_Insult_Group,0.337846682766718
Yes thalaivar kolai kandula irukaru irangna adiknum,Offensive_Untargetede,Not_offensive,0.6414082831886404
நான் அரசியலுக்கு வருவது உறுதி தலைவா உன்ன போற வர்றவன்லாம் கலாய்க்குறான் தலீவா...,Offensive_Untargetede,Not_offensive,0.6317404410267772
Dai ranjith... Ippo pesuda...,Not_offensive,Offensive_Targeted_Insult_Individual,0.8723924332046461
Irumugan maathiri feel aachu solluravan like poodu,Offensive_Untargetede,Not_offensive,0.9720745723398704
Jeyalalitha VA photo la yaachum paarthurukeengala,Offensive_Targeted_Insult_Group,Not_offensive,0.7270041424511099
Rajniya vachu senjing in last bit,Offensive_Targeted_Insult_Individual,Not_offensive,0.6223402872756203
Neengal thalayel erunthu peranthavargal nangal kalil erunthu peranthavargal magaparadham solgeradhu ok nangal nadagam kadhal seivadhillai nadagathel thathan kadhal perakkudhu,Offensive_Targeted_Insult_Group,Not_offensive,0.9802360707178822
Gotha dislike panna pundaiyellam pannada badatha irukkum,Offensive_Targeted_Insult_Group,Not_offensive,0.6200892629940952
Chinna vayusaula erila kuzhipola Anga Pola Adhu Mela than nadakurom,Offensive_Targeted_Insult_Group,Not_offensive,0.4955983939183749
Teaser pathutu olu otavanungala oora vitu odungada,Offensive_Untargetede,Not_offensive,0.8546515113278874
Oru raksha illa Mone kaithiii uff,not-Tamil,Not_offensive,0.3826527877430903
அனைத்து மக்களும் பார்த்து பா.ராஞ்சித் முகத்தில் காரி துப்பவும்,Offensive_Targeted_Insult_Individual,Not_offensive,0.9711067749605355
Poi appa character iruntha nadika solluga setaaa agala 2.o mass ithu pushhh,Offensive_Untargetede,Offensive_Targeted_Insult_Individual,0.7445246612019083
நீங்க சீண்டிகிட்டு இருக்கிறது அமைதியா படுத்துகிட்டு இருக்கிற புலிய பாய ரெம்ப நேரம் ஆகாது,Not_offensive,Offensive_Targeted_Insult_Group,0.7105665376354086
dai movie la ega da nerya scen kanummm,Offensive_Targeted_Insult_Group,Offensive_Untargetede,0.8484574207955636
Naan yaaru ennurudha eppavume naan mudivupanuruthilla... En edhurula nigakaravanga thaan mudivupanuvanga... Naan avangalluku naanban-ah illa ethiri-ah...,Offensive_Untargetede,Not_offensive,0.969923242964714
Did rajini sir was so old in 1996. Bosadeke,Offensive_Targeted_Insult_Individual,Not_offensive,0.5836794817288158
KK na KK na yaare...? King of Kollywood,Offensive_Untargetede,Not_offensive,0.6712519855855992
அடங்க மறு...அத்து மீறு...இப்போ comments la itthana சமூகம் அவுத்து காமிக்கரணங்...என்ன பண்ண போற?,Not_offensive,Offensive_Targeted_Insult_Group,0.8699662350649051
Market illatha dog la vaai pesuthu pannada Ravi,Offensive_Targeted_Insult_Individual,Not_offensive,0.8390871079622638
Sama music sam cs super trailer Vara level ku thariya bgm karanam super ji,Offensive_Untargetede,Not_offensive,0.9874877597689671
Rajni eppo da 1996 la arasiyalukku varenu sonnaru... I think Comali team eh 1996 la comala irundhu Vera yaro solra thappana thagavala kettu padam eduthu irukkangalo... Oruthangala pathi therinjittu olarama padam edukka try pannunga team...,Offensive_Targeted_Insult_Group,Offensive_Targeted_Insult_Individual,0.7699879196960515
Teaser kandittu ithu marana mass iteam aayirikkum jillayill vannna lalettan aayirikkillllaaaaa... Athu pole thannne nammude swantham suryiayude pwoli performanceum kaanumwaitingggggggg...,not-Tamil,Not_offensive,0.7780484754192517
திருமாவளவனையும் ராமதாஸையும் கைது செய்து கட்சிகளை தடை செய்தால் தமிழகம் அமைதி பூங்காவாக மாறும்... தமிழினம் காப்போம்...,Offensive_Targeted_Insult_Individual,Offensive_Targeted_Insult_Group,0.4894444641000458
22k dislikes oru vela visay pans a irupanugalo,Offensive_Targeted_Insult_Individual,Offensive_Targeted_Insult_Group,0.44043207906732623
Trailer nalaa thaa iruku anaa ungalaa mari nangalaum trainkuu bomb vaichaaa KAAPPAANUU solla matrangaa THALIBAANUU soluvangalayee 🤣🤣🤣🤣🤣🤣,Offensive_Targeted_Insult_Group,Not_offensive,0.7861368318333526
Padam confirm floppu sorry no disrespect,Offensive_Targeted_Insult_Group,Not_offensive,0.8974202317006779
படம் பெயர் mental nu வச்சி இருக்கலாம்,Offensive_Untargetede,Offensive_Targeted_Insult_Individual,0.4470645959380007
Appu gelah ipol lam pombelah kadike kastum.. Kadichethu vechi santosama irugeh,Not_offensive,Offensive_Targeted_Insult_Individual,0.4874970445525851
Ranjith vanthu karthik suburaj kita vangi kudi da.. Ithan padam.. Ithu than trailer,Offensive_Targeted_Insult_Individual,Not_offensive,0.6192739612550175
"After nadodigal 2 relese review- nadodigal 1 tha best, Antha alavuku ilai, sasikumarum anjaliyum kathikitae irukaga",Offensive_Targeted_Insult_Group,Not_offensive,0.7717711287239086
Kal 3 packet noodles khayi thi BC tab bhi isse kam tatti kari aaj,not-Tamil,Not_offensive,0.4919706495481256
Padam pattu trailer vachu compare pannravaga yaarum irukingala,Not_offensive,Offensive_Untargetede,0.3558290418694272
poradakudathu nuu sonna rajni lusu pundayaa...karnataka kee thorathee adipom...ini tamil Nada tamizhan thaan aalaanum,Offensive_Targeted_Insult_Individual,Not_offensive,0.3852032951552815
teaser.. Suma paka massss...ajak fans vairu eritha,Offensive_Targeted_Insult_Group,Not_offensive,0.8655521500213972
Enna da hip hop Thalapathy padathukku srikkura thala padathukku srikka matraa,Offensive_Targeted_Insult_Individual,Not_offensive,0.9364009164029153
Mokka Thu... Ena solradhu coffee sollunga thatha kum pethikum loves...,Offensive_Targeted_Insult_Group,Offensive_Untargetede,0.5832900573369606
sambhavam? sir etha mean pannurenga,Offensive_Untargetede,Not_offensive,0.9545144621899646
என்ன மயிரு ட்ரைலெர்ட்டா இது ஒன்னும் புரியல 🤦‍,Offensive_Untargetede,Not_offensive,0.45383834669915907
Sir trailer please Hindi mein dubbing karao,not-Tamil,Not_offensive,0.46221411024611325
Tharamana sambavam great vetri maran and dhanush,Offensive_Targeted_Insult_Individual,Not_offensive,0.9753854889952901
Iron man ku voice koduthu. Movie ah kevalapaditala. Entha movie flop aerum,Offensive_Untargetede,Offensive_Targeted_Insult_Individual,0.6464357141383931
Padam pathathukku appuravum trailer pathavunge like podunge fan from kerala,Offensive_Targeted_Insult_Other,Not_offensive,0.9852479872178024
Trailer bangam youv shankar yepaya ni ippadi oru padam rajini vechi yeduka pora yepapar robo gobo ni poya,Offensive_Untargetede,Offensive_Targeted_Insult_Group,0.4415266655667198
Adei dhaadi vacha aala paatha anbumani ramadoss maathri iruke,Not_offensive,Offensive_Targeted_Insult_Individual,0.46182893868975283
கமண்ட்ல கூட சாதி கூதி னு வாழ்த்து சொல்ல வந்துதானுங்க..,Offensive_Targeted_Insult_Group,Not_offensive,0.9328829322386721
Enangada NKP theme music ah potu vachirukinga,Offensive_Untargetede,Not_offensive,0.5528255731075205
121k like 92k views enna வெறித்தனம்,Offensive_Untargetede,Not_offensive,0.6117346054124028
Hope it is not Rekka 2,Offensive_Targeted_Insult_Individual,Not_offensive,0.46694583321636307
Nearing 4M views... semma allu for dhukka deepavali fans...,Offensive_Targeted_Insult_Group,Not_offensive,0.9901166713978805
Daii Suriya ku heroine enga daw???,Offensive_Targeted_Insult_Other,Not_offensive,0.7589631975539308
Arjun sir and sk padam yeppadi irukkum,Offensive_Targeted_Insult_Other,Not_offensive,0.9104581180193049
THALAPATHY KU NERAYA SIRIKIRAN 🤣 THALA KI KAMMI AH SIRIKIRAN 🤣 ADHA YAARU KAVANISHINGA,Offensive_Targeted_Insult_Group,Offensive_Targeted_Insult_Individual,0.444601126842827
இப்போதான் அங்க ஒருத்தன் குத்துது குண்டி எரியுதுன்னு சொல்லிட்டு வருவான்,Offensive_Targeted_Insult_Individual,Not_offensive,0.931331676968725
Hip hop tamizhakku disease varathu because Vaai vittu sirithal noi vittu povum,Offensive_Targeted_Insult_Individual,Not_offensive,0.5195886559754701
Na oru thalaivar veriyan...intha padam pakanum innu nenaichen...ahna trailer pathuttu mudivu pannitten..kandippa padam pakka matten.,Offensive_Targeted_Insult_Group,Not_offensive,0.9866340645655063
Aiyooo thookam kuda varamatikidhu da.. Thala ya paathute irukanum pola oru feel uh,Not_offensive,Offensive_Untargetede,0.5157812268890595
thalaiva unaku epadhan vayasu agum?,Offensive_Targeted_Insult_Individual,Not_offensive,0.9327770828267015
ஒரு திருட்டு நாய்க்கு இந்த வீடியோ போட்டு காட்டுங்க...,Offensive_Targeted_Insult_Other,Not_offensive,0.902841537329335
Dei intha soori innum intha comedyellam vidalayaada,Offensive_Untargetede,Offensive_Targeted_Insult_Individual,0.6726768601307319
Karnataka Rocky Bhai (Yash) Fans Hit likes,Not_offensive,not-Tamil,0.8029072560146995
Kola verila erukan...ranjith mela...kolaama vidamaten avana...,Offensive_Targeted_Insult_Individual,Offensive_Untargetede,0.869650173930703
duniya ka sabse bda admi shah rukh khan zero best 2.0 bekar,not-Tamil,Not_offensive,0.6822942353848286
ethirile evan vanthalum eeri methichitt poyitte iruppe,Offensive_Untargetede,Not_offensive,0.8735361408740476
நாடோடிகள் பார்ட் 1 போல இந்த படமும் ஹிட் அடிக்கிறது கஷ்டம் தான் பா sorry,Offensive_Targeted_Insult_Group,Not_offensive,0.980692636527001
Dislike பன்னுன அனைவரும் அடங்கமறு குருமா பாய்ஸ்தான் இருக்கனும் நெனெக்கிறேன்,Not_offensive,Offensive_Targeted_Insult_Group,0.5258773461429296
Mgr - Rajini - vijay... justified,Not_offensive,Offensive_Targeted_Insult_Individual,0.7225839966200232
okkkala oli... finishing la vara bgm... vayiru kalakirchu vera level,Offensive_Targeted_Insult_Group,Not_offensive,0.9060912620219738
Ongammala kuttu va pundaila vadai sudurom,Offensive_Untargetede,Not_offensive,0.562743752147465
4 dislike potta antha arrivali ga yaru,Not_offensive,Offensive_Untargetede,0.8717009707315315
Enakku bgm pudikkala waste bgm old bgm,Offensive_Untargetede,Offensive_Targeted_Insult_Group,0.3198507151667713
Last sounds looks like kathi tunnel out sound,Offensive_Targeted_Insult_Individual,Not_offensive,0.29626274366965205
"Singam illa asingam, Marana mokka trailer",Offensive_Targeted_Insult_Group,Offensive_Targeted_Insult_Individual,0.6747255771331628
Ivaru periya jokeru ellathukum sirikiraru poda dei,Offensive_Untargetede,Offensive_Targeted_Insult_Individual,0.8472637982690042
Ith polikkum jayan ravi kidukki Frm kerala Waiting miruthan 2,not-Tamil,Not_offensive,0.6071949916401743
எங்க வீட்டு பெண்கள் தான் எங்களுடைய கௌரவம். என் வீட்டு பெண்ணை தொட்டா கண்டிப்பாக வெட்டுவேன். ஒடுக்கப்பட்ட சமூகம் என்ற போர்வைக்குள் அவர்கள் செய்யும் அநியாயங்களை தட்டிக்கேட்கும் இந்தத் திரைப்படம். தஞ்சை - கள்ளர் மறவர் அகமுடையார் ஆகிய முக்குலத்தோர் சார்பாக இத்திரைப்படம் வெற்றி பெற வாழ்த்துகிறேன். பசும்பொன் முத்துராமலிங்கத் தேவர் தெய்வமாக துணை நிற்பார் வாழ்த்துக்கள்,Offensive_Targeted_Insult_Group,Not_offensive,0.9670416595469306
Ithokke dislike adikkan vendi kure myrukal,Offensive_Targeted_Insult_Other,Offensive_Untargetede,0.6707083635981674
Indh domer eniki kathuratha nipatrano aniki dha urupaduvan!!!chaiii,Offensive_Untargetede,Not_offensive,0.8243888138655427
Tamil mindunna oru PM. Ayale kakkan varuna oru Tamil MIndunna black cat. Villain Mar okke Tamil MIndunnu. First half avar hero ine adikkunu. Second Half hero thirichadikunu. 5 fight. 4 paatu. OK padam.,Offensive_Targeted_Insult_Group,Not_offensive,0.7175124490932662
இந்த டிரைலருக்கு வாழ்த்து சொல்லும் எல்லோரும் தவறான வழியில் பிறந்தவர்கள் என்று சொன்னால் அது மிகையாகாது...,Offensive_Targeted_Insult_Group,Not_offensive,0.6918815193552341
indha padathukaprom aadhi sirikradhu na ena ney marandhruvar,Offensive_Targeted_Insult_Individual,Not_offensive,0.8586918888089878
Lalettan Surya Lalettan fans Surya fans undengil like,not-Tamil,Not_offensive,0.7684696657226577
Wow. Ithu 96 yaara yamatha paakkura,Offensive_Untargetede,Offensive_Targeted_Insult_Group,0.6459603384060235
அரசியல் padam ந அது சர்கார் படம்தான் அரசியல் வாதி ga. மக்களை epdila முட்டால் laga yamathitu irukkanuga னு sarkar படத்துல தெள்ள தெளிவா kattirupanga sarkar movie ல வர Mathiri tha. ipo namma naadtoda nilama,Offensive_Targeted_Insult_Group,Not_offensive,0.8498251955535137
"அம்மனம் பெண்ணுக்கு மட்டும் தான் அசிங்கமா???உணக்கு இல்லையான்னு அந்த ஈனப் பிறவியை அம்மணமா கட்டிப்போட்டு உதைச்சிகிட்டே வசனம் பேசியதை, நேற்று நாள் முழுக்க கேட்டுக்கொண்டே இருந்தேன்.. சுமார் 300 முறைக்கு மேல் இருக்கும்",Not_offensive,Offensive_Targeted_Insult_Group,0.7738659025426001
ரஞ்சித் & மாரி செல்வராஜ் = மோகன் நீ வா அண்ணா நாகா இருக்கும் ( dai மாரி செல்வராஜ் & ரஞ்சித் உங்களுக்கு serupu அடி,Offensive_Targeted_Insult_Group,Not_offensive,0.3580544055547579
varlan varlan va bairavaa... dhala fans enga aalaiyee kaanam...,Offensive_Targeted_Insult_Group,Not_offensive,0.9806471782372854
Lowest investment then biggest Money earning offer Any one intrested msg me on whatsapp 7448660012 மிக குறைந்த முதலிடு மிக அதிகமான வருமாணம் விருப்பம் உள்ளவர்கள் தொடர்பு கொள்ள வேண்டிய Whatsapp எண்: 7448660012 நிங்கள் தரும் பணத்திற்கு Na Guarenty,Offensive_Targeted_Insult_Group,Not_offensive,0.9286587730275786
Nadikrathukunu vanthta nadikanum...enniya ithu... old thala,Offensive_Targeted_Insult_Individual,Not_offensive,0.8269333291850772
Finally Kangana Assassinated Jayalalitha,Offensive_Targeted_Insult_Individual,Not_offensive,0.36576131313167265
Rangaraj pande ipodhan theridhu neenga en thandhi tv la irundhu vandhinga,Offensive_Targeted_Insult_Individual,Not_offensive,0.7192957051283123
Eppadithan super hero aakanum endu kadaisila kaanama peithiduvanga.,Offensive_Untargetede,Not_offensive,0.8975043419697754
"Hats off to Mohan, தைரியமா இந்த மாதிரி ஒரு கதைய எடுத்த துக்கு...இது பல சில இயக்குனர்களுக்கும், ஜாதி ஓட்டு வங்கர்துகு சில அரசியல்வாதி, நாய்களுக்கும் ஒரு செருப்படியா இருக்கும்... படம் வெற்றிபெற வாழ்த்துக்கள்...",Offensive_Targeted_Insult_Group,Not_offensive,0.8626854570115828
Tharamana serupadi iruku silla naaygaluku sema,Offensive_Targeted_Insult_Other,Offensive_Untargetede,0.45553618202736856
ஹிட் ஆன படத்த பார்த்து ஃபலாப் ஆக போர படம் சிரிக்கக் கூடாது.,Offensive_Targeted_Insult_Group,Not_offensive,0.9637149169612814
Director name lae iruku...avaroda movie epdi nu...,Not_offensive,Offensive_Untargetede,0.6201607764305342
50 k views 88 k likes epdiya,Offensive_Untargetede,Not_offensive,0.9254085158830357
Ada pavingala nega ninaikura maari ithu caste ah perumaiya pesura padam ila da...padam patha than ungaluku puriyum...athukulaa cmt alluthu ponga..,Not_offensive,Offensive_Targeted_Insult_Group,0.7866968616435361
Enga erukura comments padikirapo pitchakaranuku support pitchankaran comedy than da neyabagam varudhu.. endha naai padathuku support panni ethana naai kathitu eruku,Offensive_Targeted_Insult_Group,Offensive_Targeted_Insult_Individual,0.4128006596910512
மத்த நடிகர்கள இதுவரை பொது வெளியிலோ முறைமுகமாகவோ தன் சினிமாவிலோ கேளியோ கிண்டலோ பண்ணமால் நடித்த ஒரே நடிகர் ரஜினிகாந்த அதானால தான் 40 வருஷமா NO 1 நாற்காலில உக்காந்து இருக்காரு நல்லதே நினை நல்லதே நடக்கும் அதான் தலைவர் #ரஜினி,Not_offensive,Offensive_Targeted_Insult_Individual,0.5169828655864849
Kichadi padhiri ella English padathaiyum mix panni irrukkan shankar. Vera level pavam,Offensive_Targeted_Insult_Individual,Not_offensive,0.9049624514722233
yarelllam Bigil Paathutu Kaithi Pakka POvinga,Offensive_Targeted_Insult_Group,Offensive_Targeted_Insult_Individual,0.8836703435724077
"Trailer... வேற லெவல்... பல நாடக காதலின் உண்மை முகத்தை தோலுரிக்கும் காவியம், பலருக்கு செருப்பை சாணியில் முக்கி அடிக்க காத்திருக்கிறது... First day first show Conform...",Offensive_Targeted_Insult_Group,Not_offensive,0.9197719354475113
Thalaiva.parunga epdi kindal pandranuganu...parthu panunga avlo than soluven,Offensive_Untargetede,Not_offensive,0.8430770206343499
வன்னியர் பெண்களுக்கு மட்டும் இல்ல நண்பா எல்லா சமூக பெண்களுக்கும் தான் நாடக காதலிலிருந்து நிறைய சமூகப் பெண்கள் பாதிக்கப்பட்டு இருக்கின்றார்கள் அவருக்கெல்லாம் இந்தப் படம் சமர்ப்பணம்,Not_offensive,Offensive_Targeted_Insult_Group,0.8243526717569019
நான் யருங்காரத எப்பவுமே நான் முடிவு பண்றதில்லை. என் எதிர்ல நிக்கரவங்கதான் முடிவு பண்ணுவாங்க..,Offensive_Untargetede,Not_offensive,0.8224203269899641
எவ்வளவு கமேண்ட்க்குதான் லைக் போடுறது.. லைக் போட்டு கை வலிக்குது.. கமேண்ட் படிச்சா சிலிர்க்குது.. திரௌபதி மிரட்டுகிறாள்..,Not_offensive,Offensive_Targeted_Insult_Group,0.6492336119383953
Yaara seruppala adikkanum nu thonuthu Like---kaithi Comment-Bigil nu poduravanayaa illa Like---Bigil Comment---Kaithi nu poduravanayaa Like for 1 Comment for 2,Offensive_Targeted_Insult_Group,Offensive_Targeted_Insult_Individual,0.39855147122995205
Cell phone ah kaanoomaaaa appoooo Siva Kumar ah thaan keatkanum..oorela Iruka yellaa phoneayum veri thanama veattayaadraan yaaa🤣,Offensive_Untargetede,Not_offensive,0.6945725643454572
Odra atha Odra atha Vera level bangam,Offensive_Targeted_Insult_Group,Not_offensive,0.9335546305388752
Dei ipo ithu ena pana trending no 1 varum...,Not_offensive,Offensive_Untargetede,0.6686258260160473
Adei indha ulagathula siripu dhan nallathunu nenacha...!! Ini siricha pocha,Not_offensive,Offensive_Untargetede,0.32929574659060473
நாடககாதல் விசிக கும்பலுக்கும் தெருமாவளவன் போன்றவர்களுக்கு செருப்படி,Not_offensive,Offensive_Targeted_Insult_Group,0.4473362609302481
Thirumavalava dai otha... nanga vanniyakula satriyan da.,Offensive_Targeted_Insult_Individual,Offensive_Untargetede,0.8885470192818699
சாதி இருக்க கூடாதுனு தான் இந்த படம். கமென்ட்ல #சாதி சொல்லி போடாதிங்க,Not_offensive,Offensive_Targeted_Insult_Group,0.5661583266958046
நல்லா படிங்க இல்ல திறமையை வளர்த்து ஒரு நல்ல நிலைக்கு வந்த பிறகு காதல கம்பீரமா சொல்லுங்க. நாடக காதல் செய்து எதற்கு பெண் பிள்ளைகளின் மனதை கெடுத்து அவர்கள் வாழ்க்கையை கெடுக்கிறீர்கள். இதை பெண் பிள்ளைகளை பெற்ற தலித் பெற்றோர்களே ஒத்துகொள்வார்கள்.,Not_offensive,Offensive_Targeted_Insult_Group,0.4792616474673602
தரமான செருப்படி சில நாடக காதல் கூட்டத்திற்கு மென்மேலும் வளர வாழ்த்துக்கள்,Offensive_Targeted_Insult_Group,Not_offensive,0.9287555687060184
Seriyana serupadi. Kutham panavam ninchu kuru kurunu irukum. Ponnuga life ha yamathi pala kudumbatha azijudu poravanku serupadi,Not_offensive,Offensive_Targeted_Insult_Group,0.4499803331632572
ஜாதி ஒழிக்க அடுத்தவன் வீட்டு பெண்னைக்கட்டனும் சொல்லுவான்...ஆனால் ஜாதியை ஒழிக்கனும் னா மொதல ஜாதி சான்றிதழ்யும் சலுகை ஒழிக்கனு சொல்லிப்பாரு வாய மூடிப்பான்... எல்லா சமூகத்திலும் ஏழைகள் இருக்கிறார்கள் சாதிப்பார்த்து சலுகை வழங்கக்கூடாது,Offensive_Targeted_Insult_Group,Not_offensive,0.8767098788036345
Nan arasiayaluku varuvathu uruthi... Hey ithu 96 uu yara yamatha pakarenga,Offensive_Targeted_Insult_Other,Offensive_Targeted_Insult_Group,0.5191910677090347
Evanda antha moonu peru dislike pannuthu... Kirukanungaal... Super story...,Offensive_Targeted_Insult_Group,Offensive_Untargetede,0.7466519211113052
Saagarathaa iruththalum senda seinchi saaganum diwali ku,Offensive_Untargetede,Not_offensive,0.8641476759757984
Pa.ranjith mathiri aluka avanukala pathi soona Purachiyama nama panna athu jathiveriyama intha padam theatre la odalana entha padamum odakutathu,Offensive_Targeted_Insult_Individual,Not_offensive,0.5975371116419258
Enge pa Ammai Fans Ah Kannom? Close pannithu Poithangela? Naan Vayya Sonne... HAhahahaha... Poda Ammaingela,Offensive_Targeted_Insult_Group,Not_offensive,0.7296173859145877
Only arjun sir & Ivana ga paka poran Nan,Offensive_Untargetede,Not_offensive,0.5949787296951914
நான் அரசியலுக்கு வருவேன் 🤣🤣 இணுமா நீ வர,Offensive_Targeted_Insult_Individual,Not_offensive,0.7892324671180101
Anils ku vairu eriuthu pola,Offensive_Targeted_Insult_Individual,Offensive_Untargetede,0.35135195520176854
KEKKA BEKKA SHORT FILM...KATHAI ROMBA PALASU,Offensive_Targeted_Insult_Group,Not_offensive,0.5756409534940612
likuu varanummm athu enkalukku mattumthan varanumm.. eppa sollunga nanga nallvangala kettavangala..,Offensive_Targeted_Insult_Individual,Not_offensive,0.7887166642048875
Ennda Kathara Kathu Goi nguthu la Speaker ehh theva illada samy,Offensive_Targeted_Insult_Individual,Not_offensive,0.39071225169376
Tamil fans opinion nodana anta open madidre nive comment madidralro,not-Tamil,Not_offensive,0.6058417650993747
Ada paavingala keka baka keka baka movie scenes da 1st scene aaaa,Offensive_Targeted_Insult_Group,Not_offensive,0.32147472868579813
"Ennnada ending la thee mugam song lite a keekuthu..,",Offensive_Untargetede,Not_offensive,0.8823707117490791
Zero faltu hain lekin 2.0 joss hain,not-Tamil,Not_offensive,0.35289475935750714
Padam full ahh night la eduthurukanga poola,Not_offensive,Offensive_Untargetede,0.6022095408736152
Nobody can equal Surya even kamal,Offensive_Targeted_Insult_Individual,Not_offensive,0.9158274395250584
"Sathiyama ithu ajith pada trailer ah...Kevalama iruku vera level la yethirpathen,,,, disappointing",Offensive_Targeted_Insult_Individual,Offensive_Targeted_Insult_Group,0.3347499090237458
Sir nenga Enna than try pannalum Eli yaanai aagathu,Offensive_Targeted_Insult_Individual,Not_offensive,0.7049174570482736
Rangaraj Pandey: kelviki Enna badil... Ajith: therikavidalamaaaaa!,Not_offensive,Offensive_Targeted_Insult_Individual,0.8694232438400175
Ethu rajini padam illa Karthik padam,Not_offensive,Offensive_Targeted_Insult_Individual,0.5770409244672964
Ad la vara mei trailer super... Surya ku arasiyal padam set avalaiyee boss mokkaya eruku...,Offensive_Targeted_Insult_Individual,Not_offensive,0.5621896276783754
Ithan padatha matum ranjith pathan vairu erum avanku aiyoo unmiya la solitangaleeee,Offensive_Targeted_Insult_Individual,Not_offensive,0.49959858012711944
Mudila daa ennala siripu adakama iruka mudila daa,Offensive_Untargetede,Not_offensive,0.6115316568540723
96 to 2k16... Rajiniya otitingale gap LA,Offensive_Targeted_Insult_Individual,Not_offensive,0.3382994767266438
"டேய் ஒண்ட ரெண்டு வாழை பழம் கேட்டேன் ஒன்னு இங்கருக்கு இன்னொன்னு எங்கருக்கு,, எனக்குத்தான் புறிலையா இல்லை உங்களுக்கு மா",Offensive_Untargetede,Not_offensive,0.4013254139410599
"views 27,likes 512, dislike 7 OMG fake world",Offensive_Targeted_Insult_Group,Offensive_Untargetede,0.7795464995521698
Nenga ippo tha sumo car aa parakka vitenga ana enga thalaivar eppavo parakka vittutaru #vishal da🤣🤣🤣,Offensive_Targeted_Insult_Group,Not_offensive,0.5206153276580912
2:14 mission impossible scene suttutingale da...,Offensive_Untargetede,Not_offensive,0.5051002061461866
ஓவியம் வரைறவன் தன் புள்ளய்க்கு என்ன சொல்லி தருவான் -ஓவியம் வரைய Correct எங்க அப்பா military டா கோலி விளையாடவா சொல்லி தருவான் #NGKTrailer வெறித்தம்...,Offensive_Targeted_Insult_Group,Not_offensive,0.7776609720030976
Kettukanga Thala fans... oruthar mela katra visuvasathula matha vangala kevala paduthathinga,Offensive_Untargetede,Not_offensive,0.7188947781623919
Ratsasan team kita irunthu ipdi oru padam ah,Offensive_Targeted_Insult_Group,Not_offensive,0.8457745888082644
செக்க சிவந்த வானம் கதை: அரவிந்தசாமி அவங்க அப்பாவ கொள்ள ஆளை அனுப்பி சுட்டான்.அனுப்புன ஆளைஅவனே சுட்டான்.அப்புறம் தியாகராஜன் மருமகனை சுட்டான்.அப்புறம் சிம்பு பொண்டாட்டி சாயாவை அருண் விஜய் சுட்டான்.அருண் விஜய் பொண்டாட்டிய அரவிந்தசாமி கஞ்சா கேஸ் ல மாட்டி விட்டான்.அப்புறம் அரவிந்தசாமி மாமனாரை அருண்விஜய் சுட்டான்.அரவிந்தசாமி பொண்டாட்டிய ஜோதிகாவை சிம்பு சுட்டான்.அப்புறம் அரவிந்தசாமி மன்சூரலிகானை சுட்டான்.அரவிந்தசாமியை அருண் விஜய் சுட்டான்.அருண் விஜயை சிம்பு சுட்டான்.கடைசில சிம்புவை விஜய் சேதுபதி சுட்டான்,Offensive_Targeted_Insult_Group,Not_offensive,0.9173423892749877
Mavamey kollama vidamate... ipo sweet sapaporom,Offensive_Untargetede,Not_offensive,0.8132526344241914
Movie nalla comedy ya irukum pola... 🤣,Offensive_Targeted_Insult_Individual,Not_offensive,0.9181547893547752
I did not ever seen a worst movie like this...,Offensive_Targeted_Insult_Group,Offensive_Untargetede,0.7114384020015443
Ajith boss Veathalam for sister... Vivegam for wife... Visvasam for dauter #nerkonda paarvai PUBLIC ku,Offensive_Untargetede,Not_offensive,0.846326440335357
"ALWAYS KINGGG OF YOU TUBE,evanum mothanumnu nenachalum avanukku Manda bathirammm",Offensive_Untargetede,Not_offensive,0.8169303267189065
rava rava rava anil rava birava,Offensive_Targeted_Insult_Individual,Not_offensive,0.3955312064612907
1:22 ennada panni vachi erukinga semma,Not_offensive,Offensive_Untargetede,0.45382142845403967
ennangada panni vechrukeenga enga pandy ve:P,Offensive_Untargetede,Not_offensive,0.498760951597069
Thalaiva....semma..unlike panravan ratham kakki savaan,Offensive_Untargetede,Not_offensive,0.7207611245470411
Simran enabha trishava katlum younga iruku. Wow,Offensive_Targeted_Insult_Individual,Not_offensive,0.9807720601519662
mass vijay ah paathurupinga...actor n mass vijay ah idhula paapinga,Not_offensive,Offensive_Targeted_Insult_Individual,0.7687959280467418
nalla Vela twinkle twinkle little star nu rhymes edhuvum solla la,Offensive_Targeted_Insult_Individual,Not_offensive,0.9275219869376016
"Adapaavihala,, asuran bgm apdiye pottu vachurukan 🤣🤣🤣",Offensive_Targeted_Insult_Other,Offensive_Untargetede,0.420495026944008
Aathiii trailer eh epdi na... padam epdiyo,Offensive_Untargetede,Not_offensive,0.39380861136391554
ஹிப் ஹாப் BGM மரணமா இருக்கு,Offensive_Targeted_Insult_Individual,Not_offensive,0.8849850875776176
தெலுங்கு கொல்ட்டி சமுத்திர கன்னி உன் நாயக்க சாதி வெறிய ஒழி.,Offensive_Targeted_Insult_Individual,Not_offensive,0.9400513271414881
Vera level fight sequence la summa tharama irukkum pola,Offensive_Untargetede,Not_offensive,0.9439453966961331
intha padathuku vera vara soli soluvangalae,Offensive_Untargetede,Not_offensive,0.7035238189395864
Jiski jiski hasi nikal gayi LIKE MARO🤣,not-Tamil,Not_offensive,0.8599513221096063
என்னடா இது bru காபி விளம்பரம் மாதிரி இருக்கு,Not_offensive,Offensive_Targeted_Insult_Group,0.4804003422185497
Audio oda music loud ah eruku,Offensive_Targeted_Insult_Group,Offensive_Untargetede,0.5078784405851509
"Trailer nalla dhan iruku, theva illama en #BIGIL kooda clash-u.",Offensive_Targeted_Insult_Individual,Not_offensive,0.46206530605800994
"Trailer pee punda madhiri irukku. Dei kelattu ajith naaye, nee lam edhukku da innu nadichu engala kolra. 100 k dislikes ku kola waiting",Offensive_Targeted_Insult_Individual,Offensive_Untargetede,0.8736904275276537
"இப்ப தான் சாதி *தி னு வருவாங்க... மக்களுக்காக ஒரு பிரச்சன வரும் போது ஒரு நாயும் வர மாட்டாங்க... இந்த ஹைட்ரோகார்பன், விவசாயம் சார்ந்த போராட்டம் பண்ணும் போது லம் இந்த உயர் சாதி னு சொல்லிட்டு திரியுறவங்க எங்க போவங்களோ தெரியல... அங்க வந்து உங்க வீரத்த காட்டுனா நல்லா இருக்கும்...",Offensive_Targeted_Insult_Group,Not_offensive,0.802525556316854
Love u frm Pakistan surya bahi,not-Tamil,Not_offensive,0.8806048374307918
Rajini look sema mass but trailer mass flop,Offensive_Untargetede,Offensive_Targeted_Insult_Individual,0.6413070937240202
Ivana mathri Nalla nadigana vittu சிவகார்த்திகேயன் ah thukuringaleda..,Not_offensive,Offensive_Targeted_Insult_Individual,0.6492594272219961
Ithe nadodigal 2 vaa yare emathirengge dei nenggelam nala varuvengge da,Offensive_Targeted_Insult_Group,Not_offensive,0.4405144600494026
Sema Violence.. Naangale A certificate tharom... Seekarama release panunga..,Offensive_Untargetede,Not_offensive,0.6767342158148791
Sagadikanum ponnugala emathi kootinu pora naigkaa 100 trailer sema,Offensive_Targeted_Insult_Group,Not_offensive,0.9847385248563544
தன் ஜாதி சார்பா வாழ்த்து சொன்ன கிறுக்கு கூதிகள்ளா ஊம்பிட்ட போனும்னு நினைக்குறவங்க இங்க லைக் பண்ணுங்க.... ஜாதிய பத்தி பேசுரதுதான் படம்னா படம் ஓடாது ஓய்,Offensive_Targeted_Insult_Group,Not_offensive,0.7933421669464186
Mohanlal..laleten fans ille keriva makale,not-Tamil,Not_offensive,0.40051735868078586
அடுத்து புள்ளிங்கோ னு ஒரு படம் எடுங்க,Not_offensive,Offensive_Targeted_Insult_Group,0.4806036245681387
sotta paya nadicha padam peeta,Offensive_Untargetede,Offensive_Targeted_Insult_Individual,0.5963491433168902
Motha padathayum trailer la pota... Padathla Ena da irkum?!,Offensive_Targeted_Insult_Group,Offensive_Targeted_Insult_Individual,0.27429702275977413
"தமிழ்நாட்டுல பறையன் தாழ்ந்தவன்...இந்தியாவில் தமிழன் தாழ்ந்தவன்...உலக அரங்கில் இந்தியன் தாழ்ந்தவன்... அவளோ தா bro... இப்படிக்கு, நீங்கள் கூறும் உயர் சமுகத்தை சேர்ந்த நான்... மேலும் என் சமூகம் என்னவென்று தெரிய வேண்டும் என்றால்?",Offensive_Targeted_Insult_Group,Not_offensive,0.9468330711636299
Baatsha style la yae irukku paaa,Offensive_Targeted_Insult_Individual,Not_offensive,0.7215369766163041
Ready sir kitna mast bolA h,not-Tamil,Not_offensive,0.7861815735653281
Was ist mit den verdammten YouTube Trends los?!?,Offensive_Targeted_Insult_Group,Not_offensive,0.6249878279729821
Engada next Gopi / Varun 🧐,Not_offensive,Offensive_Untargetede,0.47394060568599
"Vazhaila Una Edhirta Kooda Nee thotthu Polam!!! Ana, ORU second kooda nee un Kita thotthu Poga koodadhu!!!",Not_offensive,Offensive_Targeted_Insult_Individual,0.7898324554834977
Dislike podravanga Ena dashku video pakuringa,Offensive_Targeted_Insult_Other,Offensive_Untargetede,0.9107546386950268
Deyh asith kena punde kannadi pundeye mattum kaletiratha kevalama iruku,Offensive_Targeted_Insult_Individual,Offensive_Targeted_Insult_Group,0.5444861609686509
வார்த்தைகள் ஆக பேசுன பிரச்சினைதீராது வாள் எடுத்த தா பிரச்சினை தீரும்,Offensive_Targeted_Insult_Group,Not_offensive,0.5448634495069775
தேவடியா பசங்களா.. சாதி வெறிய வளத்துறீங்களாடா சுன்னிகளா,Offensive_Targeted_Insult_Other,Not_offensive,0.4974269814141425
Bigil ku conform tough kudukum kandipah,Not_offensive,Offensive_Targeted_Insult_Individual,0.6687035650349354
Unlike ah pathaley theridhu Anil s velanu katharunga Da kathariye savunga Da,Offensive_Untargetede,Offensive_Targeted_Insult_Group,0.5358129732396059
"Great vfx, ugly protaginist... Looks like a joke!",Offensive_Untargetede,Not_offensive,0.6566250392203159
Vera leval trailer apo pollachi mettar eppadi neenga pakkuringa bro avanga ellam neenga solra alunga illaye ungalukku oru sattam engalukku sattamma saathi Veri mattum than ungalukku karumam ithula vazhthukkal vera tha,Not_offensive,Offensive_Targeted_Insult_Group,0.6058308331017807
Ada deeeiiiii thalaivar eh vechi senjitangale Kadasila,Offensive_Targeted_Insult_Group,Not_offensive,0.46163991803756477
Trailer la yae padatha paathutan da...dei,Not_offensive,Offensive_Untargetede,0.4825134210582797
indha madhri classy style lam josappu nadikka inum 10 varusham aagum... and indha madhri trailer panradhe andha josappu ku kashtam,Offensive_Targeted_Insult_Individual,Not_offensive,0.42986784559428254
Innum ye trending la varla3.4 m views,Not_offensive,Offensive_Untargetede,0.8040498062399393
Thala-Thalapathi.. scenes.. bhasha rajini laughing dubsmash! Reference illana tamil padamey illaya 🤔 Evalavu thaan story fight vandhalum.. nalla story irukura padamey varamatengudhey 🤔,Offensive_Untargetede,Not_offensive,0.4119484677784634
Padam eppadiyo mayir mari than irukka povuthu..,Offensive_Targeted_Insult_Other,Not_offensive,0.8386618190552309
Oruthar mela viswasatha katurathukaga innoru thara en asinga padithuringa...,Not_offensive,Offensive_Untargetede,0.7463422668686874
Neenga enna mairu movie kooda direction pannikonga but youngrs ah keduthutathinga oorula ellarum aruva vachitu suthitu irukanga,Offensive_Untargetede,Offensive_Targeted_Insult_Group,0.324850667951965
பெண்களை காதலித்து ஏமாற்றுபவர்கள் அனைத்து சமூகத்திலும் இருக்கிறார்கள்...அந்த தண்மையை கொண்ட ஆண்களிடமிருந்து பெண்கள் தற்காத்து கொள்ளும் விழிப்புணர்வு கதையை படைக்களாம்...அல்லது அந்த மாதிரி கீழ் புத்தி உடைய மனிதன் தன்னை உணரும் விதமாக கதைக்களம் அமைக்களாம்...ஆனால் இது போன்ற காப்பாற்றுவது என்ற பெயரில் களவரம் தூண்டுவதும் ஒரு விதமான சாதிய அரசியல்தான்...மொத்தத்தில் அனைவரும் மனிதர்கள்தான் என்ற இயல்பான கருத்துடன் கதைகளம் இருக்க வேண்டும் அன்பே சிவம்,Offensive_Targeted_Insult_Group,Not_offensive,0.8745181336482594
Dai Surya.. idhulam velaikke avadhu. Poi gautham Menon kitta surrender agidu..,Offensive_Targeted_Insult_Individual,Not_offensive,0.4447592978927484
தல் நீ வா மஸு கொலை waiting தல டா வேரா எவன் டா thala daa vijay oruthan thaan wigamaati oora emathuran,Offensive_Targeted_Insult_Individual,Not_offensive,0.8307210889974828
"Mass hero subject unaku set avathu kumaru, hayoo",Offensive_Targeted_Insult_Other,Not_offensive,0.9220520678997798
seri kadaisiya varrathu rajiniyaa illa ms baskar aah,Not_offensive,Offensive_Targeted_Insult_Group,0.3777604560758811
intha padam pudikala na enna sollurathu nu theriyala,Not_offensive,Offensive_Untargetede,0.5864991620113861
Waste Moka nu solravanlam Moka pasanga moka movie paakuravanunga,Offensive_Untargetede,Offensive_Targeted_Insult_Group,0.8814034086478063
Suthama suit ye aagala ya..yow... modhala padatha release pana vidrangala nu parunga...,Offensive_Targeted_Insult_Group,Not_offensive,0.4044781180342412
Saavanumnu irunthaalum sanda pottu saavanum. Bayanthu Kaalla vizhunthu saava koodaathu,Offensive_Targeted_Insult_Other,Offensive_Untargetede,0.9473773420201138
ஆண்ட பரம்பரை எல்லாம் பேசிட்டு இருக்கும் போது இந்த பள்ள பயக ஏன் நம்மட்ட கூட வந்து கத்துறானுவ..,Offensive_Targeted_Insult_Group,Not_offensive,0.6482890197948566
Na arasiyaluku varuvathu uruthi.. hey Ithu 96 yaarai emathureenga.. Semma trailor..,Not_offensive,Offensive_Targeted_Insult_Group,0.4676459529385688
poi antha maavu mandaiyana kootitu vaa,Offensive_Targeted_Insult_Individual,Offensive_Targeted_Insult_Group,0.40106657416651553
Dis like adichavare. Athyam video kanne ennite dis like adikketaa,Not_offensive,Offensive_Untargetede,0.5135059347820703
#Thalapathy64 kola mass ah irukka podhu #ThalapathyVijay #Lokesh,Offensive_Targeted_Insult_Other,Not_offensive,0.753039522972469
ஐயோ இவனா? இவன் கத்தி கத்திப் பேசியே ஆளைக் கொன்னுடுவானே?எல்லோரும் வேகமாக ஓடுங்கள்!ஒரு விசித்திரமான மிருகம் நம்மை நோக்கி வந்துகொண்டிருக்கிறது!,Offensive_Targeted_Insult_Individual,Offensive_Targeted_Insult_Group,0.6116577939662684
You kena tunggu lama lagi untuk tosaaaaaa,Not_offensive,not-Tamil,0.8806438328031709
"எட்டு வருடத்துக்கு முன்னாடி எல்லாம் அஜித் அவர்களின் படத்தின் பாடல் எந்த டீவி சேனல்களிலும் ஒளிபரப்பமாட்டார்கள்.. அஜித் அவர்களுக்கு எந்த விளம்பரமும் செய்யமாட்டார்கள் அவர்களை அனைத்து டீவி சேனல்களும் ஓரங்கட்டினார்கள்.. சினிமா வட்டத்தில் இருந்து ஒதுக்க தொடங்கினார்கள்.. நடிகர் மோகன் அவ்ர்களை ஒதுக்கியது போல் ஆனால் இப்ப? இவரின் பெயர் சொல்லி சொல்லியே பல டீவி சேனல்களின் டிஆர்பியை அதிகப்படுத்திக்கொள்கிறார்கள் அதுதான் தல, அவர்களின் உழைப்பு தன்னம்பிக்கை. தனிவழி. தன்னடக்கம்",Not_offensive,Offensive_Targeted_Insult_Group,0.5851139936902681
Dey enaku viswasam scene sirichathu kuda enaku siripu varala.. 1:22 scene ah paatha udane loudly ah sirichiten da..ennada pani vachirukeenga,Not_offensive,Offensive_Untargetede,0.3916122541624017
vettu vonda Ena pinngal mela kaiyavachinga savu adichuduve,Offensive_Targeted_Insult_Group,Offensive_Untargetede,0.4554437597996133
She looks like a fat mannequin,Offensive_Targeted_Insult_Group,Offensive_Targeted_Insult_Individual,0.8569705266410494
Mokkaya erukku padam flop tha,Offensive_Untargetede,Offensive_Targeted_Insult_Group,0.5551635788402736
ஜாதியாவது கூதியாவது சுன்னிகளா... போட்ட தேவுடியா பெருசுங்களா,Offensive_Targeted_Insult_Other,Not_offensive,0.9626747838210071
96 ல ஆத வசனம் 2016 இல்,Offensive_Targeted_Insult_Group,Not_offensive,0.7393578268271745
Semma semma asuraa namakku thevana namadhan aditchi vanganum,Offensive_Untargetede,Not_offensive,0.962517232230444
Enada panni madhri kootama ivalo Peru irukkinga Singam single a tha varum viswasam Ajith a varum,Offensive_Untargetede,Offensive_Targeted_Insult_Individual,0.4796447580408028
Sathiyama solera Dislike panrava manusaney kidaiyathuga,Not_offensive,Offensive_Untargetede,0.8550432490973316
Oru kunda poddu ellarayum kondudanum. Ivanukal ellaam oru manusarukal. Tamil nadu aliyanum aandava,Offensive_Targeted_Insult_Group,Not_offensive,0.4664280619972901
அருந்ததியர் சமூகம் சார்பாக இந்த திரைப்படத்தை காரி உமிழ்கிறோம்,Offensive_Targeted_Insult_Group,Not_offensive,0.9350027795938851
pub g thumbnail nala iruku onum vitu vaikathinga,Offensive_Untargetede,Not_offensive,0.9339308361872735
2.3k dislikes maaha maanadu grps pola,not-Tamil,Offensive_Targeted_Insult_Group,0.7959631360640741
nalla padam nalla tharamana padam jathi veri mananoi kana padam arumayana padam jathi veri vazhaga 🤦‍🤦‍chaik jathi maruppu thirumanam panna kudathunu nadaga kathal apdinra oru word a use panringada eppa v2la iruka ponnungala asinga padutharamathiri kannadi t shirt la potukunu vanthu emathuranunganu vai kurama solringa antha alavuka namba v2la iruka pombalainga moola illama irukanga 🤦‍🤦‍🤦‍,Not_offensive,Offensive_Targeted_Insult_Group,0.7795221504618035
Inga ellarum Vijay pathi ajith pathi aadhi cmt pannittu irundhabothu oruthavan mattum @1.26 LA iswarya menon shake ah pathutuirundhN,Offensive_Targeted_Insult_Group,Not_offensive,0.8818986121361327
Viswasam bgm + NKP bgm = ASURAN Bgm trailer,Not_offensive,Offensive_Untargetede,0.47681018649106627
Otha kekka bekka short film ah apdiye yeduthu vechi irrukinga...,Not_offensive,Offensive_Untargetede,0.3931508627480292
1.30 ragul preethi kooda sanda poduraru surya Annan,Offensive_Targeted_Insult_Other,Not_offensive,0.49722948810184836
thala fans poramaila solladhinga... unmailiye nalla illanu manasa thottu sollungada paapom.. thalapathy rocks daa...,Offensive_Targeted_Insult_Group,Not_offensive,0.4130830516275833
kangana best yaar kiya look same to same,Not_offensive,not-Tamil,0.5066826839829744
Mr.vandu kort la ipdilaam kaththa kudathu,Offensive_Targeted_Insult_Individual,Offensive_Untargetede,0.5480354388955598
thala ni oru mundham un padam dhandom,Offensive_Targeted_Insult_Individual,Not_offensive,0.44564917545466753
Final touch sema Bangam da dei,Offensive_Untargetede,Not_offensive,0.8066278979861474
Hindi movie a sarukhan nadicha padam apidiyea erukku,Offensive_Targeted_Insult_Individual,Not_offensive,0.7210321988925428
படம் Release ஆனதும் ஏதோ ஒரு ஜாதிய மட்டும் உயர்வாக சொல்ல போரணுக அப்போ இந்த ஒற்றுமை தாயோலிகள் நான்தான் பெருசுனு அடிச்சுட்டு சாவனுகசாதி கூதினு 🤬,Offensive_Targeted_Insult_Group,Not_offensive,0.4472073155213944
படம் பேரு NGK ஆணா எனக்கு கனத NTK யோட மாதிரி தெரியுது. புரியல நாம் தமிழர் கட்சி,Offensive_Targeted_Insult_Group,Not_offensive,0.9712504115214412
BGM Nerkonda Paarvai Madhiri eh iruke,Offensive_Targeted_Insult_Individual,Not_offensive,0.8857451123224432
Yaarelam Adichithoooku ku aprm inga vandhurukinga,Offensive_Untargetede,Not_offensive,0.9168441519606111
PS MITHRAN IS BETTER THAN SUJEETH,Offensive_Targeted_Insult_Individual,Not_offensive,0.46274433877780136
"ipom comentla pathi peru sk,u1,arjun,sakthimanetc..fans like pana solvanga.yanda.",Offensive_Targeted_Insult_Group,Not_offensive,0.732353441307837
Oru pennai adichu thaan unka padam edukanuma aan adimai thanam pundainka,Offensive_Untargetede,Not_offensive,0.6058031666256556
மனிரத்னம் படமா எப்படியும் 100'ல 99 மொக்கையா தான் இருக்கும் இது எப்படி இருக்குனு பாப்போம்,Offensive_Targeted_Insult_Individual,Not_offensive,0.8650198280478856
You are very smart surya kua kmal dikhaya apna,not-Tamil,Not_offensive,0.9636031906544081
BIGIL WILL EAT KAITHIMARK MY WORDS,Offensive_Targeted_Insult_Individual,Not_offensive,0.7761501621118729
"Ita theme 5 varsham munb prithviraj sir chayyunna vidhathil njan vijarichatann,but kadha aaka ketath njanum Anta friendsum matram aarod parayanam Ann ariyatond aarondum paranjilla,IPO ith kandapol orupad Santhoshamayi,hatsoff guys",not-Tamil,Not_offensive,0.47366455344110414
5th stranded papa va.. Paliyalpalathkaram kumpala pannuvam Baba...,Offensive_Targeted_Insult_Group,Not_offensive,0.9257079465056952
Lokesh kanagaraj thalapathy film sign pannittu bigil kuda ve release panringa🤔,Offensive_Targeted_Insult_Individual,Not_offensive,0.5629496519475385
திருமா இனி மேல் நீ குருமா,Offensive_Targeted_Insult_Individual,Not_offensive,0.8922011827482418
Bigil ku yevlo wait panramo athe alavuku kaithiku waiting,Offensive_Targeted_Insult_Individual,Not_offensive,0.7583048224617758
1.40 ku U1 konnudaru bgm la bgme ivelo gethu nu annana intha bgm la epdi kattuvaru selva varattum pakkkkkkka arasiyal...,Not_offensive,Offensive_Untargetede,0.5197115921898581
"Onnu Mattu Theridhu...kooda yevan Release pannalu,Maanam poidum pathukonga.🤣🤣 He is bak.",Offensive_Untargetede,Not_offensive,0.6036585478863309
Padiputhaan miga serantha ayuthum. Matra Ayuthathai naam pudikavendum. Aanal kalvi enum ayutham nammai yenthi pudikum.,Offensive_Untargetede,Not_offensive,0.7808281648868854
Dislikes pottavanga ellarum jaadhi veri pudicha dogs ah irupanunga..,Offensive_Untargetede,Offensive_Targeted_Insult_Group,0.9781986445076933
1:56 in seeman thombiga yealarum paruga da!,Offensive_Targeted_Insult_Individual,Not_offensive,0.9063316056870493
"Dei, ennada,.. 'CONAIR' padatha kavuthi pota madiri iruku unga 'KAITHI'\r thiruttu payale Lokesuh???!!!",Offensive_Untargetede,Offensive_Targeted_Insult_Other,0.43962104404959074
Diwali ku sambavam unduu...#kaithi marana waiting,Offensive_Untargetede,Not_offensive,0.5476006089972337
Who gave dislike is ajith fan,Not_offensive,Offensive_Untargetede,0.28976074588401873
padam mokkaiya aga pothu nu nallavea theriyuthu,Offensive_Targeted_Insult_Individual,Offensive_Untargetede,0.8403441518301971
Suriya lalettan combo polikkum kerala suriya and lalettan fans adi like,Not_offensive,not-Tamil,0.5580733475103862
18k dislike pple hang yourself Teaser is mind blowing 80s Rajini sir is back,Offensive_Untargetede,Not_offensive,0.7516822209075807
sathima solra adicha underware odda vitarava,Offensive_Untargetede,Not_offensive,0.46994229656222664
"Arya want to marry again, 0:50 @",Offensive_Targeted_Insult_Individual,Not_offensive,0.9502282408600747
Thalaivar varoporaar...Jonjo odhingiru odi padhungiru varadhu thalaivar PETTA PARAAK,Offensive_Untargetede,Not_offensive,0.5681992857773285
இந்த பொள்ளாச்சி பாலியல் வழக்கையும் ஒருக் கை பாத்துடுங்க திரெளகூதி,Offensive_Targeted_Insult_Group,Not_offensive,0.49140155144270065
En nan suriya fan thana en yarum ennoda comment ku matum like poda matringa,Offensive_Targeted_Insult_Other,Not_offensive,0.9723658064240414
Kandippa padam out super steryea comment... podanga,Offensive_Targeted_Insult_Group,Not_offensive,0.8412959722981626
GVP killedd the bgmmwathaaa kolaaa masss bgmmm,Offensive_Untargetede,Not_offensive,0.8951673628840748
"Dei idhu 96, yaara emathura",Offensive_Untargetede,Not_offensive,0.535669092873195
Adae musican joker patha psycoRatscan nayabgam varum mysskin,Offensive_Targeted_Insult_Group,Not_offensive,0.7954762864376997
0:36 hei idhu ve meedhi kaasu thaanda,Offensive_Untargetede,Offensive_Targeted_Insult_Group,0.4308473525777917
Paarpan sunnia oombura kootathoda padam pole. Nee evalavu uyar saadhi nu kathunaalum ommale thondailaye erakkuvan di paappaan. Loosu koodhigala,Offensive_Targeted_Insult_Group,Offensive_Targeted_Insult_Individual,0.4050621592800669
Thalaivaaa sema sema...tharamana sambavam awaits... Adichu underwear oda oadavittruven...,Not_offensive,Offensive_Untargetede,0.810710625033034
Pakarathuku Chinna paiyan maathiriya??? poi sonnalum oru nayam venamada!!!,Offensive_Untargetede,Offensive_Targeted_Insult_Individual,0.2934218693785641
Devidiya padam punda aenda love panna ennada thappu kena pundaikala,Offensive_Untargetede,Offensive_Targeted_Insult_Group,0.6883861617081213
"HIT LIKE If Naanga Anil kunjunga Katharatha paakave inga vanthom,,, katharunga daa, Nxt suprstar dawww Buy Rava 1000 kodi dawww Original hair dawwwww",Offensive_Targeted_Insult_Group,Offensive_Untargetede,0.645284922314107
"Apocalypto maari tribes pathi padam pola, such a barbarian mindset.",Offensive_Targeted_Insult_Group,Not_offensive,0.5229620235271477
thala nu solu Orama nillu <3,Not_offensive,Offensive_Untargetede,0.44229313523712954
Ading potta punda thalapathy scene la sirikkira,Offensive_Untargetede,Offensive_Targeted_Insult_Other,0.3144640890698639
ஐயோ முடியல சிரிச்சி சிரிச்சி வயிறு வலிக்குது,Not_offensive,Offensive_Untargetede,0.5096129874144362
Dei nadhari pasikuthu na ipdi dha kathuviya??kaadhu valikuthu da kulla,Offensive_Targeted_Insult_Individual,Offensive_Untargetede,0.8215271888031348
Love you Rajni sir and akki paji,not-Tamil,Not_offensive,0.9871489306085759
Kishor kumar 24 hit endu sonna sireppanga tamil naddula but telegu hit irukkallam,Offensive_Targeted_Insult_Other,Not_offensive,0.9602383484083324
Bigil ku opp a tharamana Padam,Offensive_Targeted_Insult_Individual,Not_offensive,0.6022890727085495
"Chala bagundi, khoob bhalo trailer, super Jaiyam Sir",not-Tamil,Not_offensive,0.9922799515528404
Movie Miru Mari irukum...pathala therithu🤣 manga mandingilla🤣🤣,Offensive_Targeted_Insult_Group,Not_offensive,0.5910726387516698
Mavanay unnoda flim vodadhu eludhi vatchuko continue unnga flim flop tha agitu irruku idhuvum vodadhu...enga thalvara seendu parthita..hello mobile ringtone vatchu comedy pandringa,Offensive_Untargetede,Offensive_Targeted_Insult_Group,0.4922506566125748
Padam full ah iruttah irukkum polaye,Offensive_Untargetede,Not_offensive,0.7812100905214613
Trailer pakara apo kanithan movie feel varudhu,Offensive_Targeted_Insult_Individual,Not_offensive,0.5203416568131679
Suyama yosikkiravan super hero va appuram yenda krish kick 2 velayutuam ithalam kalanthu adicha maathiri irukku,Offensive_Targeted_Insult_Individual,Offensive_Untargetede,0.3986914049984163
Entha padathuku hero Arjun na illa sk va ( trailer la full a Arjun than hero role matiri iruku),Offensive_Targeted_Insult_Individual,Offensive_Untargetede,0.3764708947533671
Enna Mass daa ipah alluvitruchu,Not_offensive,Offensive_Untargetede,0.5910468366431378
நாடக காதல் கும்பல் தா சாவுங்க da!!,Not_offensive,Offensive_Targeted_Insult_Group,0.7928743964433235
Oru rekshem illa pwli mass... Suryaa annnaaaa,not-Tamil,Not_offensive,0.6215487019724097
Poradurathu thappunna..poradura sulunalaye uruvaakuradum thappu daane,Offensive_Targeted_Insult_Group,Not_offensive,0.6274546239617124
அரசியல் ஜாதி இல்லையா ஸ்கூல்ல ஜாதி இல்லையா அரசியல் சாசன தல இருந்து சாதியோடு தமிழ் நாட்டில் ஜாதி இல்லாம போகும் மண்ணும் பொன்னும் ஒன்னு தான் கைவைத்தால் வெட்டு,Offensive_Targeted_Insult_Group,Not_offensive,0.4845907361734688
Vijay sethpathi intha padathula irukanala onnum sollala poi tholinkada pem...,Offensive_Targeted_Insult_Individual,Offensive_Targeted_Insult_Group,0.5138803168623401
Ada paavingala kadaisila yenga thalavara komali akitingaleda,Offensive_Untargetede,Offensive_Targeted_Insult_Group,0.7485182959044546
உலகம் அழியுது இல்லையோ ஆனால் சாதியால் தமிழ்நாடு அழிந்துவிடும் நடிகர் கருணாஸ் நீ வர வர ரொம்ப காமெடி பண்ற டா,Offensive_Targeted_Insult_Individual,Not_offensive,0.8128065487531575
Indha character Ku Nithya Menon dha select pananga yen Kangana mathitanga... Suite agala...,Offensive_Targeted_Insult_Group,Offensive_Targeted_Insult_Individual,0.6427405766468118
Congrats Anna kuruma group ku seruppati,Offensive_Targeted_Insult_Group,Not_offensive,0.7517729041712096
உங்க புண்டைல ஒரு ஒழுக்க கொத்தனார் வேலை செய்ற புண்டையோடு இப்படி நான் படிச்சிட்டு வேலைக்கு போறேன் நாங்க எங்க எங்க அண்ணன பத்தி தப்பா எடுத்திருக்கீங்க தேவிடியா போன் நம்பர்,Offensive_Targeted_Insult_Group,Not_offensive,0.951841139099273
"படம் வெற்றி பெற வாழ்த்துக்கள்,குருமா குப்பலுக்கு குருமாவால் சொல்லப்படும் மறைமுக செய்தியே இந்த நாடக காதல்,",Offensive_Targeted_Insult_Group,Not_offensive,0.8635066776346544
Aishwarya Rajesh kaadlla malai thaan...vada Chennai - kana - bothai kothai - ippo ithu...,Offensive_Targeted_Insult_Individual,Not_offensive,0.6471768623194631
Ponna thotta.. kaiya vettuvinhala.... pollachi sambavathapo yenhada poninha..,Offensive_Targeted_Insult_Group,Not_offensive,0.782560367574514
நீங்க இசைத்தால் போதும்.இளிக்க வேண்டாம்.பாக்கவும் முடியல.கேட்கவும் முடியல.,Offensive_Targeted_Insult_Individual,Not_offensive,0.732013085309683
Thalapathy maass ah BAIRAVAA teaser vidraru.. charming surya super ah S3 teaser vidraru.. but angutu oru naye inum 1year ah 1st look kuda vidama airport la photoshoot nadathitu iruka.. idhula andha naye fans inga echa thanama sanda mooti vidranunga..,Offensive_Targeted_Insult_Other,Offensive_Untargetede,0.48155032169494466
Nkp and viswasam trailer pathutu yaru ida paka vanduruka,Offensive_Targeted_Insult_Group,Not_offensive,0.8537387245706131
Ena da posukunu rajini ya ve kalaichu putinga🤣,Offensive_Untargetede,Offensive_Targeted_Insult_Individual,0.4898292190102219
15k dislike..ungalailam enna solli thitturadhunu theriyalaya...vimarsanam varaverka padukirathu..,Offensive_Targeted_Insult_Group,Offensive_Untargetede,0.5462126250921523
Sarkar movie evlo paravailla NGK neenga sootha modittu kilambunga🤣 Mairu trailer,Offensive_Targeted_Insult_Group,Not_offensive,0.6281843459939671
Pink movie trailer 2 years 13million. But neerkonde paarvai 1months 13million,Offensive_Targeted_Insult_Individual,Not_offensive,0.9656150679201801
Surya Annaya Meeku Yamudu Lanti Cinemale Correct,not-Tamil,Not_offensive,0.9708105112917017
"rajini arasiyal vareenu sonna dhu dec31,2017 avara troll panra alavuku inga evanum peria pudingi ila jayamravi kitta idha expect panla naanu",Offensive_Targeted_Insult_Group,Offensive_Untargetede,0.4932103275752289
Pyangram.. Santhosh narayanan Sir ah use pannirukkalam,Offensive_Untargetede,Not_offensive,0.7122076203947337
படம் நாசமா போக வாழ்த்துக்கள் போங்கடா சாதி வெறி பிடிச்ச பு**டைகளா,Offensive_Targeted_Insult_Group,Not_offensive,0.898241437303102
மரண மாஸ் செல்வா நா சும்மாவா,Offensive_Targeted_Insult_Individual,Not_offensive,0.9209465390868374
Yaaru movie parthu trailer parkka vandhinga,Offensive_Targeted_Insult_Other,Not_offensive,0.7429747979922712
sethanda kuruma. avanuku support pannum sudalai um olikanum,Offensive_Targeted_Insult_Individual,Not_offensive,0.5451982336095673
Rithika vida vaani than azhaga irukanga,Offensive_Targeted_Insult_Individual,Not_offensive,0.49978264449980203
"ஒரு பெண்ணுக்கு பிறந்தவர்களும், தன் கூட பெண் பிள்ளையோட பிறந்தவர்களும், தன் ரத்தத்தில் உருவான பெண் குழந்தைகளுக்கு ஏதாவது நடக்குமா என்ற கவலையில் வாழும் அனைத்து தந்தை, தாய், சகோ, சகோதரிகளின் ஒட்டு மொத்த ஆதரவும் - திரெளபதிக்கே _ தொடரட்டும் உங்கள் வெற்றி பயணம் - வாழ்த்துக்கள்",Not_offensive,Offensive_Targeted_Insult_Group,0.5059738586607502
"340,967 views...ya allah, ya allah...",Offensive_Untargetede,Not_offensive,0.8798753088821576
2019 this year Surya Anna karthi thambi fans year daaaaa i love you 2 thalivar gala mass hero,Offensive_Targeted_Insult_Other,Not_offensive,0.9496818399338702
Entha padam velangathu da nasama poidum da,Offensive_Targeted_Insult_Individual,Not_offensive,0.32153885762559176
Intha teaser ra dislike panravan thanda unmaiyana anti indian solla pona tn la irukka mutta viruses,Offensive_Targeted_Insult_Other,Offensive_Untargetede,0.3358717188972748
Dei yeppudi paththalum ithu PINK remake dhane,Offensive_Targeted_Insult_Individual,Offensive_Untargetede,0.6028986189725929
Story looks weak... In it... Hoping movie would be good,Offensive_Untargetede,Not_offensive,0.9644662386593623
Idhula enna da iruku hate panna. Vera level la irukey da padam trailer eh,Not_offensive,Offensive_Untargetede,0.6228487065558947
apahal vid ni trending nombor 1 babi,Not_offensive,not-Tamil,0.5292435178373001
Modhala dhuruva natchathiram udunga da dei,Not_offensive,Offensive_Untargetede,0.5280788259672129
Vfx ah paaaru daa SUPERSTAR,Not_offensive,Offensive_Untargetede,0.8042105937787247
"எப்பா ஆண்டைகளா???. என்னவோ திரௌபதி முதலில் கர்ணனை தான் விரும்பினாளாம், அதன் பின் அவன் சூத்திரன் என்று தெரிந்து கொண்ட பின் அர்ஜுனனை விரும்பியதாகவும் சொல்கிறார்கள். அதனால் தான் நாடக காதலை பற்றிய படத்துக்கு அவர் பெயர் வைத்ததாகவும் சொல்கிறார்கள்.. உண்மையா பா???",Offensive_Targeted_Insult_Group,Not_offensive,0.9523819924977898
Thoo kelatqpaiya naaye ka pecha para thoo,Not_offensive,Offensive_Targeted_Insult_Group,0.6379639112068038
Innaiki than Padam pathen semma jayam Ravi semma acting but mass hero Padam yen intha feelings kodukkula???,Offensive_Targeted_Insult_Group,Not_offensive,0.778953395275336
"Ennoda like mattum epo vara vilave matenguthu, en nu therila, anyone reason therinja sollunga",Offensive_Untargetede,Not_offensive,0.6855692398937997
Vanibojan. Rithika Singh now days alagula kollurale,Offensive_Targeted_Insult_Group,Not_offensive,0.5263592087701955
சென்னை அமெரிக்கா மாறி ஆயிடுச்சி டா அமெரிக்கா இப்போ எப்டி இருக்கு தெரியுமா..,Offensive_Targeted_Insult_Group,Not_offensive,0.3857473726422242
சாதி வெறி பிடித்த மனநோய்யாளிகளுக்கு இந்த trailer சமர்ப்பணம்... ஏன் comments ஒருத்தர் கூட அசுரன் படத்தை பற்றி பேச வில்லை ஏன் என்றால் அது தாழ்த்தப்பட்ட சமுதாய இயகுன்னரால் எடுக்க பட வில்லை இதில் இருந்து தெரிகிறது உங்கள் கோவம் யார் மீது என்று... அவர்கள் கருத்து மீது இல்லை அவர்கள் மீது...அதை கருத்தை பிறர் சொன்னால் சரி அவர்கள் சொன்னால் அவர்களை அடக்குவீர்கள்...,Not_offensive,Offensive_Targeted_Insult_Group,0.4551809387261293
Indha padathuku nadodigalku ena sammandhamnu nadodigal2 nu vachurkangapart1 natpukana padam idhu jeikradhu kastamdha,Offensive_Targeted_Insult_Group,Offensive_Untargetede,0.4294242824665199
Entha padathuku wait panuratha vida blue satai maran reviewku than wait panuran,Offensive_Targeted_Insult_Individual,Not_offensive,0.8387705523948211
Neariya neraiya neraiya... Amah mudi rombha dhan nerachurukku,Offensive_Untargetede,Offensive_Targeted_Insult_Individual,0.7406175807486457
Eppa paththalum jadhi thann. Vera edhathu.. sollunga da,Offensive_Targeted_Insult_Group,Not_offensive,0.9197995709318748
Racha rambola tala luv u from hyd,not-Tamil,Not_offensive,0.8225214130368281
Jay ho Rajni sir mahesh fains,not-Tamil,Not_offensive,0.6202625253160869
Mokkaa graphics idhukaa da evlo nall waitinguu,Offensive_Untargetede,Not_offensive,0.4290549429278823
Evlo periya actor Rajini sir. Arasiyaluk mattum varaama irundha semmaya irundhrukkum...,Offensive_Targeted_Insult_Individual,Not_offensive,0.7224442951279156
முதலியார் சமுதாயத்தின் சார்பாக இந்த காவியம் வெற்றி பெற மனமார்ந்த வாழ்த்துக்கள்.....டிஸ்லைக் பண்ணுனவுங்க..நல்லா கதறுங்கடா...உங்களுக்கு வந்தா ரத்தம்...எங்களுக்கு வந்தா தக்காளி சட்னியா?...,Offensive_Targeted_Insult_Group,Not_offensive,0.5722262582649136
Thrillarukalkk panjamillaatha Tamil cinemayil mattoru adaar itathin vendi katta waiting... A katta Tamil film fan from Kerala...,Offensive_Untargetede,not-Tamil,0.9580349836188505
Dislike pottuvan sk fan ah tha eruppan...Echa shiva karthi naiye,Offensive_Untargetede,Offensive_Targeted_Insult_Individual,0.4906760699178482
Thalaiku viswasam katrathunala thalapathy ah yen asinga paduthuringa.,Offensive_Targeted_Insult_Individual,Not_offensive,0.6268318520366909
Ellarum Equal intha world la!! Yan Neega lam eppadi Nagarigam Arivu kuda illame irukiga nu theriyala!,Offensive_Targeted_Insult_Group,Not_offensive,0.4955284540442641
asurargalai vadham saiyum veerrargal da...,Not_offensive,Offensive_Untargetede,0.6409184673502133
#VijayFans: Who are you? Nee yaaru​? #AjithFans: Naan yaaru ennurudha eppavume naan mudivupanuruthilla... En edhurula nigakaravanga thaan mudivupanuvanga... Naan avangalluku naanban-ah illa ethiri-ah...,Offensive_Targeted_Insult_Individual,Not_offensive,0.9678056872208534
Trailer paathu sirichavanga matum like podunga,Offensive_Untargetede,Not_offensive,0.9284114221064866
Padam ver level ajithkumar suma therika vidu irukurar only tamil padikadu peopeluku ipadi padam vilankathu!!,Offensive_Targeted_Insult_Group,Not_offensive,0.6677707972876571
Ithuvum kadaikutty Singham Mari jathi padama?🤔,Offensive_Targeted_Insult_Other,Not_offensive,0.8459617244048978
ரொம்ப பதை பதைப்பா இருக்கு.. தமிழ்நாட்ட இன்னும் 150 வருஷம் பின்னாலே கொண்டு போக இத்தன பேர் இருகிங்களா. இவளோ நாளா அடைஞ்ச வளர்ச்சி எல்லாம் வீன் போல,Not_offensive,Offensive_Targeted_Insult_Group,0.7829846203254185
Enna kodumada ithu telugula trailer 19 M views but tamil 10 kuda illaya ennachu pa,Offensive_Untargetede,Not_offensive,0.6870390118461986
yavanachum trailer paarthi yeppudi irukunu comment pandrangala... like kaithi comment bigil... pottudu irukanuga...,Offensive_Targeted_Insult_Other,Offensive_Targeted_Insult_Individual,0.3573817897914232
potrukadhu wig idhula periyaa scene vera wigmandayan vigay,Offensive_Targeted_Insult_Individual,Not_offensive,0.40567923097605385
Padathoda cg pathi pesunavankaluku sariyana adi,Offensive_Untargetede,Offensive_Targeted_Insult_Group,0.30552496121373096
Thachi polambama poi thungunga illa thukula thongunga baduskuuu,Offensive_Untargetede,Offensive_Targeted_Insult_Group,0.39389603217912456
Naa patrada vooda eele pasichi garaa singham Naaa Saamy ele bhoootam which is better one?,not-Tamil,Not_offensive,0.9305922497416516
Kolai konda parvai thala thaladan,Offensive_Untargetede,Not_offensive,0.7493301736803444
படம் வெற்றி அடைந்து நாடக காதல் நாய்கள் அழிந்த போக வாழ்த்துக்கள்...,Offensive_Targeted_Insult_Group,Not_offensive,0.98034128637596
Meanwhile Sivakumar to Akshay Kumar: en inam ada nee,Offensive_Untargetede,Not_offensive,0.6957514889648598
jithu jilladi mitta killadi...ulaga theri local song ahh... mairu song... dei vijay fans... puli eh paessi paessi kedutha madiri ithaiyum olichu kattirunga...thuuuuu,Offensive_Untargetede,Not_offensive,0.42008689293725476
2 years agapodhu padam yeppo ya varum,Not_offensive,Offensive_Targeted_Insult_Group,0.5024726504280919
I can't wait Thalaivaaa. Naalaikku naal hype yerudhey. BP yerudhey.,Offensive_Targeted_Insult_Other,Not_offensive,0.7908853681133674
திரவுபதி சமூக படம் என்றால் எதற்கு சாதி பெயரை பதிவு செய்து YouTube comments section la கதறுகிறாய். சமூக படம் என்றால் அனைவருக்கும் சமம் தானே. பிறகு ஏன் சாதி பெயரை வைத்து கூவுகிறாய். பரியேரும் பெருமாள் trailer comment section la யாரும் சாதி பெயர் செல்லி கதரியது இல்லை.,Offensive_Targeted_Insult_Other,Not_offensive,0.6981773633190232
2nd fastest 100k likes next to rajini...DOLA FANs seruppadiiiiiiiii,Offensive_Targeted_Insult_Group,Not_offensive,0.8339378208439341
Otha endha madhiri padam molimavadhu jathy veriya thundravanuku serupadiya irrukatum,Offensive_Untargetede,Not_offensive,0.58639242922018
Kavalan vs siratheai This diwali kaithi vs bigil,Offensive_Targeted_Insult_Group,Offensive_Targeted_Insult_Individual,0.8605092147281781
Ranjith sunnia vetti ooda vittuvom.. aprom ooka poolu ilama poidum,Offensive_Targeted_Insult_Individual,Not_offensive,0.4025819309669957
Nelam irundha eduthuppanunga..! Kaasu irundha pudingippanunga..! Padippa maattu...!!!,Offensive_Untargetede,Not_offensive,0.6169378845050916
Indaia veettrumael otrumai naadu nu sollitu Jaathiya vachchi movie edukkuringale onga thangachi ooppava enga jaathi pasanga tha,Offensive_Targeted_Insult_Group,Not_offensive,0.5070118624642902
செம்ம trailer solla aasathan but ivalo kevalama erukay.ithu oru trailer ra da thuuu,Not_offensive,Offensive_Untargetede,0.47402736009812046
Thalaivar name ah thavara use panni promotion panra komalis correct ah dhan name vechirkanga🤣🤣🤣🤣,Offensive_Targeted_Insult_Individual,Not_offensive,0.6923564279978498
2.05 da ithu 96 Yara yemathuringa,Offensive_Untargetede,Not_offensive,0.5192943235125079
4.5k unlikers just suck ma middle finger,Offensive_Untargetede,Not_offensive,0.5786930959478599
Gonna fabulous revenge drama I guess,Offensive_Untargetede,Not_offensive,0.8737291288155187
Oruthar mela viswasam kaatradhukaga..yn inoruthara kevala paduthuringa,Offensive_Untargetede,Not_offensive,0.8780293574929285
Otha...chumma enda rajini eh ilukiringa.. thevdiya pasangala. Ungalala rajini eh ilukama poltics um seiya mudiyadhu...and film um eduka mudiyadha. Potta pasangala,Offensive_Untargetede,Offensive_Targeted_Insult_Group,0.7083939851537672
2 million cross panniduchu Innu update Aagala,Offensive_Targeted_Insult_Group,Not_offensive,0.6431132724876107
இப்பல்லாம் Trailer le வார நெறய சீன் படத்துல வரமாட்டேங்குது. அந்த வரிசையில் இதுவும்,Offensive_Targeted_Insult_Group,Not_offensive,0.8501642729817824
Intha padam rajini nalaye nasamaga pothu...,Offensive_Targeted_Insult_Individual,Not_offensive,0.5556306314812405
Cha na rajini nu naichan yenna mari ethana Peru yemathiga,Offensive_Targeted_Insult_Individual,Not_offensive,0.5602338419337333
Ayoo 00:15 Ennada ennoda sataiya Panta Thachi potutinga..,Offensive_Targeted_Insult_Group,Offensive_Untargetede,0.7368104935046227
Lol. Enna karumo da ithu. Pink itself flop. Ithula ajith nadiparnu paatha. Etho oru kelattu koo** act pannirukaan.,Offensive_Targeted_Insult_Individual,Offensive_Targeted_Insult_Group,0.6122319969902912
Marvel paruppu thanni+DC uppu+tamil masala + kick kadugu + krissh vengayam thakkali = hero sambar,Offensive_Targeted_Insult_Individual,Not_offensive,0.617157234698446
Thalaiva coollip ah thuppitu pesu thalaiva vasanamae puriyala,Offensive_Targeted_Insult_Individual,Not_offensive,0.9442179456822937
"Yen thalaivar padathukku views ellam kammiya irukku, shankar sir flim",Offensive_Untargetede,Not_offensive,0.5534041105241454
தலைவர் மூத்தரத்த குடிச்சிருக்கடா பரவால பால ஊத்திட்ட நீயே உனக்கு..திமுக அடிமை நாயே,Offensive_Targeted_Insult_Group,Offensive_Targeted_Insult_Individual,0.4597334623416726
Kangana Ranaut ke fans like here,not-Tamil,Not_offensive,0.5355610234251821
Dhanush veriyans like hereasura vettai aarambam,Offensive_Untargetede,Not_offensive,0.9605110423431636
"40 வருடமா அவர் ஏன் உச்சத்தில் இருக்கிறார் என்பதற்கு இதுவே காரணம். அரசியலிலிம் சரி சினிமாவிலும் சரி அவரை உள் நுழைக்காமல் உங்களால் எதுவுமே செய்ய முடியவில்லை. அவரின் முதுகில் குத்துவதாக நினைத்துக் கொண்டிருக்கிறீர்கள். அவற்றையெல்லாம் உதாசீனப்படுத்தி விட்டு உச்சத்திற்கு போய் கொண்டே இருக்கிறார் என்பது தான் நிஜம், நீங்க தாண்டா ரயல் கோமாளீஸ் @jayamravi @director",Offensive_Untargetede,Not_offensive,0.6973783951083823
1 week 10 mil after 2 weeks 20 mil...?,Offensive_Untargetede,Not_offensive,0.9756719535653217
Beethoven be like: Am i a joke to you?,Offensive_Targeted_Insult_Individual,Not_offensive,0.8733868232598297
இந்த படத்திற்கு.இருக்கும் வரவேற்பை பார்க்கும் போது எவ்வளவு குடும்பங்கள் இந்த நாடக காதல் கும்பலால் பாதிக்கப்பட்டு இருப்பதை இந்த மக்கள் அறிந்து வைத்து இருக்கிறார்கள்.கயவர்கள் தோல் உரியும்.திரௌபதி உரிக்கும்,Not_offensive,Offensive_Targeted_Insult_Group,0.7087974772192142
Teaser la iruntha yedho onnu trailer la missing! Aana ithuvum nalla than irukku,Not_offensive,Offensive_Untargetede,0.653888555258183
Mokka padama irukalam.. may be ajith kaga hit agalam,Offensive_Untargetede,Not_offensive,0.6897114884754124
Thevidiyaa pasangala poi pullaingala padikka veingada,Offensive_Targeted_Insult_Group,Offensive_Untargetede,0.5455985434200545
DMK thevi... Pasangala ipoo sagunga daa,Offensive_Targeted_Insult_Group,Offensive_Untargetede,0.7094417350492287
Johnwick aavadhu mayiravadhu... Inga paarunga ya namma thalaivan ah...,Offensive_Targeted_Insult_Individual,Not_offensive,0.8824470366603908
1:00 saai pallavi ya ipd sirika venaamnu sollunga.. Pinnaadi,Offensive_Targeted_Insult_Individual,Not_offensive,0.7236998161710735
Saadhi veri pudicha naainga than indha maadhiri padathukku support pannum...,Offensive_Targeted_Insult_Group,Not_offensive,0.6310535431587551
Filim yappo reles agum nu solluga,Offensive_Untargetede,Not_offensive,0.43321073576066205
Pa ranjith...இந்த படமும் ஒரு சமூக படம் தான்... இத பத்தி நீங்க பேசவும்... இது உங்கள் முக திரையை கிழிக்கும்... இது ஒரு வெற்றி படம்..,Offensive_Targeted_Insult_Individual,Not_offensive,0.731787145337738
Padatha paakura nammala psycho maathiruvaainga pola,Offensive_Targeted_Insult_Group,Not_offensive,0.7381753734012384
mokka teaser ithukku theri paravalaa,Not_offensive,Offensive_Targeted_Insult_Group,0.4886140718188539
How many days rajani make same movie..,Offensive_Targeted_Insult_Individual,Not_offensive,0.8301465209459666
சாதி இல்லை என்று சொல்லும் தேவிடியா பசங்களுக்கு அவங்க விட்டு பொண்ண யாருக்கு கல்யாணம் பண்ணி தராணுக தெரியல...சாதி வெறி அல்ல...உணர்வு,Offensive_Targeted_Insult_Group,Not_offensive,0.815808292486503
Yow enaku extreme peak kovathula gubeer siripu vandhurum ya..nanum evlavo try paniruken sirika kudadhu nu,Offensive_Untargetede,Not_offensive,0.889350958301708
Arjun 's evergreen dialogue- dei therikka,Offensive_Untargetede,Not_offensive,0.8097517650915876
"Pei paduthula vara mathiri eruku face.., Enada panni vachirukeenga",Offensive_Targeted_Insult_Individual,Offensive_Targeted_Insult_Group,0.5943724721948469
Un like podthavan la manishana illa,Offensive_Untargetede,Not_offensive,0.5742247060741403
வன்னியர் சார்பாக வாழ்துக்கள் கௌன்டர் சார்பாக வாழத்துக்கள் முக்குலத்தோர் சார்பாக வாழத்துக்கள் உங்க சாதி கூதில போட்டு நாய் ஒழக்க தேவிடியா பசங்கலா திரௌபதி கூதிபதி டைரக்டருக்கு கண்டிப்பா அடி இருக்குடா,Offensive_Targeted_Insult_Group,Not_offensive,0.8782127588437146
Thu kevalama irruku Kajal pair is looking like a father n daughter...waste of tym #stupid,Offensive_Targeted_Insult_Individual,Offensive_Targeted_Insult_Group,0.5275658464921235
Panday nee la Enga Thala ku opposite ah Otha poturuvom,Not_offensive,Offensive_Untargetede,0.9171405682596994
Nerkonda paarvai mix with Kolaikaaran BGM,Offensive_Targeted_Insult_Individual,Not_offensive,0.9666787437284625
Marvel dc fans ellam orom pongada 🤣🤣,Offensive_Untargetede,Offensive_Targeted_Insult_Group,0.8410244337338659
Andha bike adhu IMPULSE ah?🤔 Illa modified Fz?,Offensive_Targeted_Insult_Individual,Not_offensive,0.6421161943100858
Kolai konda parvai thala thaladan,Offensive_Untargetede,Not_offensive,0.7493301736803444
Shankar sirama pattathaa solraanga.. Itha siramamnu solla mudiyala aana itha paakurapo karumam mathiri irukkuthu..,Offensive_Untargetede,Offensive_Targeted_Insult_Group,0.35366645467093166
ஜெயலலிதா அம்மாவோட கம்பீரத்துல 2% கூட இல்ல இவ...! விஜய்க்கு தேவை இல்லாத வேலை,Offensive_Targeted_Insult_Individual,Not_offensive,0.3559645055103927
Captain America Oda arc story madhiri irukku,Offensive_Targeted_Insult_Group,Not_offensive,0.6881841137726119
தண்ணி கேட்டா மலையாளி டிக்கிலயே மிதிக்கிறான் இவனுக மானங்கெட்டு மலையாளி ஐயரை தலனு சொல்லிக்கிட்டு இருக்கானுக,Offensive_Targeted_Insult_Individual,Not_offensive,0.40642914249865697
பொண்ணுங்க மேல கைய வச்சா கண்டிப்பா வெட்டணும்,Offensive_Untargetede,Not_offensive,0.4297366723170507
000000000000000000000000000000000000000000000000000000000000000000000000000000000000000 He look Like Zero not a hero🤣🤣,Not_offensive,Offensive_Targeted_Insult_Individual,0.741809236100979
aai ithu ninety six u yara yemathuringa🤣🤣,Offensive_Targeted_Insult_Individual,Offensive_Untargetede,0.5750433594478561
yevlo vayasu analum yen thalaivaroda stayl korayathu da athanda super star marana waiting kolagandula iruka da petai ku,Offensive_Untargetede,Not_offensive,0.9681656160955701
Dai comali punda🤣🤣oththa ne rajini ah kindal pannuriya oththa,Offensive_Targeted_Insult_Individual,Offensive_Targeted_Insult_Group,0.544583723717923
Dislike potravaa avangaa Amma silukuu daaa,Offensive_Untargetede,Offensive_Targeted_Insult_Group,0.7143635926246
"Oru Thavaru Seitha.., Adhai Therindu Seidal..., Avan Dhevan Endralum Thappikamudiyadhu!!! #Singam3",Offensive_Untargetede,Not_offensive,0.45616898980105225
Oru periya nadigarukku indha padam set Aagadhu.. I think vera?,Offensive_Targeted_Insult_Individual,Not_offensive,0.7235712590576909
Gv music vera level Dhanush aa ithu pakkave bayama irukku,Offensive_Untargetede,Offensive_Targeted_Insult_Individual,0.5093181445925616
3.5k dislike groups ku dha indha trailor,Not_offensive,Offensive_Untargetede,0.4382476636090537
தமிழ்ராக்கர்ஸ் தாண்டி மாப்ள...மயிரு மாறி இருக்கு ட்ரைலர்...,Offensive_Targeted_Insult_Group,Not_offensive,0.9261244934154392
Ennada ithu sivakarthikeyan aa vida arjun fans neraya per irukangalo,Offensive_Targeted_Insult_Individual,Not_offensive,0.773047641054249
1500 Dislikes.. Yo get life you guys..,Offensive_Untargetede,Not_offensive,0.78555591381344
Ena da kaththi padatha eduthu vechurkeenga.. VJS double role ah..,Offensive_Targeted_Insult_Group,Offensive_Untargetede,0.43146229828461613
Heavyyy Diwali ath Kaithi kk swantham,Not_offensive,Offensive_Targeted_Insult_Individual,0.7443975304978424
10 varusham ulla irunthen nu mattum thana sir theriyum... 10 varushathukku munnadi enna pannittu irunthen nu theriyathulla...,Offensive_Targeted_Insult_Other,Offensive_Untargetede,0.583430121202348
Kaithi padam pathutu trailer pathavaga yar yar like pannuga,Offensive_Targeted_Insult_Other,Not_offensive,0.9371265888011087
0.31 sinna pullaila kulicha eri ku povomda Andha yerila thanda nadandhu poitu irukom...,Offensive_Targeted_Insult_Individual,Not_offensive,0.40020302136208324
ippadiyae thamizhargal la pirikura mathiriyae padatha edunga da nanga munnuku vanthuduvom. ean ippadi enga thamizhargala saaga adikureenga,Offensive_Targeted_Insult_Group,Offensive_Untargetede,0.5179789831527869
Trailer pakum bodhu elllam avan seyal madhiri iruku.but film konjam conspet vera mari irukum nu ninaikurean Wait panni papom,Offensive_Untargetede,Not_offensive,0.751039676560853
Saaho oda remix ah shakthi man ah,Offensive_Targeted_Insult_Other,Offensive_Targeted_Insult_Individual,0.6865174969270333
“தானா சேர்ந்த கூட்டம்” படம் தான் நியாபகத்துக்கு வருது..ஒவ்வொரு சீன்க்கும்...,Offensive_Targeted_Insult_Group,Not_offensive,0.9896435603986493
Karunanidhi ₹ jayalathitha seinjuruvanuga nu pathom Neenga thayavu Seinjurunga Rajini,Offensive_Targeted_Insult_Group,Offensive_Targeted_Insult_Individual,0.43122971829538836
Ellam avan seyal movie matheri iruku,Offensive_Targeted_Insult_Individual,Not_offensive,0.6569004746389593
Nee siricha enna aludha enna poda moodhevi.,Offensive_Untargetede,Offensive_Targeted_Insult_Individual,0.33611648584840026
அஜீத் இந்த துப்பாக்கி சுடுறத விடவே மாட்டாரா..எல்லா படத்துலயும்...,Offensive_Targeted_Insult_Individual,Not_offensive,0.8105354570394749
VFX Sari illa.. Black Gate kuda VFX potturukanga...,Offensive_Targeted_Insult_Group,Offensive_Untargetede,0.41839163923640826
Starring la sayesha name kaanom,Offensive_Targeted_Insult_Group,Not_offensive,0.6987552526085204
நல்லா சொன்ன பெரம்பலூர் பக்கம் பாடம் ஏதும் ஓட்ட வந்துடாத சும்மா இருக்க நாங்க ஒன்னும் படுச்சவன் இல்ல பாத்துக்கோ உங்க படம் டைலாக் தா முட்டாள் செய்யும் செயல் செம்மையா இருக்கும்,Not_offensive,Offensive_Targeted_Insult_Group,0.4617034156033335
படத்துல தான் மண்ணும் பொண்ணும் எங்களது கைய‌ வெச்ச இருக்காதுனு பேச முடியும்... Pollachi indecent laa oru ponnu vandu ipadi pesa sollunga pakala🥶🤭🥳... திரௌபதி பரிதாபங்கள்,Offensive_Targeted_Insult_Group,Not_offensive,0.7051745016613956
Teaser lam nallathan iruku.. But athula vara editings lam romba mokkaya iruku..... editing matum paathu panunga,Offensive_Targeted_Insult_Other,Offensive_Untargetede,0.5294185574405571
80 k views uh 100 k likes... Epdi da...? 🧐,Offensive_Untargetede,Not_offensive,0.4763333746255394
Karthi Suriyava vida nalla nadiganu solravanga like podunga,Offensive_Untargetede,Not_offensive,0.9142903162750154
LALETTAN FANS LIKE ADIKADDA!! 🤙🤙🤙,Not_offensive,not-Tamil,0.6714041066386631
No varities from u...sema bore pa...,Offensive_Targeted_Insult_Individual,Not_offensive,0.9445841854131031
Sema yaara ematha pakkara ithu 92. Super jayam Ravi and yogi babu combo! But music hip hop tamila wrest.,Offensive_Targeted_Insult_Individual,Not_offensive,0.9654235334171835
எல்லாரும் பார்க்காமலே like போட்டுடாங்க போல ஈஈஈஈஈஈஈ,Offensive_Untargetede,Not_offensive,0.9061803600939152
Rajini Illa dha pu** LA ippadi dhan unlike pannuvanga 24.8.2017 movie pathutu face ah Poi pi** LA vachi ku vanga then thev***a pasanga,Offensive_Untargetede,Offensive_Targeted_Insult_Group,0.6439534354089276
Sama movie... ks.Ravi Kumar super ah eduthu irukaru enna 16 years West aaiduchi,Offensive_Targeted_Insult_Individual,Not_offensive,0.8352762342103076
Likes for only Raja sir myskin combo not for moonram kalaignar,Offensive_Targeted_Insult_Individual,Not_offensive,0.965295236496185
15k dislike kamal fan na thaan irupaanga,Not_offensive,Offensive_Untargetede,0.5362551031268635
Sunni Madhiri Iruku Trailer Jai Bheem Parambara Gethu Daa,Offensive_Targeted_Insult_Group,Not_offensive,0.4874452150548606
Maas Thala Thalei Viduthslei Mulu Saritthiram Padei,not-Tamil,Not_offensive,0.9937065887195009
jheeezee Summa Sparkling Therriiiii antha Double chewingum Drop is so mad!! khaikki sattayila evanume ippidi smarta irundhadhe illanaa! who's agree???,Offensive_Untargetede,Not_offensive,0.3955285014904796
Padam varuma varatha. Varum aana varathu. 🤣🤣,Offensive_Targeted_Insult_Other,Not_offensive,0.6069533015975966
என்ன ப்ரோ சொல்ல வரிங்க..???🤔🤔🤔 படம் ரொம்ப ஸ்லோவா போகும் போலிருக்கு...,Offensive_Targeted_Insult_Group,Not_offensive,0.9693177959568033
Enga shortfilm ah theduna kedaiklinu paatha atha thirudi periya padam panringa...but hero is not perfect like before..,Offensive_Targeted_Insult_Individual,Not_offensive,0.6932595485442059
1:14 Semma comedy ya iruku,Offensive_Untargetede,Not_offensive,0.9339802658020916
That ஆமை குஞ்சுகள் கதறல் movement here;),Offensive_Untargetede,Not_offensive,0.5202312120349016
எங்களுக்கு மண்ணு பொண்ணு 2ம் முக்கியம் இதுல யார் மேல கை வச்சாலும் வெட்டுவோம் #திரௌபதி,Not_offensive,Offensive_Targeted_Insult_Group,0.8036241579390271
"தெரிஞ்ச எதிரி விட தெரியாத எதிரிக்குதான் அல்லு இருக்கனும் எப்படி உன்னோட தலைவா படம் வந்தப்ப உனக்கு இருந்த அல்லு மாதிரி யா? போடாங் கேன கூனா,ஒழுங்கா படம் எடுடா முண்டம்",Offensive_Targeted_Insult_Individual,Not_offensive,0.856821741381468
same masala. ATM pochu edhu sollavee vana... daba,Not_offensive,Offensive_Targeted_Insult_Individual,0.47179795497792104
Kaka pukka short film ah copy adichutanuga,Offensive_Targeted_Insult_Group,Not_offensive,0.660044607182938
I I yo Ethu Nalla Erukke,Not_offensive,Offensive_Untargetede,0.6778106545149287
Unga.. Ponna.. Unoda.. Petcha.. Kekura.. Mathiry... Valanga... Da... Apti.. Valaka.. Thuppilla.. Unaku.. First..unoda..ponna..sariya..valakanum.apram.. Vanthu.. Vettu.. Da... Nee.. Aambalaitaruntha...,Not_offensive,Offensive_Targeted_Insult_Individual,0.5408738838946507
குற்றமுள்ள நெஞ்சு குறுகுறுக்கும் அதுபோல எவன் இந்த படத்தை எதிர்க்கிறா அவனெல்லாம் குற்றவாளிதான்,Offensive_Targeted_Insult_Group,Not_offensive,0.5918190423061432
All Tamilians look like Africans lol,Offensive_Untargetede,Not_offensive,0.856492307604985
மிஷ்கின் மற்றும் இளையராஜா வுக்காக இந்த படத்தை கண்டிப்பா நான் பார்ப்பேன் னு சொல்றவங்க யாருன்னா இருக்கீங்களா?,Offensive_Targeted_Insult_Other,Not_offensive,0.7985073750673177
singam 3 ee seriesil ettavum mosham aakan chance nd. I didnt liked it.. pakka cliche,Offensive_Targeted_Insult_Group,Not_offensive,0.9346372554735064
Sab hero Jhakmaare Rajini Style Saamne,not-Tamil,Not_offensive,0.5528525199439899
Gommaala okka asith test tube thevdia mavan...seen punda podatha amai asith...,Offensive_Targeted_Insult_Individual,Offensive_Targeted_Insult_Group,0.7528550718677927
Enaku ennamo sneek peak partha madiriyai Oru feelingu,Offensive_Untargetede,Not_offensive,0.7684028472967107
Tha bangama eruku daiii nxt lvl,Offensive_Untargetede,Not_offensive,0.551700741072184
Vani always luks gorgeous oh my kadavule,Offensive_Targeted_Insult_Individual,Not_offensive,0.9704190732590098
Ahahaha sema siripu udayanithi pathu 🤣🤣,Offensive_Targeted_Insult_Individual,Not_offensive,0.7747360049052865
Pompala mela kai vaikira naai ku padam odathu god iruntha intha padam matum ila ivanda entha padamum odathu,Offensive_Targeted_Insult_Individual,Not_offensive,0.38608150299055266
kaapaan = kollywood mission impossible,Not_offensive,Offensive_Targeted_Insult_Group,0.5859603861291662
Ellam sari sasikala and somanbabu role ah yaaru nadikapoora🤣🤣,Not_offensive,Offensive_Targeted_Insult_Group,0.6424235273124148
இந்த படத்தை ஆதரிக்கிறதையோ எதிர்க்கிறதையோ விட்டுட்டு... அந்த ராயபுரம் ரெஜிஸ்டர் ஆபீஸ் உண்மை சம்பவமா இருந்தா அவனுங்கள யாருன்னு மக்களுக்கு அடையாளம் காட்டுங்க புடிச்சி உள்ள போடுறதுக்கு என்ன செய்யனுமோ அத செய்ங்க மொதல்ல அத விட்டுட்டு இங்க வந்து உங்க சாதி வெறிய காட்டாதீங்க...,Offensive_Targeted_Insult_Group,Not_offensive,0.7377452363985806
என்னதான் நடக்கும் நடக்கட்டுமே இருட்டினில் நீதி மறையட்டுமே மோகனால் வழி வரும் தயங்காதே ஒரு மாவீரன் இருக்கிரான் கலங்காதே,Not_offensive,Offensive_Targeted_Insult_Group,0.579488685268763
Ajith fans plss tailer samaya eruku like panunga vj fans marri dislike panathenga,Offensive_Targeted_Insult_Individual,Not_offensive,0.5684012311732728
"நடாக காதல் செய்யும் நாய்கள் நடுநடுங்கி, கதறல் சத்தம் அதிகமா கேக்குது... படக்குழுவினருக்கு நன்றி...",Offensive_Targeted_Insult_Group,Not_offensive,0.9298822661958303
End card பங்கம்... எங்க புள்ளைங்க எல்லாம் பயங்கரம்...,Offensive_Targeted_Insult_Group,Not_offensive,0.8585352869242391
please time waste pannni it KK padathukku pogathinga semma mokka@!##^@*#/#&#:×&#:#^,Offensive_Untargetede,Offensive_Targeted_Insult_Group,0.38279503902889517
Surya intha padathula villaina? Herova? Illa triple acta???,Offensive_Targeted_Insult_Individual,Not_offensive,0.7545929007525962
Ivan vera siripu ivanuku oru loosu followers vera,Offensive_Untargetede,Offensive_Targeted_Insult_Individual,0.8325428033086447
0:50 ivan vera enna romba paduthran da,Offensive_Targeted_Insult_Other,Offensive_Targeted_Insult_Individual,0.6678379178628858
Podu vera leval த்தா வந்து வச்சிபாருங்க டா,Offensive_Untargetede,Not_offensive,0.9336879719834441
iSmart Shankar movie YouTube par Kab Aayegi YouTube,not-Tamil,Not_offensive,0.46095211165601413
தமிழன் என்றொரு இனம் சாதியால் அழிந்து போகட்டும்.. பிறந்தால் உயிர் இறந்தால் உடல்.. அழியட்டும் ' இச்சமூகம் சாதியால் அழிந்து போகட்டும்' வரலாறு கேவலமாக பேசட்டும் தமிழனை...,Offensive_Targeted_Insult_Group,Not_offensive,0.6146758673549726
Ena da old jai Shankar movie mathiri iruku,Offensive_Targeted_Insult_Individual,Not_offensive,0.310819001074967
WHAT DID YOU SAY... Roar...,Offensive_Untargetede,Not_offensive,0.919748855382288
Vere Level Padam Ith Pwolikkmm Katta Wi8ng,not-Tamil,Not_offensive,0.8589760760019317
Amam eppa puthu trailer poduvingo... 1960 mgr kala thu padama... Re release panna poran gala...,Offensive_Untargetede,Offensive_Targeted_Insult_Individual,0.5382134604814414
எங்க அப்பா மிலிட்ரி டா ஓடி விளையாடவா சொல்லி தருவான்... த்தா வேற லெவல்டா...,Offensive_Targeted_Insult_Other,Not_offensive,0.3811969735499966
Akshara Hasan... Acting is not ur thing.. SERIOUSLY!!!,Offensive_Untargetede,Not_offensive,0.49535130061840477
Thala innum konjam naal la thatta va var mariduvaru,Offensive_Targeted_Insult_Individual,Not_offensive,0.8510144476948756
Appadi enna tha use irukku? Intha madhiri oru padathunale??,Not_offensive,Offensive_Untargetede,0.42452543947503857
போராடுவது தப்பு என்றால் போராடுவதற்கு உண்டான சூழ்நிலை ய உருவாக்குவதும் தப்பு,Offensive_Targeted_Insult_Group,Not_offensive,0.5789875701599247
Biopic edukrendra perla sodhapi vechiradhinga da..,Offensive_Targeted_Insult_Group,Not_offensive,0.43236724209875754
அருமை.. நம் அடையாளம்... அந்த அடையாளத்தை விட்டு குடுக்க கூடாது... வந்தா..த்தா ஒட விடனும்..,Not_offensive,Offensive_Targeted_Insult_Group,0.7720703552224518
"OK sir, enaku ore sila kelvigal mattum thaa iruku intha padatha pathiyum, unga saadhi kalaachaaratha pathiyum, kelvi-1: neenga soldra maari unga saathi pengala emaathanum ngara ennam illaama, unga veetu pennoda sammathathoda, keel saathi nu neenga nenakara makkaloda thimir illaatha anboda oru kaadhal ah neenga ethupeengala??? Kelvi-2: illa ithunaala antha ponna peththa parents sethuruvaanga nu neenga sonna, avanga kevalama pesi saagura alavuku pressure tharathu neenga thaa, so Atha maathitu avanga ethupeengala??",Not_offensive,Offensive_Targeted_Insult_Group,0.7944364752204205
aaha nalla ve illa aalum kudimiyum,Offensive_Targeted_Insult_Individual,Not_offensive,0.5911695034927326
2 padam nadichitu neelam vj padatha disgrace panra,Offensive_Targeted_Insult_Individual,Offensive_Targeted_Insult_Group,0.3399857131026322
Chinna Vayasula Eri la kulipom la anga kuttitu poda adhu mella dhan nadandhutu irukkom🤐 Enna da Jayam Ravi mathiri varuva partha Nilalgal ravi mathiri vara,Offensive_Targeted_Insult_Group,Offensive_Targeted_Insult_Individual,0.5501620535155091
Pawala fans licking apandraaaa thuu Mee bathuku ajith fans lekapothe kukkalu kuda dekav mimalini,not-Tamil,Offensive_Targeted_Insult_Group,0.815768537637166
Police kaar pasangala govt paathukumaaaa...! mairla paathukummmm...,Offensive_Untargetede,Offensive_Targeted_Insult_Group,0.569900488961077
Kids: Nice Song Men's: Osm song Dadfuker's: 2019?,Offensive_Untargetede,Not_offensive,0.9901722261405005
1:20 ithu unaku konjam over lolu da aadhi... Va va vetchu seiya poranga Ajith Vijay scenes movie la ooti claps vangura neenga lam... Avanga scenes ooti keli panni sirika arambichuteenga,Offensive_Untargetede,Offensive_Targeted_Insult_Individual,0.653537494191689
Intha agela ippadi oruththarala nadikka mudiyumna sollunga saththiyama na unga fan aana but i'am rajini uyir da,Not_offensive,Offensive_Targeted_Insult_Group,0.3695144896314881
Last dialogue bigil ku sonna mathiri iruku,Offensive_Targeted_Insult_Individual,Not_offensive,0.42108111589686203
Rajini pathi trailer la vantha mathiri movie la vantha screen kilinjitum ta bautu basangala,Offensive_Untargetede,Not_offensive,0.4382294590796952
வேற level... அதான் ஆர்யா அவளை கல்யாணம் பண்ணிடியே. திரும்பவும் marry me யா,Offensive_Targeted_Insult_Individual,Not_offensive,0.7547897455046766
or ak super duper flop kangana movie...coming soon...🤣🤣,Offensive_Targeted_Insult_Individual,not-Tamil,0.410876068998756
தலைப்பு கூடத் தமிழில் வரலயே டா..... அவங்க உயிரோட இருந்திருந்தா உன்ன வச்சி செஞ்சிருப்பாங்க,Offensive_Targeted_Insult_Group,Offensive_Targeted_Insult_Individual,0.5371206166953897
Evlo generation marinalum...namma mara kudathu...namma vittu ponna pathalea aruva aduthu ore vettu avlotha,Offensive_Targeted_Insult_Group,Not_offensive,0.5277055127519193
Trailer paithu mersal anivnga like podinga..,Offensive_Untargetede,Not_offensive,0.9411818173621656
Super ji superji...semma intro. not like camera kita moonja kamichi bayamurthara bairava..,Offensive_Targeted_Insult_Individual,Not_offensive,0.632720916418897
புளுசட்ட review பாத்து சிரிச்சவங்க like பன்னுங்க,Offensive_Untargetede,Not_offensive,0.97304450614256
Aiyo namba mind vera angaya poguthya #Sivakumar 🤣,Offensive_Untargetede,Not_offensive,0.6824564651218621
Dislike pannavan Ellamea raththam kakki saavaan...,Offensive_Untargetede,Not_offensive,0.45616688888000445
"sudhandhiram British kaaran Kita irunthu vaangi, arasiyal vaathinga Kita koduthutom.. Ithu romba palaya dialogue",Offensive_Targeted_Insult_Group,Not_offensive,0.9781003905490495
Thalai ku thalai poora Neraiya Neraiya Neraiya romdha Neraiya neracha mudi irruku,Offensive_Targeted_Insult_Individual,Not_offensive,0.6229041848855591
Kaithi jeyil layae irrukirathu nallathu... BIGIL on the way...,Offensive_Targeted_Insult_Individual,Not_offensive,0.6392750989400866
"Mathavanuku oru nyayam,Vijay Ku oru nyayamah,podthuitu pongada fools",Offensive_Untargetede,Offensive_Targeted_Insult_Group,0.4981422033037181
"Thalayavuthu pundaa yavuthu pogaadaa suni thalais,,engaluku epavome Ore oru Thala than avar than ENGA STR MASS MAN STR",Offensive_Targeted_Insult_Individual,Not_offensive,0.9967636376913693
Kevalama erukku... Enthe Movie la Odumanu Theriyala... Felputhaa,Offensive_Untargetede,Offensive_Targeted_Insult_Group,0.34372766852974523
Mass Patta. Rajini sir,Not_offensive,Offensive_Targeted_Insult_Individual,0.4693883881870221
கருணாஸ் ஜாதிவெறி பிடித்தவன் அவனை ஏன் இந்த படத்தில் நடிக்கவச்சிங்க?,Offensive_Targeted_Insult_Individual,Not_offensive,0.5379659890072737
Sotta thala rajiniya Super ah kalachiteenga Super Super ummmmma,Offensive_Targeted_Insult_Individual,Not_offensive,0.9723737971058838
1:34 yaarukellam itha kekum pothu edho tv advertisement maari thonichu Kudumbathoda sernthu...,Not_offensive,Offensive_Untargetede,0.4490531469122928
1:55 aduthan ella pakkamum thuppaki irukku la appram edukku sutti sutti sudureenga,Offensive_Targeted_Insult_Individual,Offensive_Untargetede,0.4904567748417944
Ina pa like low va iruku,Offensive_Targeted_Insult_Other,Not_offensive,0.5222261068956839
Dislike 40k antha bayam daa rumba pudichirukk ae sirf trailer hai picture abhi bakki hai mere dosth You gonna see #ThalaRage,not-Tamil,Offensive_Untargetede,0.5268104289355637
Enaku ore asatha...oru dislike potavanayavathu paknum.ipdiyum irukangalanu,Not_offensive,Offensive_Untargetede,0.6848929621519722
aioo vaa thala...5inch screen la paakumbodhae ippdi irukae... 70mm screen la paakumbodhu enna aaga potho,Offensive_Targeted_Insult_Individual,Not_offensive,0.8691878761622109
Nanga oruthan kittah matikittu irukom avan yeanatha pannah porano,Offensive_Untargetede,Not_offensive,0.4057464819260471
Dai ena pakra marye iruku da serious ane situation Ku siripu varum,Offensive_Untargetede,Not_offensive,0.4272201455533091
Tevidiya pasanga naxalite ku support panranunga,Offensive_Targeted_Insult_Other,Not_offensive,0.8604781736905142
daa mokka teaser is so bad,Offensive_Targeted_Insult_Group,Offensive_Untargetede,0.5419828941849156
En thalaivam eruma saani vijay oruka than trailer la vaararu da,Offensive_Targeted_Insult_Individual,Not_offensive,0.5728757722627214
mannu ponnu 2 um mukiam athula yar kaiya vachalum sema... ranjith gang ku serupadi,Not_offensive,Offensive_Targeted_Insult_Group,0.5951245086538747
idhu trailer ah? illa idhuthan trailer ah?,Offensive_Untargetede,Not_offensive,0.7053118829944718
Idha nambi thaan da theatre ku vanden.. Kadaisila naamatha potingaley da 🤦 🤦,Offensive_Untargetede,Not_offensive,0.7817386691881074
This is what you call MUSIC? TRASH-worthy...Kadhavula eli mattina maadhiri kathinaa paattaa? thoooooooo,Offensive_Untargetede,Not_offensive,0.8100964440963758
120 sec video pathu like dislike poda mudiyala...,Not_offensive,Offensive_Untargetede,0.5835868911489062
director ranjith pardhu sakattum avan mattum than saathi padam edupana,Offensive_Targeted_Insult_Individual,Not_offensive,0.7253876860656381
வாழ்த்துக்கள்...நாம எவன் வம்புக்கும் போக கூடாது..வந்த வம்பை விட கூடாது.அவனுக்கு மட்டும் தான் படம் எடுக்க தெரியுமா?நமக்கு தெரியாதா?,Not_offensive,Offensive_Targeted_Insult_Group,0.6696397001535852
naanam undoda ninakekaa...neyaka...anugal ayal nerit kalich jayik..allathe..,not-Tamil,Not_offensive,0.8362698443689799
Ithellam yaarala siva aalaya illa arjun aalaya y1 uhhhhhhhhhh,Offensive_Targeted_Insult_Individual,Not_offensive,0.5430016908615064
Sema kalaai rajini in political entry...,Offensive_Targeted_Insult_Individual,Not_offensive,0.9509162398027122
irukku diwalikku sarvedi irukku pakka kaithi,Not_offensive,Offensive_Targeted_Insult_Individual,0.805102309196911
na ivolo nal itha கைத்தி nu la padichutu irunthen,Offensive_Untargetede,Not_offensive,0.5218513121346277
mokke trailer...even 2 min was boring,Offensive_Targeted_Insult_Group,Offensive_Untargetede,0.4640453860505415
1m likes vara varaikum very thanama than irupen,Not_offensive,Offensive_Untargetede,0.5574560618726112
6 la irunthu 60 vara RAJINI RAJIAYAM...,Not_offensive,Offensive_Targeted_Insult_Individual,0.5553542839673895
ഇതിൽ use chythekuna bgm...Nala parichayam indalo,not-Tamil,Offensive_Untargetede,0.354535985474627
Ungaluku ennada theriyum.padam edukurenu yanda entha polappu seththa pamba pottu adichutu irukinga..avunga history la vantha vitham righto wrongo ana avunga la mathiri oru aalumayana thiramayana leader illa.ethunaala rendu kostinga sanda pottukurathuthan micham. Ethunala makkaluku onnum nallathu nadaka porathu illa.innum yarum makkalukunu pannanumnu yentha arasiyalvathi yum nenachu pakala..yevlo thuttu adikalam nu mattum than nenappu iruku,Not_offensive,Offensive_Untargetede,0.6280976051799616
மண்ணு பொண்ணு ரெண்டுமே ஒன்னு அதுல எவன் கைய வச்சாலும் வெட்டுவோம் மரண வெய்ட்டிங் ப்ரோ.. திரெளபதி திருநெல்வேலி சீமை தென்காசி மாவட்டம் நெடுவயல் வன்னிய குல ஷத்ரியர் சமுதாயம் சார்பாக திரைபடம் வெற்றி பெற வாழ்த்துக்கள்,Offensive_Targeted_Insult_Group,Not_offensive,0.9777283429647685
"Eh Idhu 96, yaara emathuringa.. Bangam ji Bangam ji",Offensive_Targeted_Insult_Group,Offensive_Targeted_Insult_Individual,0.49125783210083845
