text,actual_label,baseline_prediction,transformer_prediction
14.12.2018 epo trailer pathutu irken... Semaya iruku,Not_offensive,Not_offensive,Not_offensive
Paka thana poro movie la Enna irukunu,Not_offensive,Not_offensive,Not_offensive
“U kena tunggu lebih lama lagi untuk tahu saya” - chiyaan recognized,not-Tamil,not-Tamil,not-Tamil
Suriya anna vera level anna mass,Not_offensive,Not_offensive,Not_offensive
suma kaththaatha da sound over a pooda kudaathu pa s3 1 month oda stop aakidum then bairavaa da aaddchi than kaththi kaththi thondaiya kilikatha pa,Offensive_Untargetede,Offensive_Targeted_Insult_Individual,Offensive_Targeted_Insult_Group
ஆனவக் கொலைகள் நடக்காவிடில்...நம் அடையாளம் அளிக்கப்படும்... இயக்குனருக்கு வாழ்த்துக்கள்...தமிழ்நாடு முத்தரையர்கள்,Offensive_Targeted_Insult_Group,Not_offensive,Not_offensive
teasere intha alavukk masss aa irunthal padam enthalavukku masssa iruppano... Ithukkum mele. Luv u Suriya anna ur die hard fan from kerala,Not_offensive,Not_offensive,Not_offensive
Enthanai kudumbam velila sollamudiyama sethukutu iruku... Irukura unmaye sollum... Padam. Dharmapuri veera Venniyer sarbaga valthukal...,Not_offensive,Not_offensive,Not_offensive
Power ranger megazord niyabagam vantha hit like,Offensive_Untargetede,Not_offensive,Not_offensive
"Parkavakula Udayar, moopanar, nainar sarbhaka valthukal",Not_offensive,Not_offensive,Not_offensive
Part 2 எடுத்து எடுத்து நல்ல படைப்பான part 1 ன தரம் குறைக்காதீர்கள்...2018 ல part 2 எதுவும் ஓடல நல்லாவும் இல்ல அப்பறம் 2019 இப்போ 2020,Not_offensive,Not_offensive,Not_offensive
Na oru 1000 times mela pathu irukn,Not_offensive,Not_offensive,Not_offensive
1st Ayan super hit 2nd maatran mega hit 3rd kaapaan kandipaa block buster Suriya + kv anand,Not_offensive,Not_offensive,Not_offensive
0:28 Shaktimaan Parle-G Biscuit SaptuNaanum sinna vayasula jump panni parakka try pannirukken 90's Pasanga Da 🤣,Offensive_Untargetede,Not_offensive,Offensive_Targeted_Insult_Group
தேவர் சமுதாய மக்கள் சார்பாக படம் வெற்றி பெற வாழ்த்துகிறோம்,Not_offensive,Not_offensive,Not_offensive
Thalaivaaa...nee ena periya vasul Manan ah..!!! Apdithan soldranga.#Pongal#Thalapathy pongal #2k17#King of box-office.,Not_offensive,Not_offensive,Not_offensive
"Enna da idhu marana mass ah irukku,all the best vetrimaran..",Not_offensive,Not_offensive,Not_offensive
Gownder inam sarapaka padam vetriper valthukala,Not_offensive,Not_offensive,Not_offensive
செஞ்சி கோட்டை கவுண்டர் சார்பாக படம் வெற்றி பெற வாழ்த்துக்கள்,Not_offensive,Not_offensive,Not_offensive
15.1M VIEWS NOW 16M VIEWS SOON,Not_offensive,Not_offensive,Not_offensive
எவனுக்கும் அடங்க மாட்டோம்... எவளுக்கும் மயங்க மாட்டோம்🤙... # நாடக காதல் # கும்பல்களை வேரோடு அழிக்க வந்த # திரௌபதி படத்திற்கு.. தேவேந்திர குல வேளாளர் சார்பாக வாழ்த்துக்கள்.,Offensive_Targeted_Insult_Group,Not_offensive,Not_offensive
Movie yachum nailla eruka nu papom,Offensive_Untargetede,Not_offensive,Not_offensive
nice aana teaser starting laa vandha dialogue mgr sir engaveetu Pillai la padina naan anai etal ooda middle lines laa...,Offensive_Targeted_Insult_Other,Not_offensive,Not_offensive
Indheee oru padam poodhum thalaivaaaa... Naaan ungaleee marupadiyum parthutheeee...,Not_offensive,Not_offensive,Not_offensive
Yannada trailer idhu yadho oruthava family la nadakkura kadhaiya yaduthu vachirukka,Offensive_Untargetede,Not_offensive,Offensive_Untargetede
Ajith = h.Vinod= Siva = h. Raja,Not_offensive,Not_offensive,Not_offensive
2M likes varumnu solravanga Like podunga,Not_offensive,Not_offensive,Not_offensive
Dai unmaiyanumea marana kattu katuvega pola,Offensive_Untargetede,Not_offensive,Offensive_Untargetede
Petta movie pakka Yarellam Wait Panringa,Not_offensive,Not_offensive,Not_offensive
இந்தப் படத்தை இப்ப பேசுவதை விட பத்து வருஷம் அப்புறம் தான் அதிகமா பேசுவாங்க.,Not_offensive,Not_offensive,Not_offensive
Semaaaaaaaaaaaaaaaaa danus Sir superrrrrrrr miratta poguthu,Not_offensive,Not_offensive,Not_offensive
Inime intha padathula nadicha hero va super star ra ethukita than intha padathu ku neenga kodukura mariyathai. Pada tha kudumpathoda poi theatre la parunga. Culture ra meetu edukura intha mari padatha atharicha adutha thalai murai nala irukum kudumpa manam pogama irukum,Not_offensive,Not_offensive,Not_offensive
Na arasayil Ku varuvadhu urudhi urudhi udhiii🤣,Not_offensive,Not_offensive,Not_offensive
Thee mugam than song semmaiya iruku soluravanga ellam oru like podunga pa,Not_offensive,Not_offensive,Not_offensive
Super nice தைரியமாக இந்த கதையை எடுத்த இயக்குனர் அவர்களுக்கு வாழ்த்துக்கள். இதில் வரும் காட்சிகள் போன்ற சம்பவம் அனைத்து ஊர்களிலும் நடந்து கொண்டு இருக்கிறது.,Not_offensive,Not_offensive,Not_offensive
🤣🤣🤣 video ku dislike pottavangalam vanthu Inka oru like ah thatti vitutu ponga,Offensive_Targeted_Insult_Other,Offensive_Untargetede,Offensive_Untargetede
Sema semaaaaaa... Waiting to see,Not_offensive,Not_offensive,Not_offensive
முத்தரையர் சமுதாயம் சார்பாக படம் வெற்றி பெற வாழ்த்துக்கள்,Not_offensive,Not_offensive,Not_offensive
#Kaapaan teaser mass vera level therikudhu,Not_offensive,Not_offensive,Not_offensive
What did you say Mrs.Meera Krishanana Ippudi neryea Neryea Neryea...,Not_offensive,Not_offensive,Not_offensive
கோமாளி90'பசங்க வெறித்தனம் இந்த படத்துல தெரியும் டா90'பசங்களோட வலி அப்போ. இப்போ,Not_offensive,Not_offensive,Offensive_Targeted_Insult_Group
Aathi kanithan 2 paatha maarilla iruku...,Offensive_Targeted_Insult_Individual,Offensive_Untargetede,Not_offensive
pleace trailer semma... unlike pottrathinga poota mersal gaali ayudum,Not_offensive,Not_offensive,Not_offensive
"Vjs, udanbu veengittu varuthu, 45 vayadhu mathiri theriyuthu,. Nallave ille, middle age RO ok a chose pannu",Not_offensive,Offensive_Targeted_Insult_Individual,Not_offensive
NGK ஆனா எனக்கு NTK னு கேக்குது. NTK க்காகவே இந்த படம் எடுத்தமாதிரி தெரியுது... NTK. NAAM TAMILAR KATCHI. SEEMAN.,Not_offensive,Not_offensive,Not_offensive
Vaa thalaiva..ENPT ku serthu idhula bangam pandrom..!!,Offensive_Untargetede,Not_offensive,Not_offensive
chuma theri ya iruku mass thalaivaa sema look,Not_offensive,Not_offensive,Not_offensive
Marana Mass.. Love u Superstar..,Not_offensive,Not_offensive,Not_offensive
Music bhi chori ka hai We will rock you,not-Tamil,not-Tamil,not-Tamil
10M views...Suriya Anna veriyans like here,Not_offensive,Not_offensive,Not_offensive
0.42 bgm vera level gvp...Vetri maaran no words,Not_offensive,Not_offensive,Not_offensive
"Ennathu ithu konjam kuda sense illama,pakkum pothu kudava ungalukku antha ponnu j.j konjam kuda match agalanu thonala...waste of time",Offensive_Targeted_Insult_Group,Offensive_Targeted_Insult_Individual,Not_offensive
trailerna ithu trailer pakka mass & class like muyal vegham dislike Aamai vegham dear hatter's Uusshh |,Not_offensive,Offensive_Untargetede,Offensive_Untargetede
Ajith kumar fan like here,Not_offensive,Not_offensive,Not_offensive
"Dsp ela oru paper ha.. Em 1,psa,lic my frnd ece dep oda ec1, system ela vara level la erukum",Not_offensive,Not_offensive,Not_offensive
"Hindi Pink movie remake, Amitabh / Tapsee",Not_offensive,Not_offensive,Not_offensive
Mirattal Bgm IsaiThalaivan Bgm King,Not_offensive,Not_offensive,Not_offensive
Sivakarthikeyana vida Action king than neraiya edathula vararu,Offensive_Targeted_Insult_Individual,Offensive_Targeted_Insult_Individual,Not_offensive
Enrum thala ajith' views paka nera youtube varavanga ellarum oru like podunga,Not_offensive,Not_offensive,Not_offensive
#திரெளபதி திரைப்படம் #நாடக காதல் company நடத்தி வரும் திருமா குருப்பை உலகிற்கு வெளிச்சம் போட்டு காட்டிய ஆண் மகன்களுக்கு நன்றி#குமரி வெள்ளாளர் இளைஞர்கள் படத்திற்கு முழு ஆதரவு தருவோம் #கவலை வேண்டாம்,Not_offensive,Not_offensive,Not_offensive
in srilanka trending #1 THALA SUPER,Not_offensive,Not_offensive,Not_offensive
intha Diwali ku iruku aaaappppu iruku..but yarukunu na sollamata,Offensive_Targeted_Insult_Other,Not_offensive,Not_offensive
Kozhandhaila vellaya iruparam.valandha karupa iruparam.idhudhan avaroda super power ah.indha logic ah epo da mathuvinga,Offensive_Untargetede,Offensive_Untargetede,Offensive_Targeted_Insult_Group
come on suriya Anna fanz 10million vandea aganum,Not_offensive,Not_offensive,Not_offensive
Thala naa Great Great naa Thala,Not_offensive,Not_offensive,Not_offensive
Apdiye Aruvi maari feel varuthu..let's see..but semma teaser..,Not_offensive,Not_offensive,Not_offensive
Dislike pottavan pathi Peru director ranjith veriyana erupan,Offensive_Untargetede,Not_offensive,Offensive_Untargetede
Na jeyankondam tha vanniyar ku padam edukave ippo yaarum illa marumalarchi padathuku apparam Oru vanniyarku edutha padam kandipa theater la poi paaruga...,Not_offensive,Not_offensive,Not_offensive
0:12 Ellorum seththa tha sudukadu povanga...!,Not_offensive,Not_offensive,Not_offensive
Coming soon ah apa August 10 release ilaya,Not_offensive,Not_offensive,Not_offensive
Mohanlal look kandittu Narendra Modi look pole undallo..ini mohanlal aano villain,not-Tamil,not-Tamil,not-Tamil
Thala 60 title ku verithanama wait panravanga matum like panunga,Not_offensive,Not_offensive,Not_offensive
#trending - வெயிட்டிங் ஃபார் த மூவி 🤩,Not_offensive,Not_offensive,Not_offensive
Ghibran pundaya vitta ungalukku vera aale kedaika laya da.,Offensive_Targeted_Insult_Individual,Offensive_Untargetede,Offensive_Untargetede
Paka thana pora Inda kaliy to atatha,Offensive_Untargetede,Not_offensive,Not_offensive
romba speed ah iruku pa paaka mudila!,Not_offensive,Not_offensive,Not_offensive
எவன் என்ன பண்ணாலும் படம் திரைக்கு வரும் da,Not_offensive,Offensive_Targeted_Insult_Group,Not_offensive
Oruthar mela neenga viswasam katrathukaga innoruthara yen asingam paduthuringa by thala Ithu ovvoru thala and thalapathy fan kum therinjurukanum,Offensive_Untargetede,Not_offensive,Not_offensive
Engalaku mannum ponnum onnu... Adpi podu sema,Not_offensive,Not_offensive,Not_offensive
SK fans ah vida Arjun Fans than adhigama irukainga daw,Offensive_Targeted_Insult_Individual,Offensive_Targeted_Insult_Individual,Not_offensive
Poga dai sarkar tha best NGK waste,Offensive_Targeted_Insult_Group,Offensive_Targeted_Insult_Individual,Offensive_Untargetede
"Apdinaa sc & ST pasanga kooda frndship vachuka maatinga last varaikum veetukullaium vida maatinga avan avan jaathiliey ponnu kattittu nalla irupoom ethuku vambu, veena sandai avan avan jaathiya vittu kudukamaa ipdey irupomm",Not_offensive,Not_offensive,Not_offensive
Ana trailer pathona exaitment thanga mudyala,Offensive_Targeted_Insult_Group,Not_offensive,Offensive_Untargetede
idhu 96 yara emathuravera lvl uh,Not_offensive,Not_offensive,Not_offensive
thala marana mass sai blsing always you..super thala,Not_offensive,Not_offensive,Not_offensive
Mysskin nalla talented director thaa aana edhukku udhayanidhi ya select pannaru nu terla,Offensive_Targeted_Insult_Individual,Offensive_Untargetede,Not_offensive
Oru raksha ella vere level,Not_offensive,Not_offensive,Not_offensive
13m views make it 15m.lets begin...,Not_offensive,Not_offensive,Not_offensive
Ninga evlo sonnalu namma natu pasanga thirunda maatanga,Offensive_Targeted_Insult_Other,Not_offensive,Offensive_Untargetede
semmaaaa... massss... mesmerisssinnnnggggg... thala nailed it..,Not_offensive,Not_offensive,Not_offensive
"நம் இனத்தின் தலைவர் காடுவெட்டி J.குரு அவர்கள், இப்போது இல்லாமல் இருப்பது மிகவும் வருத்தமாக இருக்கிறது...",Not_offensive,Not_offensive,Not_offensive
Nammakitta kaadu irundha eduthukiduvanuva Ruva irundha pudingiduvanunuva Padippa mattum nammakittarndhu eduthukidave mudiyadhu,Offensive_Untargetede,Not_offensive,Not_offensive
"Intha selvaakai vaithu ivar arasiala onnum pudunga mudiyaathu. Venum endral, thanudaya padahukku athigamamna vilayil black ticket vithu panam sambathikalaam. Thamil makklaukku intha karumiyai patri indru nalave theriyum.",Offensive_Targeted_Insult_Individual,Offensive_Untargetede,Not_offensive
Yarellam Viswasam trailer pathu2 inga varinga..,Not_offensive,Not_offensive,Not_offensive
masssssssss s the one word!!! gethuuuuuu semAaa,Not_offensive,Not_offensive,Not_offensive
Surya Arya and Mohan Lal wow Kaka Kaka look perfect,Not_offensive,Not_offensive,Not_offensive
No dialogue music copy from titan give royalltey,Offensive_Targeted_Insult_Group,Not_offensive,Offensive_Targeted_Insult_Individual
கொங்கு நாடு மக்கள் தேசிய கட்சி உடுமலை கிழக்கு ஒன்றிய இளைஞரணி சார்பாக வாழ்த்துக்கள் கொங்கு நாடு மக்கள் தேசிய கட்சி உடுமலை கிழக்கு ஒன்றிய இளைஞரணி செயலாளர் ப. நந்தகுமார் தொலைபேசி எண்:8248236638,Not_offensive,Not_offensive,Not_offensive
keka trailer...kevv keka...all the best from superr starr MAHESH BABU fanss...prince...,Not_offensive,Not_offensive,Not_offensive
நல்ல இருக்கிறது அருமையாக இருக்கிறது நல்ல ஒரு படம் இந்த படம் வெற்றியடைய எனது வாழ்த்துக்கள்,Not_offensive,Not_offensive,Not_offensive
Thalapathy record ah beat panna yarum illaiya,Not_offensive,Not_offensive,Not_offensive
மாஸ் டிரைலர் மோகன் ஜி அண்ணா அவர்களுக்கு வாழ்த்துக்கள்.,Not_offensive,Not_offensive,Not_offensive
Harrish jayaraj fans hit like here,Not_offensive,Not_offensive,Not_offensive
நம்ம கிட்ட காடு இருந்த எழுதிகிடுவானுக ரூவா இருந்த புடுங்கிக்கிடுவானுக ஆனா படிப்ப மட்டும் புஎடுத்துக்கவே முடியாது,Offensive_Targeted_Insult_Group,Offensive_Targeted_Insult_Group,Offensive_Targeted_Insult_Group
Bairava teaser therikkudhu... Seeema Diwali treatuuuu... Sweeta Vida semmaya irrukku...,Not_offensive,Not_offensive,Not_offensive
rebel Jaba..yaa bro I accept it.,Not_offensive,Not_offensive,Not_offensive
Enakku trailer purinjuthu...ethukku idhula udayanithi Stalin vararu nu theriyala 🤣,Offensive_Untargetede,Offensive_Untargetede,Not_offensive
Dei Namma aalu Vijay sethupathi irukkida. Mutheeeeiiiii,Not_offensive,Not_offensive,Offensive_Untargetede
Dei man of steel oda saayal theriyudhey... Ena unga kadha?,Offensive_Targeted_Insult_Individual,Offensive_Untargetede,Offensive_Untargetede
1.37 adey.. namma minion (Anandhi) allava,Not_offensive,Not_offensive,Not_offensive
gomma punda mari irikuuuuu devidiyaaaa ajith fans,Offensive_Targeted_Insult_Group,Offensive_Targeted_Insult_Group,Offensive_Targeted_Insult_Group
Theme pathuttu vanthavanga like ah thattunga,Not_offensive,Not_offensive,Not_offensive
Udhay ku kannu theriyadho indha movie la🤔,Offensive_Targeted_Insult_Individual,Offensive_Targeted_Insult_Individual,Not_offensive
"SEMA MASSS தலைவா i am your big fan A.K.வெங்கடேஷ் பிரசாத்,DEEE ஜில்லா மக்கள் இயக்கத் தலைவர் ஆவாரங்குப்பம்",Not_offensive,Not_offensive,Not_offensive
Trailer Ditto kekka bekka🤐 expected more,Not_offensive,Not_offensive,Not_offensive
Ee lanti movies telugu lo nduku release cheyyaru,not-Tamil,not-Tamil,not-Tamil
Thala pola varuma Thala eppavume mass vera leval,Not_offensive,Not_offensive,Not_offensive
Thala Vera level Seekiram vanga Thala,Not_offensive,Not_offensive,Not_offensive
semma mass bgm. i am waiting thalaivaaaa,Not_offensive,Not_offensive,Not_offensive
விஸ்வகர்மா கம்மாளர் சங்கம் சார்பாக படம் வெற்றிபெற வாழ்த்துக்கள்,Not_offensive,Not_offensive,Not_offensive
I love you chiyan Vikram Anna Marana masss,Not_offensive,Not_offensive,Not_offensive
Devidiya punda... eva yaru da gommala,Offensive_Targeted_Insult_Group,Offensive_Untargetede,Offensive_Untargetede
இது உண்மை...திருமாவுக்கு சரியான செருப்பு அடி... இதே தேவேந்திரகுல வேளாளர் மக்கள் வரவேற்கிறோம்...,Offensive_Targeted_Insult_Individual,Not_offensive,Not_offensive
தமிழ் சினிமாவை உலகதறத்தில் கொண்டு போகும் ஓறீரு இயக்குனரில் இவர் ஒருவர் தளமான படமாக psycho இருக்கும் என்பது உருதி,Not_offensive,Not_offensive,Not_offensive
Mugamoodi part 2,Not_offensive,Not_offensive,Offensive_Untargetede
THALAIVAR FAN SK KU WISHES THALAIVAR VERIYAN,Not_offensive,Not_offensive,Not_offensive
Bro ethu apdiye kekka bekka short film mariye eruku seriyana copy bro,Not_offensive,Not_offensive,Not_offensive
Rip Sr Prabhu punda mavan... Ne theru Kodi thaan di... Sad luck Karthi and Lokesh Anna...,Offensive_Untargetede,Offensive_Targeted_Insult_Individual,Offensive_Targeted_Insult_Individual
இரண்டு படங்களின் Trailer பார்த்த மாதிறி இருக்கிறது,Not_offensive,Not_offensive,Not_offensive
Enna padamda samee teaser Vera level Surya Anna semada,Not_offensive,Not_offensive,Not_offensive
oruthar mela nega viswasam katurathu naala yen inorutha mela verupu katurega,Offensive_Untargetede,Not_offensive,Not_offensive
"Padam flop dhan pola, enna vijaya production logo hindi la eruku modhala adha mathungada",Offensive_Targeted_Insult_Other,Offensive_Targeted_Insult_Individual,Offensive_Targeted_Insult_Group
Superb vijay Anna!! I love you alott,Not_offensive,Not_offensive,Not_offensive
huhujuhuhuhi iam going to vivegam movie 1 day,Not_offensive,Not_offensive,Not_offensive
Ultimate acting thala ennna dialogue delivery chance eh ilaaa luv u thalaaaaaaaverrraaaa level,Not_offensive,Not_offensive,Not_offensive
Ungalala mattum epdi ipdi shot vaika mudiudhu...hatsoff vetri sir,Not_offensive,Not_offensive,Not_offensive
Dislike varathuna avan naadaka kadhal kootam than,Not_offensive,Not_offensive,Offensive_Untargetede
Bahubali record baddalu... SANKAR FAN LIKE... Here,Not_offensive,Not_offensive,Not_offensive
Iam surya fan but thala teser super,Not_offensive,Not_offensive,Not_offensive
Pettta win pannum like pannunga Viswasam pannunga CMT pannuga,Not_offensive,Not_offensive,Not_offensive
Enkita panam iruntha 100000 tickets freeya enga vanniya kula samuthaya pengaluku etuthu koduppen sema trailer ma,Not_offensive,Not_offensive,Not_offensive
edhukku indha loosu pundai aryava movie la eduthinga gowtham karthick nalla irunthurukkum,Offensive_Targeted_Insult_Individual,Offensive_Untargetede,Offensive_Untargetede
Enga appan military da pinna koli vizhaydava sollitharuvan masss weight ah dialogue Surya anna,Not_offensive,Not_offensive,Not_offensive
Mass + Class =Suriya Singam Roaring Love U Suriya <3 <3,Not_offensive,Not_offensive,Not_offensive
Kadaisila jadhi eh Tamil Nadu Kula erakringala... Super da... Nama nasama poga porom,Not_offensive,Not_offensive,Not_offensive
I have never seen avideo like it this is killer,Offensive_Untargetede,Not_offensive,Not_offensive
Yella 90kids samar panama irrukum,Not_offensive,Not_offensive,Not_offensive
Aiyo intha koothiyanunge likes ku pichai eduka arambicitanungele,Offensive_Targeted_Insult_Other,Offensive_Untargetede,Offensive_Untargetede
Hit like if ur missing SANA,Not_offensive,Not_offensive,Not_offensive
2k likes left 1M view left,Not_offensive,Not_offensive,Not_offensive
Padathula vara figure semma ya irukku.,Not_offensive,Not_offensive,Not_offensive
Love uuu superstar... Jzt killed it..,Offensive_Untargetede,Not_offensive,Not_offensive
Vera Level Trailor Ali Ajith Fans Inka Vanthu Sunni Ooombama orama poi pool paandi da poola vaayila edunkada,Offensive_Targeted_Insult_Individual,Offensive_Targeted_Insult_Group,Offensive_Targeted_Insult_Group
பரதன் விக்கு வெச்சிட்டானாம் அங்க சிவானு ஒருத்தன் வாயில வெச்சினு இருக்கான் அதெல்லாம் கேக்க மாட்டானுவ,Offensive_Targeted_Insult_Individual,Not_offensive,Offensive_Targeted_Insult_Group
mayruva buyrawa mokkawa sappawa serupouwa pruppuwa vijay oru potta wa,Offensive_Targeted_Insult_Individual,Offensive_Targeted_Insult_Individual,Offensive_Untargetede
Gotha potta baadungala.. ungala la serupalaiye adikanum,Offensive_Untargetede,Offensive_Untargetede,Offensive_Untargetede
Teluguvalu tamilvalu Vera leadhuoo.. andhuru okadea... Mamli vida valea manchi valu.. Chennai la putti septhannu vallu pappom.. pls kapadhandhiye,not-Tamil,Not_offensive,not-Tamil
"ஜாதியை ஒழிடான்னா இவனுங்க ஜாதியை கூதியிலத்தான் தேடுறானுங்க, ஒம்மால...!",Offensive_Untargetede,Offensive_Untargetede,Offensive_Targeted_Insult_Group
Ithu 96 yara yematha pakkra.. innumaya athey dialogue...,Offensive_Targeted_Insult_Group,Not_offensive,Not_offensive
#mani #arr #vjs #Aravindh #simbu #vijay combo Vera Enna venum TN cinema la,Not_offensive,Not_offensive,Not_offensive
Vera lvl sema sema sema marana waiting,Not_offensive,Not_offensive,Not_offensive
Annanu angu keralavilum und katta fan base,not-Tamil,Not_offensive,Not_offensive
i love superstar Rajni sir... iam vijay fan...,Not_offensive,Not_offensive,Not_offensive
Movie fullaa night la mattum shoot pannittanga pola...🤔,Offensive_Untargetede,Offensive_Untargetede,Not_offensive
Thalaa mass daww.. movie therikapoguthuuuu by Dhanush Anna fan daw.. I'm Vinoth,Not_offensive,Not_offensive,Not_offensive
Power rangers padam patha Madri iruke 🤔,Offensive_Untargetede,Offensive_Untargetede,Not_offensive
1:30 the la vara dialogue mass,Not_offensive,Not_offensive,Not_offensive
மணி சார் துப்பாக்கி லாம் இப்டி யூஸ் பண்ண மாட்டாரே..,Not_offensive,Not_offensive,Not_offensive
யதுகுல சந்திரவம்ச சத்ரிய யாதவ இனம் சார்பில் படம் வெற்றி பெற வாழ்த்துக்கள்.,Not_offensive,Not_offensive,Not_offensive
Rangaraj Pandey Ku oru like podunga,Not_offensive,Not_offensive,Not_offensive
Yarellam movie parthutu trailer parka vanthinga podunga,Not_offensive,Not_offensive,Not_offensive
Arumuganeri Thevar community saarbagaa vazlthukalll,Not_offensive,Not_offensive,Not_offensive
ஒரு குறிப்பிட்ட இனத்திற்கு எதிராக அனைவரும் ஒன்று சேரும் போதே தெரிகிறது அவர்களால் அனைவரும் பதிக்க படுகிறோம் என்று... வீர முத்தரையர் சார்பாக படம் வெற்றி அடைய வாழ்த்துக்கள்...,Not_offensive,Not_offensive,Not_offensive
Suriya die hard fans like here,Not_offensive,Not_offensive,Not_offensive
எல்லாருக்கும் ஒரு பைத்தியம் அவனுக்கு இந்த நாட்டு மேல பைத்தியம்...,Not_offensive,Not_offensive,Not_offensive
Jayam ravi:Chinna vayasula oru yerila kulipom la anga polam da.. Yogi babu: Athu mela than da nadanthuchu poinu irukom..,Offensive_Targeted_Insult_Individual,Not_offensive,Offensive_Targeted_Insult_Group
This film making One reason The one&only reason is 90's kids 90's kids ku kaalam varum kaalam vanthal vaazhvu varum Vazhvu Vanthal Anaivaraiyum Vaazhavaippomey90's kids tha gethu,Not_offensive,Not_offensive,Not_offensive
Trending List layae Illa Ppaaa,Offensive_Untargetede,Offensive_Untargetede,Not_offensive
இதுல எது புடிச்சிருக்கு திரு மாமா வளவன் தெரு மாமா வளவன் திரு மாமா கிழவன் தெரு மாமா கிழவன்,Offensive_Targeted_Insult_Individual,Offensive_Targeted_Insult_Individual,Offensive_Targeted_Insult_Group
Ajith body and bike stunt ah fdfs la paakanum nu romba aasaiyoda irukravanga like panunga,Not_offensive,Not_offensive,Not_offensive
பொண்ணுக்கு புடிச்சிருந்த அவங்க யார வேணும்னாலும் கல்யாணம் பண்ணுங்க நீங்க யார நீங்க என்னா பொண்ணுங்களோட ஆறாவது அறிவா அவங்களுக்கு சுயமா முடிவெடுக்க தெரியாது,Offensive_Targeted_Insult_Group,Not_offensive,Offensive_Targeted_Insult_Group
Bestie nu sollitu matter aah panranga...ivaru friend irunthu wife kooda matter panna mataram...,Offensive_Targeted_Insult_Group,Offensive_Targeted_Insult_Group,Not_offensive
"அணைத்து சமுதாய மக்களும் படத்தை பாருங்க,நிறைய குடும்பம் பாதிக்க பட்டிருக்கு, அனைவரும் குடும்பத்துடன் குறிப்பாக தங்கள் வீட்டு பெண்களுடன் படத்தை பாருங்கள்",Not_offensive,Not_offensive,Not_offensive
Blockbuster movie jayram ravi do always good,Not_offensive,Not_offensive,Not_offensive
Indha bgm kekumpodhu viswasam bgm mind la vandhutu pogudhu..,Offensive_Targeted_Insult_Individual,Offensive_Untargetede,Not_offensive
***tha Remake na Ippadi irukanum,Offensive_Untargetede,Not_offensive,Not_offensive
Director logesh kanagaraj enga ooru tha coimbatore pakkam kinathukadavu avunga appa fancy vechurukaaru enaku nalla palakam,Not_offensive,Not_offensive,Not_offensive
Hollywood kaaranalatha mudiyumnu illa tamilanaalayum mudiyum da example shankar sir,Not_offensive,Not_offensive,Not_offensive
"இங்க வெறுப்பை பதிவு செய்யுரவங்கள கொஞ்சம் ஆய்ந்தறிந்தால் புரியும், அவனுங்களும் இந்த டிராமா லவ் கோஸ்டின்னு!!",Not_offensive,Not_offensive,Offensive_Targeted_Insult_Group
Enna ya holly wood ye munji duva pola myskin,Not_offensive,Offensive_Targeted_Insult_Individual,Offensive_Untargetede
rendu varushama mukki mukki intha karumaththa than eduthanungala,Not_offensive,Offensive_Untargetede,Not_offensive
kena koothi...kullan surya... kevalamana dialogues and bgm...sure shit flop... Sivakarthikeyan paathu kathuka...,Offensive_Targeted_Insult_Individual,Offensive_Targeted_Insult_Individual,Offensive_Targeted_Insult_Group
ஆடேய்... என்னடா பண்ணி வச்சி இருக்கீங்க,Offensive_Targeted_Insult_Group,Offensive_Targeted_Insult_Group,Offensive_Targeted_Insult_Group
கொங்குநாடு வேட்டுவகவுண்டர் சமுதாயத்தின் வாழ்த்துக்கள்.. நல்ல திரைப்படத்தை குறைந்தது 100 பேருக்காவது சொல்லி பார்க்க வைக்க வேண்டும்..,Not_offensive,Not_offensive,Not_offensive
Arun vijay sema style ah irukkapla..,Not_offensive,Not_offensive,Not_offensive
vijay fanes unga movie ku 400k dislike varum atu confirm airuchu,Not_offensive,Not_offensive,Offensive_Untargetede
What a man Rocking Vikram sir,Not_offensive,Not_offensive,Not_offensive
Vijay Anna..more like Vijay mama,Not_offensive,Not_offensive,Not_offensive
Little impeessing film Epadi iruku nu papom,Not_offensive,Not_offensive,Not_offensive
Singam 3 coming soon iam waiting i like u suriya,Not_offensive,Not_offensive,Not_offensive
Koi btayega itni great lady ki movie me doremon haaaa,not-Tamil,not-Tamil,not-Tamil
Surya anna you are next superstar,Not_offensive,Not_offensive,Not_offensive
Intha thalaivare thaan makkal pakkanomn ninachath,Not_offensive,Not_offensive,Not_offensive
Anaithu Chettiar sarpaka patam vettri pera vazhthukal...,Not_offensive,Not_offensive,Not_offensive
To be honest.. Roomba boring pa..like Anjan,Not_offensive,Not_offensive,Not_offensive
எப்புடியாவது தலைவரின் *** வந்து ****டு போய்டனும்... திருட்டு பயல்க...,Offensive_Targeted_Insult_Group,Not_offensive,Offensive_Targeted_Insult_Group
Yanaku arivillaiya muddaa kothi Apurem santhanam madum yanga irunthu vantharu kilinja vayanukallam support u,Offensive_Targeted_Insult_Individual,Not_offensive,Not_offensive
Only for sk anna fans like here,Not_offensive,Not_offensive,Not_offensive
Y ilayaraja putting someone else's music 🤔,Not_offensive,Offensive_Targeted_Insult_Individual,Not_offensive
Maayavaram peoples Hit Like Here Naanum Maayavarathu Kaaranthanda,Not_offensive,Not_offensive,Not_offensive
Thalaivaaaaaa I am waiting for petta,Not_offensive,Not_offensive,Not_offensive
அனைத்து நாயுடு/ நாய்க்கர் சமுதாயம் மக்கள் சார்பாக திரைப்படம் வெற்றி பெற வாழ்த்துகிறோம்,Not_offensive,Not_offensive,Not_offensive
Any Malayalies Rajani Sir Hit like Here,Not_offensive,Not_offensive,Not_offensive
50K left for 12M views,Not_offensive,Not_offensive,Not_offensive
ENPT release agalanu kavala illa aurathanamana Asuran varuthu adhu pothum...,Offensive_Targeted_Insult_Individual,Not_offensive,Not_offensive
"சாதிகள் அழியாவிட்டால், மனிதகுலம் மொத்தம் அழியட்டும். படித்த மிருகங்கள்..",Not_offensive,Not_offensive,Not_offensive
just 54k likes to reach 400k likes,Not_offensive,Not_offensive,Not_offensive
Edho sadhi nadakudhu pa inum trending la varala,Offensive_Untargetede,Not_offensive,Not_offensive
Super star is super star v.v.v.v.v.v.v.v.v.v.v.v.v.v.v.v.v.v.v.v.v.v.v.v.v.v.v.v.v.v.v v.v nice trailer I really love it,Not_offensive,Not_offensive,Not_offensive
Like so much Thala from AP PawanKalyan Anna fans,Not_offensive,Not_offensive,Not_offensive
2018 mudiya poguth da..ippo da release pannvinga,Not_offensive,Not_offensive,Not_offensive
நம்ம ஒரு ஏரியில் குதித்து விளையாடுவம்ல அது எங்க அது மேல்தான் நடக்குரொம் செம்ம,Not_offensive,Not_offensive,Not_offensive
Vera lvl... Thalai aiii saranam...,Not_offensive,Not_offensive,Not_offensive
thaaru maaru.. thakkali soru...,Offensive_Untargetede,Not_offensive,Not_offensive
Dhanush nd vijay fans lam veetla okkandhu azhuvanga,Offensive_Targeted_Insult_Individual,Offensive_Untargetede,Not_offensive
Massss vera level ASURAN Panthayam adikum,Not_offensive,Not_offensive,Not_offensive
Variety Trailer... I like it,Not_offensive,Not_offensive,Not_offensive
Suryas diehard fans hit like here,Not_offensive,Not_offensive,Not_offensive
"I'm Thalapathy Anna fan,Trailar Summa therikka viduthu Marana mass ah irukku",Not_offensive,Not_offensive,Not_offensive
thala i am waiting,Not_offensive,Not_offensive,Not_offensive
Telugu fans need thalaivas PETA Telugu trailer,Not_offensive,Not_offensive,Not_offensive
22:00 Dhanush look Vera level Masss,Not_offensive,Not_offensive,Not_offensive
அது எப்படி comment la ஜாதி பெர சொல்லி படத்துக்கு வாழ்த்துக்கள் சொல்லுறீங்க...chaiii🤕,Not_offensive,Not_offensive,Not_offensive
Guys inum 170K Likes Vantha 1M Vanthurum...!!,Not_offensive,Not_offensive,Not_offensive
Ellam avan seyal film mari iruke lyt ah dha full ah illa,Offensive_Untargetede,Not_offensive,Not_offensive
Thirumavalavan groups mattum thaan katharitu irukanunga,Offensive_Targeted_Insult_Group,Not_offensive,Not_offensive
Ayyo ayyo...veriyerudhu semma weighttu,Not_offensive,Not_offensive,Not_offensive
Last dialogue for petta viswasam problem🤔🤔🤔🤔,Offensive_Untargetede,Not_offensive,Not_offensive
varlam varla va bhairavaaa... thalaivaaaaaaaaaaaa... gethuuuuuuuu,Not_offensive,Not_offensive,Not_offensive
Aravind samy and vj sethu,Not_offensive,Not_offensive,Not_offensive
Wishes from Kumari sk Anna fans,Not_offensive,Not_offensive,Not_offensive
Yanna pa sollama kollama eppati release,Not_offensive,Not_offensive,Offensive_Untargetede
Ilayaraja sir... Beethoven music ah Unga padathula potu irukinga... Anmai iladhavan dhana ipadi panuvaan... neenga dhana sir soninga?,Offensive_Targeted_Insult_Individual,Offensive_Targeted_Insult_Individual,Offensive_Untargetede
Intha jathi etrathalvu prachanaiya kondu vantha paarpana adingadana ivanungalukullye adichikiranunga athan paapan unga thala mela ukkanthirkan,Not_offensive,Not_offensive,Not_offensive
சாதியின் பெயரால் எடுக்கப்பட்ட படம் நல்லா இருக்கோ இல்லையோ. ஆனால் சாதியின் பெயரால் எடுக்கப்படும் இந்த மாதிரி திரைப்படங்களால் அந்தந்த கால கட்டத்தில் இருக்கும் இளைஞர்கள் மனதில் சாதி வெறியை சுலபமாக பதிய வைத்து விடுகிறார்கள். இது எல்லா சாதியினருக்கும் பொருந்தும்.,Not_offensive,Not_offensive,Not_offensive
0.45 ishwarya Menon kulla Samantha etti paakranga,Not_offensive,Not_offensive,Not_offensive
"Politics pathi padam na kandipa naan pappen, Like if you watch this movie 🤗🤗🤗",Not_offensive,Not_offensive,Not_offensive
பொன்னியின் செல்வன் Now reach 3M. Rocking and trending..,Not_offensive,Not_offensive,Not_offensive
Dhanush Vetrimaran Gv Yathuku pa promosion panununum Panamala akum Movie Don't worry,Not_offensive,Not_offensive,Not_offensive
Verithanama iruku suriya anna yuvan bgm vera leval selva sir unngala romba romba tamil cinema miss pannuthu sir,Not_offensive,Not_offensive,Not_offensive
Class padathukku ivlo mass look..just Thala things,Not_offensive,Not_offensive,Not_offensive
Ayoo trisha vjs vida thalaivar simran young ah irkangaaaaaaa...attitude vera level,Not_offensive,Not_offensive,Not_offensive
ஜெயம் ரவி மறுபடியும் ஒரு புதிய கதை களத்துடன் இந்த படமும் வெற்றி பெற வாழ்த்துக்கள் ரவி அண்ணா,Not_offensive,Not_offensive,Not_offensive
un like pandravan cinmava pakka kutathu..yenna avan oru rasanai Ellathavan theri semma mass,Offensive_Untargetede,Offensive_Untargetede,Not_offensive
Sema vera level ma. Love u so much,Not_offensive,Not_offensive,Not_offensive
Anna teaser pataya kelapiteenga na theriiiiiiiiiii,Not_offensive,Not_offensive,Not_offensive
Ivanga appan oru jathi veri piducha nayee,Offensive_Targeted_Insult_Individual,Offensive_Targeted_Insult_Group,Not_offensive
so poor dialogue delivery From Mohanlal...,Offensive_Targeted_Insult_Individual,Not_offensive,Not_offensive
Dai thevidiyaa valavan engada irukaa pathutu sethuru,Offensive_Targeted_Insult_Individual,Offensive_Untargetede,Offensive_Untargetede
2.09 dai gammala yennada pannivechi irkinga avana...johnny depp enda nenapa flash back young yogi babu,Offensive_Untargetede,Not_offensive,Offensive_Targeted_Insult_Individual
Apo pa padatha release panuvenga v r waiting...,Offensive_Untargetede,Not_offensive,Not_offensive
KGF chapter 1 - like Kaithi - like,Offensive_Targeted_Insult_Other,Not_offensive,Not_offensive
Surya va pidikum na like pannunga,Not_offensive,Not_offensive,Not_offensive
Appo antha appolo CCTV footage movie la irukku ma.,Not_offensive,Not_offensive,Not_offensive
Super super super super super super,Not_offensive,Not_offensive,Not_offensive
Vera level nga nega vera level,Not_offensive,Not_offensive,Not_offensive
Suriya & Lalettan fans hit like,Not_offensive,Not_offensive,Not_offensive
Semma mass bro ippadi patta stroy ah eluthi mattum edunga bro padam vera level verithanam bro,Not_offensive,Not_offensive,Not_offensive
marana mass trailer paaa thalaiya ithuuu,Not_offensive,Not_offensive,Not_offensive
Bgm ke indha padatha paakanum pola erukku...,Not_offensive,Not_offensive,Not_offensive
thalllaaaa vera vera vera level... Tamil cinema gona meet a new visual treat... dislikes. evlo vena varatum... ne thottuta thottuta sola sola. thalla gethu erittuthan irukum... love you thalaaaa,Not_offensive,Not_offensive,Not_offensive
Thidinu sudden ah annoce pani trailar vitu intha alavu... lam thala oruvaruku matumey,Not_offensive,Not_offensive,Not_offensive
thaleeeeeeeeeeeeeeeeeeeeeeeeeeeeeeeeeeeeeeeee another bullet speed box office record breaker superrrrrrrrrrrrrrr,Not_offensive,Not_offensive,Not_offensive
1st cament veritanamana vijay fans like,Not_offensive,Not_offensive,Not_offensive
idhu ellam oru trailer aada..mutta Aamaingala..idhu ketta keduku..enga Teaser ah Dislike panringala..otha badugala,Offensive_Untargetede,Offensive_Untargetede,Offensive_Untargetede
நான் #உடையார் அனைத்து சாதியும் ஒன்றினைந்து நாடக காதல் ரஞ்சித் திருமா போன்ற தெருநாய்களை ஒழிகக் வேண்டும்...,Not_offensive,Not_offensive,Not_offensive
Thipramahadevi pradeep padaiyachi sarpaha valthugal,Not_offensive,Not_offensive,Not_offensive
Last dialogue suit for all fans,Not_offensive,Not_offensive,Not_offensive
சிறப்பு விஜய் அண்ணா. வெற்றிபெற என் வாழ்த்துக்கள்.,Not_offensive,Not_offensive,Not_offensive
ஹே... இது 96... யார ஏமாத்துறீங்க... பங்ங்ங்ங்கம்ம்ம்ம்ம்ம்...,Offensive_Untargetede,Offensive_Targeted_Insult_Group,Not_offensive
விஜய் ரசிகர்கள் சார்பாக சீறு திரைப்படம் வெற்றி பெற வாழ்த்துக்கள்,Not_offensive,Not_offensive,Not_offensive
வடக்கு வன்னியர் சார்பாக படம் வெற்றி பெற வாழ்த்துகள்,Not_offensive,Not_offensive,Not_offensive
thalaivaaa...sweet sapta mathitiye pru feeling thalaivaaa... waiting pongal..,Not_offensive,Not_offensive,Not_offensive
Masss masss yethana mura venunalu pakkala,Not_offensive,Not_offensive,Not_offensive
After BIGIL poster released like here...,Not_offensive,Not_offensive,Not_offensive
Indha movie hit aavudhu vurudhi,Not_offensive,Not_offensive,Not_offensive
மிஷ்கின் சார் தீவிர ரசிகன் நான் அவா் ஒவ்வாெரு சீன்ஸ்சும் அருமையா செதுக்கி இருப்பாா் அவா் தல அஜித்துடன் கூட்டனி சோ்ந்தால் அழகா இருக்கும்,Not_offensive,Not_offensive,Not_offensive
Pink movie ka remake action movie kar diya but AB was best,not-Tamil,not-Tamil,not-Tamil
Nice movie Anna mass silent action,Not_offensive,Not_offensive,Not_offensive
Indian petta super star Rejani sir,Not_offensive,Not_offensive,Not_offensive
"Dhanush intha padathula nadikkavae theriyala, vazhlthuru karuya",Not_offensive,Not_offensive,Not_offensive
Stallin ad mayira thukunga da... kadupula dislike paniten...,Offensive_Targeted_Insult_Group,Offensive_Untargetede,Offensive_Untargetede
Tribute to 2.0 Support us #2.0 #shankar sir #Rajani sir,Not_offensive,Not_offensive,Not_offensive
Epo vanthalum thalapathy tha vasooool mannan likes allu vidum,Not_offensive,Not_offensive,Not_offensive
all thala fans ellaarum oru addadance pottudu ponga,Not_offensive,Not_offensive,Not_offensive
Unnaya police velaikku thappa select pannitanunga,Not_offensive,Not_offensive,Not_offensive
2.06 sema serupadi to thalaivar,Offensive_Targeted_Insult_Individual,Not_offensive,Not_offensive
God of Bgm Thalaivan Yuvan ku oru like ah podu.. 🤩🤗,Not_offensive,Not_offensive,Not_offensive
Suriya Annan vere levelaa chuma nerepuchitta,Not_offensive,Not_offensive,Not_offensive
Wow Super Star RajiniKanth Fan's like Vesukondi ట్రైలర్ అదిరింది,not-Tamil,Not_offensive,not-Tamil
style la irukkena??... naturally!!! Vera level thalaiva,Not_offensive,Not_offensive,Not_offensive
Itha paathu dislike pannravanga potta pasanga aambalaya iruntha dislike pannathinga haters ungala like panna sollala aana dislike pannathinga otha panninga potta pasanga,Offensive_Targeted_Insult_Other,Offensive_Untargetede,Offensive_Untargetede
Padippu Mattum Eduthukudave Mudiyathu Sidhambaram...Slang and Dialogue...super,Not_offensive,Not_offensive,Not_offensive
அசுரன் ப. பெருமாள் காலா படம்லா சமூகநீதி அப்ப திரௌபதி சாதி படமா. மற்ற சமூகத்தை ஏமாற்றும் நாடக காதல் கும்பலை பற்றி கதை. உங்கலுக்கு ஏன்டா வலிக்குது. அப்ப அதை செய்வது நீங்களா,Offensive_Targeted_Insult_Group,Offensive_Targeted_Insult_Group,Not_offensive
marna mass suryaaaaaaaaaaaaaaaaaaaaaa is back,Not_offensive,Not_offensive,Not_offensive
"padam pakka mass, teaser 11 million",Not_offensive,Not_offensive,Not_offensive
121k like in 45 minit,Not_offensive,Not_offensive,Not_offensive
Dhanush sir ku Ella get up um set aagudhu,Not_offensive,Not_offensive,Not_offensive
Trailer podicha vanga mattum like pannugo,Not_offensive,Not_offensive,Not_offensive
Dai oru vayasanavara pottu enda ippidi paduthuringa...,Offensive_Untargetede,Offensive_Untargetede,Offensive_Untargetede
semma bgm. awesome santosh narayanan,Not_offensive,Not_offensive,Not_offensive
Kattaya vachi car ye kavutthitiye thalivaaaaa..,Not_offensive,Offensive_Targeted_Insult_Group,Offensive_Targeted_Insult_Individual
"நான் ஒரு தளபதி விஜய் ரசிகன். அதே சமயம் திரு அஜித் அவர்களை மிகவும் பிடிக்கும். நல்ல திறமை வாய்ந்த மனிதன் ஆனால் பல சமயங்களில் சரியான கதை மற்றும் இயக்குனர் இவர் தேர்வு செய்வது இல்லை. பில்லா, மங்காத்தா, ஆரம்பம் படத்துக்கு பிறகு இவருக்கு நல்ல படம் அமைய இல்லை. வரும் காலங்களில் இவர் தனது திறமைக்கு ஏற்ப்ப நல்ல கதை இயக்குனர் தேர்ந்தெடுப்பார் என்று நம்புகிறேன்.",Not_offensive,Not_offensive,Not_offensive
Marana kalai of rajini's political stand 🤣🤣🤣,Not_offensive,Not_offensive,Not_offensive
Thalaivar fans hit like,Not_offensive,Not_offensive,Not_offensive
Semma THALA veera leveal THALA,Not_offensive,Not_offensive,Not_offensive
"Karthik subbaraj yaaru da ne, una dhan da nanga ithana varsham theditu irundhom, thanks for creating the marana rajinism",Not_offensive,Not_offensive,Not_offensive
over 700k likes and 20million views,Not_offensive,Not_offensive,Not_offensive
தரம் கெட்ட தலைவன் முகத்தை வெளிப்படுத்தி உள்ளார்கள்... இது பொழுதுபோக்கு படம் அல்ல இந்த கால பெண்கள் விழிப்புணர்வு பெற தயாரிக்கப்பட்ட ஒரு காவியம்... நாடக காதல் கும்பலின் மூலம் வாழ்க்கையை தொலைக்காமல் வாழ வழி சொல்லும் காவியம்... மிகப்பெரிய அளவில் வெற்றி வாகை சூட நல்வாழ்த்துக்கள்,Not_offensive,Not_offensive,Not_offensive
Ajith citizen film wakkala ikee,not-Tamil,Not_offensive,Not_offensive
Pottu Taaku! Pottu Takku! Semma treat maaa!,Not_offensive,Not_offensive,Not_offensive
Idhu Vera leval trailer pa... BGM Ayo...,Not_offensive,Not_offensive,Not_offensive
Super trailer namma movie Namma annaVIJAY avargalutayathu,Not_offensive,Not_offensive,Not_offensive
"Mannu seri, ponnu Enna porulaa? Oru manishiyaa property aa paarkudhu.. naadu nasamaga Dan poga pogudhu.. pollachi issue la maatunavan la endha caste nu therila ye.. epdium aandai yaa Dan irupaanga pola.. paarpan kitta adimaiyaa irundhaalum ivanukku innoru adimai venum..",Offensive_Targeted_Insult_Group,Offensive_Targeted_Insult_Group,Not_offensive
ஒரு கவுண்டனாக இப்படம் மாபெரும் வெற்றியடைய வாழ்த்துக்கள்,Not_offensive,Not_offensive,Not_offensive
எத்தனை பேர் இங்கிலிஸ்ல உள்ள படத்தோட பேர தப்பா படிச்சது,Not_offensive,Not_offensive,Not_offensive
Yogi babu koko 500k Super star rajinikanth ku 374k tha thu thu entha vayasula ethu thavaiya da,Offensive_Untargetede,Offensive_Targeted_Insult_Individual,Offensive_Targeted_Insult_Individual
ஒருவனுக்கு அவன் ஜாதி மதம் சொந்தம் பந்தம் இனம் தாய்மொழி தாய்நாடு என அனைத்தும் பெரிதுதான்...,Not_offensive,Not_offensive,Not_offensive
Enda inum jathi jathinu film vaichu idhu pandriga...tamil Pan badu evlo..evlo tamilnatula alichu pona viseyam evlo iruku...adala vitutu. Enda makala jathiya thundi videraga..idhual film ah da thuu,Offensive_Targeted_Insult_Group,Offensive_Untargetede,Offensive_Targeted_Insult_Group
Thala da tamilnadu mass da thala da...,Not_offensive,Not_offensive,Not_offensive
Kaithi padam paathutu vanthu trailer paakravanga like,Not_offensive,Offensive_Targeted_Insult_Other,Not_offensive
உங்களிடம் என்னுடைய கேள்வி. நான் இந்த நாடக காதலை நேரில் சந்தித்த அனுபவம் உள்ளவன். நான் நாடக காதலை மிகவும் வண்மையாக எதிர்பவன். எனது சாதி தேவேந்திர குல வேளாளர் நாங்கள் சாதிய பட்டியல் வெளியேற்றத்தை வேண்டி போராடுபவர்கள். நாங்கள் கல்வி மற்றும் ஒழுக்கம் மட்டுமே எங்களை முன்னேற்றும் என்ற கொள்கையை அடிப்படையாகக் கொண்டவர்கள் ஆனால் எங்களையும் நாடக காதல் கும்பலுடன் சேர்த்து பார்ப்பது சரியா? அசுரன் திரைப்படம் எங்களுடைய கண்ணீர் வரலாறு அதையும் சேர்த்து இகழ்ந்து பேசுவது சரியா? எங்களை தனிமைபடுத்துவது சரியா? மனம் வருந்தி கேட்கிறேன்.,Not_offensive,Not_offensive,Not_offensive
Viswasatha kaatrathuku innorthangala yean asingapaduthuringa... inimel thala fans yarum asingapaduthamatanganu nenaikuren... naanum thala fan than,Not_offensive,Not_offensive,Not_offensive
Bro starting dialogue la konjam thimiru irikae. Thappa irikae bro.,Offensive_Untargetede,Not_offensive,Not_offensive
I'M WAITING FOR THIS MASS ENTRY OF LALETTAN & SURIYANNAN...,Not_offensive,Not_offensive,Not_offensive
திரௌபதி படம் மிகப்பெரிய வெற்றியடைய எனது மனமார்ந்த வாழ்த்துக்கள்,Not_offensive,Not_offensive,Not_offensive
Mohanlal is looking like Narendra modi,Not_offensive,Not_offensive,Not_offensive
Epdi naraya.. Naraya.. Naraya..naraya..naraya..naraya..this is ajith kumar roar..,Not_offensive,Not_offensive,Not_offensive
Full & Full action movie nu nenaikiran!!!,Not_offensive,Not_offensive,Not_offensive
Yedraaaaaaa anda ascaar award ah this film will sure gonna a huge one of Dhanush,Not_offensive,Not_offensive,Not_offensive
Soon 1M Likes Before Movie Release Kandippa Vantudum,Not_offensive,Not_offensive,Not_offensive
Thala sema maassss solla varthaye illa,Not_offensive,Not_offensive,Not_offensive
Evlo naal tha Diwali kku unga Vijay ae varuvaruu Intha yr Diwali enga anne #kaithi Naaanga thaa,Offensive_Untargetede,Offensive_Targeted_Insult_Individual,Offensive_Targeted_Insult_Individual
Coments paathale sirippu varuthu'nu solluravanga mattum like...,Not_offensive,Not_offensive,Not_offensive
bank la kaasu collection pandra pune char nenaikuren,Not_offensive,Not_offensive,Not_offensive
நாமக்கல் மாவட்ட சோழிய வெள்ளாள சமுதாயம். சார்பாக திரௌபதி படம் வெற்றி பெற வாழ்த்துகள்.,Not_offensive,Not_offensive,Not_offensive
Kangana doesn't look like j Amma,Not_offensive,Offensive_Targeted_Insult_Group,Not_offensive
"நான் தேவர், எனது மற்றும் என்னை சார்ந்தோர்களின் ஆதரவு திரௌபதிக்கு உண்டு",Not_offensive,Not_offensive,Not_offensive
Saamy 2 - no Trisha 2.0 - No Aishwarya rai Anyways Shankar & Rajinikkaga paapom,Not_offensive,Not_offensive,Not_offensive
Vere Level #Thalaaa Heavy Trailer #marana_mass,Not_offensive,Not_offensive,Not_offensive
"Ultimate unnaku yaravathu palaya friend irukagala,,nambatha",Not_offensive,Not_offensive,Not_offensive
இப்படம் வெற்றி பெற சென்னை வன்னியர்கள் சார்பாக வாழ்துகிறோம்......,Not_offensive,Not_offensive,Not_offensive
surya Anna s3 marana mass teaser,Not_offensive,Not_offensive,Not_offensive
Vjs fans hit like like,Not_offensive,Not_offensive,Not_offensive
Thala naa mass Mass naa Thala,Not_offensive,Not_offensive,Not_offensive
இதில் தலீத் சமுதாயம் தவிர மற்ற அனைத்து சமுதாய மக்களும் பாதிக்கப்பட்டு ஆதரவு கொடுக்குராங்களை ஆதரவுக்கு நன்றி வெற்றி! வெற்றி! வெற்றி!,Not_offensive,Not_offensive,Not_offensive
Ajith ku set agala.. No mass scene,Offensive_Targeted_Insult_Individual,Offensive_Targeted_Insult_Individual,Not_offensive
Verithanama irukum Mannu ponnu rendum mukkiyam sema,Not_offensive,Not_offensive,Not_offensive
I like kaappaan more than ngk,Not_offensive,Not_offensive,Not_offensive
Vera level nanpa. Padam vetri adaiya vendukiren. Sila koottathukku adi verthurukkum,Not_offensive,Not_offensive,Not_offensive
Anna dialogu lam vera level na mass NJK,Not_offensive,Not_offensive,Not_offensive
Probably a super-hit movie.. Script s very unique..,Not_offensive,Not_offensive,Not_offensive
September 8 ( Today )...13 Years Of Sillunu Oru Kaadhal.,Not_offensive,Not_offensive,Not_offensive
Padam disaster by Thala fan 🤧,Not_offensive,Not_offensive,Not_offensive
Very mass. Mass varanum rajini fans hit like,Not_offensive,Not_offensive,Not_offensive
Trailer Semmaiya irukku Pakka Blockbuster Party Time Thalaaaa,Not_offensive,Not_offensive,Not_offensive
Thala machan richid entha padam hit aakanum,Not_offensive,Not_offensive,Not_offensive
"thala sema as usual, hard worker pa kathukanum avarkita irundhu",Not_offensive,Not_offensive,Not_offensive
YOU WILL SEE MY RAGE,Not_offensive,Not_offensive,Not_offensive
Vaai vittu sirital noai vittu pogum,Not_offensive,Not_offensive,Not_offensive
Petta 713K LIKES Nerkonda paarvai 721K LIKES,Not_offensive,Not_offensive,Not_offensive
STR நிங்கள் இல்லாமல் நான் இல்லை...,Not_offensive,Not_offensive,Not_offensive
ஆயுத எழுத்து மாதிரி இருக்கே எனக்கு மட்டும்தானா!?,Not_offensive,Not_offensive,Not_offensive
400 cros but cg innum nala pannirukanum. Mathabadi k,Not_offensive,Not_offensive,Not_offensive
Suriya annna in verithanam mode:* pakka mass entertainer,Not_offensive,Not_offensive,Not_offensive
#Rajasir hardcore Fans hit like,Not_offensive,Not_offensive,Not_offensive
Evlo crore la padam eduthalum 500 mb dhan pa,Not_offensive,Not_offensive,Not_offensive
Kaappaan vera level trailer surya semma,Not_offensive,Not_offensive,Not_offensive
தலைவா Vera level Tha podra vediya,Not_offensive,Not_offensive,Not_offensive
நாயுடு நாயக்கர் மக்கள் சார்பாக படம் வெற்றி பெற வாழ்த்துக்கள்...,Not_offensive,Not_offensive,Not_offensive
Dub k like te dub k support,not-Tamil,Not_offensive,Not_offensive
All ammai kunji fans ku oru ooooo podu...🤟,Offensive_Untargetede,Not_offensive,Not_offensive
Dr. BR. Ambedkar dialogue. Jai bheem,Not_offensive,Not_offensive,not-Tamil
Parraa... Mmm... Padam oduthanu pappom...,Not_offensive,Not_offensive,Not_offensive
"Gounder,vanniyar,devar,pillai...ivargal yaarum jaathiyai yethirkavillai...naadaga kadhalai than yethirkirargal enbathai unarthum arumayana trailer...KVG saarbaga padam vetri adaya vaazhthukal",Not_offensive,Not_offensive,Not_offensive
Omggggg maranaaaa massss Cant wait to watch the movieeee Singamm vaaaa daaaa vaaaa daaaaaa,Not_offensive,Not_offensive,Not_offensive
Anaithu Naidu & Reddiar inathavar saarbaga ippadam vetri adaya vazthukirom.,Not_offensive,Not_offensive,Not_offensive
Pink film ka copy hai ye,not-Tamil,not-Tamil,not-Tamil
"Dai u.nithi... Nee psycho mattumila KENAPAYA., MENTALPAYA., MUTTAPAYA...",Offensive_Targeted_Insult_Individual,Offensive_Targeted_Insult_Individual,Offensive_Untargetede
In cinema dictionary la maaaaaassss ku meaning theduna kandipa superstar nu Dan irukuma...,Not_offensive,Not_offensive,Not_offensive
Sankar sir love yu sir #Flimsy Media #FlimsyMedia,Not_offensive,Not_offensive,Not_offensive
2016 kerala Pulimurugan Andra Janatha Gareg Kannada Nagarao & Tamil S 3 Industry Hit is waiting MASS KA BAP SURIYA,Not_offensive,not-Tamil,Not_offensive
Veri tanam thalapathy na mass,Not_offensive,Not_offensive,Not_offensive
keerthi da voice nala erukaa friends,Not_offensive,Not_offensive,Not_offensive
Salami fans ku oru ooooo podu,Not_offensive,Not_offensive,Not_offensive
wowwwwww what a style ya...,Offensive_Untargetede,Not_offensive,Not_offensive
Kaithi trailer super AND Bigil teasar kaha marana Waiting,Not_offensive,Not_offensive,not-Tamil
mass mass mass mass mass theri pogadga,Not_offensive,Not_offensive,Not_offensive
Naan thala rasigan da trailer paakurathuku munnaadiye like poduven தல,Not_offensive,Not_offensive,Not_offensive
Semma mass anna adhi anna niga ippa sirithal deepavalai than,Not_offensive,Not_offensive,Not_offensive
Ak.king 🤙 you தடைகளைத் தாண்டி சரித்திரம் படைக்கும் நாயகன்,Not_offensive,Not_offensive,Not_offensive
Esa lag rha hai sare hatters ynhaa aa gye hai,not-Tamil,not-Tamil,not-Tamil
Ipo enna panna porom? Ahhhh sweet saapda porom,Not_offensive,Not_offensive,Not_offensive
Hip hop thamizha jayam ravi fans,Not_offensive,Not_offensive,Not_offensive
திருச்சி பேரரசர் பெரும்பிடுகு முத்தரையர் மாவட்டம் சார்பாக வாழ்த்துக்கள்,Not_offensive,Not_offensive,Not_offensive
vaara ella padathukkum naanga yarunnu kaattavenum so ellarum like and command niraya niraya pannuga... views pothathu...,Not_offensive,Not_offensive,Not_offensive
Okkali matha saadhi karan elam intha padatha theatrela poi parunga...indha group ah oda vidrom🤘🤘Hindu Nadar,Offensive_Untargetede,Not_offensive,Not_offensive
Myskin sir movie pathaley Hollywood movie style la irukum nu ninaikuravanga like podupa,Not_offensive,Not_offensive,Not_offensive
sama sama sama thala last dialogue nachunu eruku.lovely voice for Ajith.,Not_offensive,Not_offensive,Not_offensive
"Yow innaya ithu,,,,shankarala mattum than ippadi mudiyum semma weight",Offensive_Untargetede,Not_offensive,Not_offensive
Rasini rsigakunjugal thooku pottu saagavum...nalla naaka pudungura madiri kelvi ketrukanunga thaleevara!!!,Offensive_Targeted_Insult_Group,Offensive_Untargetede,Offensive_Targeted_Insult_Individual
Innum Konjam Better aa Irunthirukkalam Solravanga Like Pannunga...,Not_offensive,Not_offensive,Not_offensive
mass level la irukku suriya anna... tharikka viduringaaa...mass mass...,Not_offensive,Not_offensive,Not_offensive
singam vaada vaada vaada... i love,Not_offensive,Not_offensive,Not_offensive
Hi vijay Anna Bairava teaser super,Not_offensive,Not_offensive,Not_offensive
Neenga ethanai wall kati thaduka nenaithalum intha padathoda block buster ah thadukavae mudiyathu.. Jayam Ravi again proved..,Not_offensive,Not_offensive,Not_offensive
Thaaa...Teaser na itha da teaseru vera leveluu,Not_offensive,Not_offensive,Not_offensive
Unlike pannawan poora 2k kids 90s kids daaaa,Not_offensive,Offensive_Targeted_Insult_Group,Not_offensive
"ayyo cmmnt sectn fulla tamil..ethume puriyilla...ithile yaar gud yaar bad... kannadi ya or silabam vathiyara,gud?",Not_offensive,Not_offensive,Offensive_Targeted_Insult_Individual
Neenga adichu norukunga thalaivaa chiyaan rocks,Not_offensive,Not_offensive,Not_offensive
I'm suriya Anna fan Naane 100Times Mela pathuten Thala Vera level love you Thala love you,Not_offensive,Not_offensive,Not_offensive
Amesing teaser Mass&class Vijay anna baby face super Varlam varlam vaa bairava I Am Waiting for bairava darisanam,Not_offensive,Not_offensive,Not_offensive
உடையார் இனத்தின் சார்பாக மனமார்ந்த நன்றி மற்றும் வாழ்த்துக்கள்,Not_offensive,Not_offensive,Not_offensive
Thala love you paaa Vera maari,Not_offensive,Not_offensive,Not_offensive
"Adei, padatha innaikke release pannungada, illena kola gaandu ahiduvom",Offensive_Untargetede,Offensive_Untargetede,Offensive_Untargetede
ossm soon to hit 7million views,Not_offensive,Not_offensive,Not_offensive
enna achchi sakar sir no good,Offensive_Untargetede,Not_offensive,Not_offensive
Harris jayaraj my heart beat mubarak,Not_offensive,Not_offensive,Not_offensive
BGM King U1 fans like here,Not_offensive,Not_offensive,Not_offensive
Ovvoru frame layum thalaivan pinni pedal eduthrukar,Not_offensive,Not_offensive,Not_offensive
Niraya niraya niraya niraya ethipaarpoda kaathirukkom,Not_offensive,Not_offensive,Not_offensive
Semma MASS Chiyan Vikram Sir I am waiting,Not_offensive,Not_offensive,Not_offensive
அருமையான படம் மிகப்பெரிய வெற்றி அடைய வாழ்த்துக்கள் சமூகத்தின் இன்றைய அவல நிலையை எடுத்துக்காட்டும் படம் காதல் என்னும் பேரில் நடித்து பெண்பிள்ளைகளை ஏமாற்றும் தேவி..யா பயலுகளை கண்டந்துண்டமா வெட்டனும் அந்த ஈனபிறவிகளை சங்க அறுக்கனும்,Offensive_Targeted_Insult_Group,Offensive_Targeted_Insult_Group,Not_offensive
Vera level trailer especially climax dialog marana bangam...,Not_offensive,Not_offensive,Not_offensive
Enna da asuran masuran nu sollikittu...Tha veerama vara da #draupathi #BGM,Offensive_Targeted_Insult_Group,Not_offensive,Offensive_Untargetede
hi Vijay sir your fan sir,Not_offensive,Not_offensive,Not_offensive
Chindamani kolacase movie orma vannavark ivide like adikkam,Not_offensive,Not_offensive,Offensive_Untargetede
இந்த உலகத்தில் உண்மையை சொல்ல கூட ஒரு தைரியம் வேண்டும்... தெலுகு தேவாங்க சமுதாயத்தின் சார்பாக வெற்றி பெற வாழ்த்துக்கள்,Not_offensive,Not_offensive,Not_offensive
Wish u to Surya Anna fanse,Not_offensive,Not_offensive,Not_offensive
lets make it most liked video of youtube!!!,Not_offensive,Not_offensive,Not_offensive
Vera level 🥰 for thalaivar love u,Not_offensive,Not_offensive,Not_offensive
Ne va thalaivaaaa... Thukku duraya adichu thukkiralam...,Not_offensive,Not_offensive,Not_offensive
varalam VA varalam VA Bhairava rommma nalla panninga ba,Not_offensive,Not_offensive,Not_offensive
ايش هذا الفيلم متصدر في الامارات والسعودية...ياخي سامج وتفاهة,not-Tamil,not-Tamil,not-Tamil
Nammaku tevaiyanada namma taan adichi vaanganum; Padipa mattum nammakitta irundu edutuka mudiyathu,Offensive_Untargetede,Offensive_Untargetede,Offensive_Targeted_Insult_Group
Watching again and again...Suriya Anna,Not_offensive,Not_offensive,Not_offensive
இது Ngk இல்ல Ntk நாம் தமிழர் கட்சி சீமான் தமிழன்டா. ஆட்சி மாறும் பார்.,Not_offensive,Not_offensive,Not_offensive
Dei bhairava copied photo echa pasangala,Offensive_Targeted_Insult_Other,Offensive_Targeted_Insult_Group,Offensive_Untargetede
Vera level Yanaku avar mela paithiyam,Not_offensive,Not_offensive,Not_offensive
தென்மாவட்ட தேவமார் சார்பாக படம் வெற்றியடைய வாழ்த்துக்கள்...,Not_offensive,Not_offensive,Not_offensive
vijay awesome teaser from karnataka fan,Not_offensive,Not_offensive,Not_offensive
Verithanam illa illa Asurathanam #AsuranTrailer Pidichavanga Like pannitu ponga,Not_offensive,Not_offensive,Not_offensive
thalapathy kitta eppa vanga da mass bhairava da,Not_offensive,Not_offensive,Not_offensive
Editing seriya panala bha.. jump shot la rope theriyuthu.. paathu konjam seingha...,Offensive_Targeted_Insult_Other,Offensive_Untargetede,Not_offensive
ok thala enume yaraium oggalukaga asiga padutha matom,Not_offensive,Not_offensive,Not_offensive
I don't like mersal movie you laugh,Not_offensive,Not_offensive,Not_offensive
Thalaaaa always Massss... Love U thalaaa,Not_offensive,Not_offensive,Not_offensive
இனி சினிமாவிலும் சாதி அரசியல்... இது நல்லதாக தோன்றவில்லை... இதன் முதல் விதை சாதி வெறி ரஞ்சித் போட்டது... என்று இந்த சாதி வெறியர்களின் ரத்த தாகம் தீருமோ!!! இறைவா உன் கண்கள் குருடா... இந்த அவல நிலையை கண்டெடுத்து பார்...,Not_offensive,Not_offensive,Not_offensive
Starting to end vara pramandam than... Paaaa,Not_offensive,Not_offensive,Not_offensive
இது 1996 யார ஏமாத்த பாக்குறீங்க 🤔🤔🤭🤭🤭 Hope you guys understood,Not_offensive,Not_offensive,Not_offensive
90 s kids hit like here!!! Proud to say 90s Kidd's...haaaa,Not_offensive,Not_offensive,Not_offensive
Petta parak parak parak January 10 2019,Not_offensive,Not_offensive,Not_offensive
mr.lokesh kangaraj enna bigil kudaya nega thaan thalapathy64 edukiranga movie konjam date mathi poota nalla irukum,Not_offensive,Offensive_Targeted_Insult_Individual,Not_offensive
2.O kuda Padma Sariya odala but ithu therikum...,Not_offensive,Offensive_Targeted_Insult_Individual,Not_offensive
திருவண்ணாமலை தம்பிகள் சார்பாக படம் வெற்றி பெற வாழ்த்துக்கள்🥰,Not_offensive,Not_offensive,Not_offensive
Vj.. Nadaka vda matan seenu Thala.. Nadaka koodathu gethu,Not_offensive,Not_offensive,Not_offensive
2.0 waiting veriyans like here,Not_offensive,Not_offensive,Not_offensive
Namma #Thalapathy64 director_kage Oru like podlama?,Offensive_Untargetede,Not_offensive,Not_offensive
Vera level suriya's Hollywood look podu vediya...,Not_offensive,Not_offensive,Not_offensive
"திராவிடமும், தலித்தும் ஒன்னு என்றும் சொல்லும் தேவிடியா மவனே சாவுடா புண்டை மவனே... உன்கிட்டதான் சரக்கும் மிடுக்கும் இருக்கா வரச்சொல்லுடா யாரிடம் இருக்குனு பாக்கலாம்...",Offensive_Targeted_Insult_Individual,Not_offensive,Offensive_Targeted_Insult_Group
Orea padam than total tamilnadum intha kuruma groupaala epdi pathichiruku...ipo katharunga da,Not_offensive,Offensive_Targeted_Insult_Group,Offensive_Targeted_Insult_Group
Vera level mass thalaivaa NGK like panni Kaathuiruppom comment pannungae,Not_offensive,Not_offensive,Not_offensive
Cmt aana kammunaatingaluku...ithu easy ha purithu...singles ku masuru mari iruku...oru mannangatiyum purila...,Offensive_Targeted_Insult_Group,Not_offensive,Not_offensive
i like ashok and ritika and same dm fame sathya,Not_offensive,Not_offensive,Not_offensive
இங்க தினமும் வாரவங்க யாராச்சும் இருக்கிங்களா...நா தினமும் பலமுறை வந்துட்டு போறேன்...சூரியா அண்ணாவுக்காக,Not_offensive,Not_offensive,Not_offensive
Intha padathil don alleyaaa..ith enna mayam,Offensive_Untargetede,Not_offensive,Not_offensive
எங்கள் மனதில் நினைத்துக் கொண்டிருந்ததை திரை வடிவாக வடிவமைத்த மோகன்.g டைரக்டர் அவர்களுக்கு நன்றி.,Not_offensive,Not_offensive,Not_offensive
இயற்கையாகவே உற்பத்தி ஆகுற நதிய தனக்கு மட்டும் சொந்தம் கொண்டாடுர உரிமய யாருங்க குடுத்தா...,Offensive_Targeted_Insult_Other,Offensive_Targeted_Insult_Group,Not_offensive
யாதவர் சமுதாயம் சார்பாக இந்த படம் வெற்றியடைய வாழ்த்துகள்,Not_offensive,Not_offensive,Not_offensive
kadavulay epadiyadhu indha padam hit agiranum,Not_offensive,Not_offensive,Not_offensive
sathyama onume purilla solravanla kai thooku,Offensive_Untargetede,Offensive_Untargetede,Not_offensive
hindi version dekho ye h link,not-Tamil,not-Tamil,not-Tamil
இந்த ஆண்ட சாதி ஆமைகள் தொல்ல comment section la தாங்க முடியல நா தேவன்டா நா கவுண்டன்டா நா வன்னியன்டா அப்படினு comment போட்டு saavadikiraanuga,Offensive_Targeted_Insult_Group,Not_offensive,Not_offensive
Surya sir cult from telugu,Not_offensive,Not_offensive,Not_offensive
akshay Kumar is hero... rajini waste,Offensive_Targeted_Insult_Individual,Offensive_Targeted_Insult_Individual,Offensive_Targeted_Insult_Individual
Trailer release agi inum Trending la iruku. THALAIVAR MASS vera yarukum ila,Not_offensive,Not_offensive,Not_offensive
pollachi matar nakeeran kopal in sapot dialog,Not_offensive,Not_offensive,Not_offensive
Thala fans hit like me...,Not_offensive,Not_offensive,Not_offensive
Superrrrrrrrrrrrrrrr star na super star than maaaasssssssss,Not_offensive,Not_offensive,Not_offensive
"As,str,av,vs, bangam ar musical Vera level mani sir movie ahh ethu",Not_offensive,Not_offensive,Not_offensive
Udayanidhi fans like here... Likes Varuma?? Fans irupaangala...,Offensive_Targeted_Insult_Individual,Not_offensive,Not_offensive
"yaru ellam thala oda work dedication eh vfx effects nu solli criticize panrangalo, 1) unga kitta adhu kana proof edhuvum illa 2) avaru vandhu day and night ah hard work panni nammakulukaga padam panraru adhuku konjam atleast respect kuduka kathukonga summa veetula ukandhitu kora solra nala nammu onnum periya manishan agida mudiyathu",Not_offensive,Offensive_Untargetede,Not_offensive
Yaarellam padam paatha aprom trailer paakura,Not_offensive,Not_offensive,Not_offensive
Niraiya niraiya niraiya niraiya irukku...NKP update.. waiting,Not_offensive,Not_offensive,Not_offensive
Saw Movie maathiri iruku... But anyways Myskin waiting badly,Not_offensive,Not_offensive,Not_offensive
Enna Hari padam trailer paatha maari irukku...🤫,Not_offensive,Offensive_Targeted_Insult_Group,Not_offensive
Vera level தல Going to be a biggest blockbuster,Not_offensive,Not_offensive,Not_offensive
Iniku may 31 padam realease aairchu,Not_offensive,Not_offensive,Not_offensive
..tha vfx vera level da yebhaaa,Not_offensive,Not_offensive,Not_offensive
Yuvan 2k kids ayum addicted aga vachutaru.,Offensive_Targeted_Insult_Individual,Offensive_Targeted_Insult_Group,Offensive_Untargetede
Surya + Selva + u1 = perfect combo,Not_offensive,Not_offensive,Not_offensive
கோத்தா செம படம் போல... கண்டிப்பா பாக்கணும்.. மண் aa தொட்ட கூட விட்ருவோம் ஆன பொண்ண தொட்டவனா விட மாட்டோம் வாழ்த்துக்கள் இப்படிக்கு வீரக்கொடி வேளாளர் இனம்,Not_offensive,Not_offensive,Not_offensive
Hero movie trailer evolo peru wait pandringa like pannunga,Not_offensive,Not_offensive,Not_offensive
Kandipa ellam pakkavendiya padam for understanding politicians and epic climax,Not_offensive,Not_offensive,Not_offensive
Vijay sedhu padhi fanzzz like,Not_offensive,Not_offensive,Not_offensive
Vani bhojan my favourite heroine so like me,Not_offensive,Not_offensive,Not_offensive
Thala mass illa padam eppudi irukkumo,Offensive_Untargetede,Not_offensive,Not_offensive
... Thalaiva. Un adika Alle illa. Gethu,Not_offensive,Not_offensive,Not_offensive
Jaadhi venam...solla aarambikra time la...jaadhi name vachu... support panranga🤣🤣 3lakh Periyar vandhalum thirutha mudiyathu🤦🤦,Not_offensive,Not_offensive,Not_offensive
Semma semma semma semma semma semma semma semma semma semma semma semma semma semma semma semma semma semma semma semma semma semma semma semma,Not_offensive,Not_offensive,Not_offensive
Marana mass! Petta paraak,Not_offensive,Not_offensive,Not_offensive
Yena trailer da.Abba sama ghetu,Not_offensive,Not_offensive,Not_offensive
"Thala semma semma, congratulations from #kanyakumari #Simbu #fans",Not_offensive,Not_offensive,Not_offensive
Thalapathi faan aa but Oru rekshayum illa makkale,Not_offensive,Not_offensive,Not_offensive
Teejey veriyan da #teejey fans ellam like pannunga,Not_offensive,Not_offensive,Not_offensive
Idhu chumma trailer thaa ma Main pitch ah nee innun paakala... Paatharaatha pathari poyuruva,Offensive_Untargetede,Not_offensive,Not_offensive
Marana masssssssssssssss eanga thalaivar yaru vayasu ayeduchu mavena parunga enga marana masssssssssssssss eanga thalaivar,Offensive_Untargetede,Not_offensive,Not_offensive
Jeikromo illaiyo mothala sanda seiyanum --vada chennai Saavaratha irunthalum sanda pottu saavanum sir--- kaithi,Offensive_Untargetede,Offensive_Untargetede,Offensive_Targeted_Insult_Individual
நா கவுண்டண்டா...நாங்க செய்ய போறத படமா எடுத்துடாங்க,Not_offensive,Not_offensive,Offensive_Targeted_Insult_Group
Lallettan&Surya main role kappaan fdfs locked,Offensive_Targeted_Insult_Group,Not_offensive,Not_offensive
Friend na Facebook la like kudura nenachiya life fe kudukanum mass dialogue...,Not_offensive,Not_offensive,Not_offensive
Tending no 1 in malaysia,Not_offensive,Not_offensive,Not_offensive
need combination of thala mohanlal or pavan kalyan,Not_offensive,Not_offensive,Not_offensive
Hindi mai kb aayega 2.0 ka trailer,not-Tamil,not-Tamil,not-Tamil
Ella aathi thalapathy padatha partha sirikka,Not_offensive,Not_offensive,Not_offensive
savuratha irunthalum sanda pottu savanum sir payanthu kal la vilunthu sava kudathu sir... super dialogue,Offensive_Targeted_Insult_Other,Offensive_Untargetede,Not_offensive
My dr Padam 100 days poganum,Not_offensive,Not_offensive,Not_offensive
விளையாடிட்டு பொழுது போறதுக்குள்ள வீட்டுக்கு சீக்கிரம் வந்துருப்பானு அம்மா சொல்லுவாங்க. எதுக்கு சொன்னாங்கனு JADA TRAILER பாக்கும்போது தெரியுது.,Not_offensive,Not_offensive,Not_offensive
Only one talaivar pettta in pongal,Not_offensive,Not_offensive,Not_offensive
Ab tik-tik pe arop lagayegi..nepotism k naare lagayegi..,not-Tamil,not-Tamil,not-Tamil
Naa vijay fan but teaser semma Suriya vera level,Not_offensive,Not_offensive,Not_offensive
Those who want to see surya after varanam ayiram like different roles in kaapan.. like here..,Not_offensive,Not_offensive,Not_offensive
Eppovathu kathuna ok yepovumae kathuna yepadi da,Offensive_Untargetede,Offensive_Targeted_Insult_Individual,Offensive_Targeted_Insult_Group
Yr ye kangana chota bheem wali chutki badi ho gayi aisa lag raha hai,not-Tamil,not-Tamil,not-Tamil
நல்ல தலைவி மாரி காட்டி - background ல ஏதோ plan போட்ருக்க மாரி தெரிதே...🤔,Not_offensive,Not_offensive,Not_offensive
Mass thiruttu kumbalakku sariyana ADI...,Offensive_Targeted_Insult_Group,Not_offensive,Not_offensive
Karaname illame dislike panara pakkigalla rathavandhi yeduppanga,Offensive_Untargetede,Offensive_Untargetede,Offensive_Untargetede
Baba Movie Mari irukku Rajini Attitude,Not_offensive,Not_offensive,Not_offensive
night 12 Mani kulla 500K varanum thala fans like panuga vdo link shere panuga,Not_offensive,Not_offensive,Not_offensive
Ivlo naal enga mohan irundhinga neriya naaiga aatam Adigam aairuchu,Not_offensive,Not_offensive,Not_offensive
Neriya paer life la indha problem illamaiyae kashtam bayam varumpodhula sirichitu dhan irkom,Not_offensive,Not_offensive,Not_offensive
கள்ளக்குறிச்சி மாவட்டம் சார்பாக திரௌபதி திரைப்படம் வெற்றி பெற வாழ்த்துக்கள் இயக்குனர் மோகன்G அவர்களுக்கு நன்றி,Not_offensive,Not_offensive,Not_offensive
Phoenix bird...erikka erikka...ezhundhu varaan...en thala,Not_offensive,Not_offensive,Not_offensive
Sivakarthikeyan Kerala fans hit like,Not_offensive,Not_offensive,Not_offensive
தல தல வெறியன் டா நா,Not_offensive,Not_offensive,Not_offensive
karthi enna kidu look aanu.poli mass padamanu.narenum thakarthu,Offensive_Targeted_Insult_Other,not-Tamil,Not_offensive
Nanda Gopala Kumaran Negative Gopala Kumaran,Offensive_Targeted_Insult_Individual,Not_offensive,Not_offensive
புதுச்சேரி வன்னியர் சங்கம் சார்பாக படம் வெற்றி பெற வாழ்த்துக்கள்,Not_offensive,Not_offensive,Not_offensive
1 million likes varumnu solravanga podunga,Not_offensive,Not_offensive,Not_offensive
400k++ likes in 5 million views...,Not_offensive,Not_offensive,Not_offensive
2.18 sweet sapda porom..semma thalaiva... blur background arumaiyaana edit,Not_offensive,Not_offensive,Not_offensive
Karnataka naaye vaazhuda tamilan pootta pichayela,Offensive_Targeted_Insult_Individual,Not_offensive,Not_offensive
Thala ya pudikura thalapathy fans like podunga pa,Not_offensive,Not_offensive,Not_offensive
Ellam avan seyal movie madri iruku,Not_offensive,Not_offensive,Not_offensive
வடிவுகண்டு கொண்டபெண்ணை மற்றொருவன் நத்தினால் விடுவனோ அவனைமுன்னம் வெட்டவேணும் என்பனே..அடுத்த ஜாதி பெண்ணை தொடனுன்னு நினக்கிறவனை வெட்டி கூறு போடு..இப் படம் வெற்றி பெற வாழ்த்துக்கள்...,Offensive_Targeted_Insult_Other,Not_offensive,Not_offensive
Padippa mattum namma kitta irunthu eduthukitave mudiyathu... super thalaiva semma dialogue,Not_offensive,Not_offensive,Not_offensive
End ley dialogue purinjitha appo sandaiya neeruthunga da pakkigala,Offensive_Untargetede,Offensive_Targeted_Insult_Group,Offensive_Untargetede
Kadasiya neeyym unga appanum phsycovathanda aga poringa,Offensive_Targeted_Insult_Individual,Not_offensive,Offensive_Untargetede
i want to see so badly,Not_offensive,Not_offensive,Not_offensive
Oruthar (vijay) mela viswasam kaatardhukaga innorthara(ajith) en asinga paduthureenga Or vice versa Well said...,Offensive_Untargetede,Not_offensive,Not_offensive
Suriya Anna fans lam ennada pantringa... Teaser pathi ethavathu comments pannungada,Offensive_Targeted_Insult_Group,Offensive_Targeted_Insult_Other,Offensive_Untargetede
Dislike pottavanga lam தேங்காய் சீனிவாசன் rasikarnu ninaikuren,Offensive_Targeted_Insult_Individual,Not_offensive,Offensive_Untargetede
Eippa Kudiurimai perichani poidu eruku etha therippe vidathan Entha jathi perichani eippa ahrampichudanga edhu puriyama jathiya paithi peasura nerama ethu. Srilanga LA Erukarava unga jathikaranum eruka Ennoda jathikaranum erukan ahvanga enga varakudathunu than Kudiurimai saittam Entha saittatha ethurith eillarum poraduranag Entha nerathula Ethuku Entha movie trailer release ahganum yocinga,Offensive_Targeted_Insult_Group,Offensive_Untargetede,Not_offensive
Na arasiyaluku vradu urudi adra adra 14 varushama solnukiraru...,Offensive_Targeted_Insult_Individual,Not_offensive,Not_offensive
மிஷ்கின vs இளையராஐா 1.நந்தலாலா 2.ஓனாயும் ஆட்டுகுட்டியும் 3.சைகோ Hotrick,Not_offensive,Offensive_Targeted_Insult_Group,Not_offensive
Enna dhairiyam irundhirundha thalapathy Ya otirupinga da naiyee,Offensive_Untargetede,Offensive_Targeted_Insult_Individual,Offensive_Untargetede
très intéressant. ou trouver la version complète?,Not_offensive,Not_offensive,Not_offensive
sirappana tharamaana sambavangala pongal ku dha paaka poringa...varardhu thalaivaru petta paraakk...,Not_offensive,Not_offensive,Not_offensive
#thala Vera Level #Yuvan Bgm 🤙,Not_offensive,Not_offensive,Not_offensive
Naan kuda first movie Maari love based nu nenachen knjm disappointed but still oru time paakanumnu thonuthu,Not_offensive,Not_offensive,Not_offensive
துபாய் பாலைவனமாய் இருந்ததா அந்த மக்கள் சோலைவனம் மாற்றி இருக்காங்க ஆனா தமிழ் நாடு சோலை வனமாக இருந்ததா ஏன்டா பாலைவனம் மாத்தறீங்க,Offensive_Untargetede,Offensive_Targeted_Insult_Group,Not_offensive
kevvalam munchaa paaru panni munchi madhuriyae,Offensive_Targeted_Insult_Individual,Offensive_Untargetede,Offensive_Targeted_Insult_Individual
masss anna 2017 la namba tha massss,Not_offensive,Not_offensive,Not_offensive
சிவகங்கை மாவட்ட கம்மாளர் பேரவை சார்பாக வெள்ளி காண வாழ்த்துக்கள்,Not_offensive,Not_offensive,Not_offensive
Make it 1million likes #youcandoit,Not_offensive,Not_offensive,Not_offensive
Or y trailer kis kis ko pasand aaya,not-Tamil,not-Tamil,not-Tamil
"rey endhidhi,,, aaaa maakentidi antunna. Brathakanivvandra babu janalni",not-Tamil,Not_offensive,not-Tamil
Vera level daa selvaaaa u geniusss,Not_offensive,Not_offensive,Not_offensive
Anbumani apadiya rombha nalava... mudhal jathi veri naiya ah avadha...da porike...anubamani vaichu movie edutha ida vuda kavalam ah edukalam..,Offensive_Targeted_Insult_Individual,Offensive_Targeted_Insult_Group,Offensive_Targeted_Insult_Group
சேலம் பாட்டாளி மக்கள் கட்சி மாணவர் சங்கம் சார்பில் படம் வெற்றி பெற்ற வாழ்த்துக்கள்,Not_offensive,Not_offensive,Not_offensive
ithula illayaraja music ea illaye intha music vera engayo keta maari irukee,Offensive_Targeted_Insult_Individual,Offensive_Targeted_Insult_Group,Offensive_Untargetede
என்னுடைய எதிர்பார்ப்பை பூர்த்தி செய்யும் அளவிற்கு படம் இருக்கும் என்று நினைக்கிறேன் நன்றி,Not_offensive,Not_offensive,Not_offensive
அருமை அருமை மிகப்பெரிய வெற்றி பெற மாவீரன் மண்ணில் இருந்து வாழ்த்துக்கள்.. மோகன் ஜி..சோலை ஆறுமுகம்..,Not_offensive,Not_offensive,Not_offensive
Vera level fun Ending 🤣🤣🤣🤣🤣🤣,Not_offensive,Not_offensive,Not_offensive
Pa. ranjith kita director ameer kaetaru sari ranjith namma intha jathi certificates elam kiluchu potu elam onna aaiduvom. Apo evan enna panranu papom nu sonaru. Apo ranjith solraru athu epdiga nanga #dalith nu. Ipo theriutha yaru jathi yaa kondu vanthaga movie la nu. Nija valkaiyilum. Ne apdi edutha ivan ipdi thaan edupan. Ne nambalanalum athaan nezam,Not_offensive,Offensive_Targeted_Insult_Individual,Offensive_Targeted_Insult_Group
hi Suriya bro nengulum arasiyala kk nadu nalla erukkum,Offensive_Targeted_Insult_Individual,Not_offensive,Not_offensive
Enada parithabangal Sudhakar Jayalalithaa getup pota Maari irku.. bangam Da...,Offensive_Targeted_Insult_Group,Offensive_Targeted_Insult_Individual,Offensive_Targeted_Insult_Group
Konjam yoshirukalam fire truck kuptu thanni pachiruntha Ella phone vela senjirukathu yosingaya,Not_offensive,Offensive_Untargetede,Offensive_Untargetede
First day poaravangalam like poatu poanga,Not_offensive,Not_offensive,Not_offensive
Nasam thara nasam thala i love u,Not_offensive,Not_offensive,Not_offensive
That's my friend for you...poradama pogavum matan sagavum matan #THALADA...,Not_offensive,Not_offensive,Not_offensive
Mannu ponnu rendum mukkiyam Mass dailogh,Not_offensive,Not_offensive,Not_offensive
"தமிழ் நாட்டில் இத்தனை சாதிகளா, commant பார்த்து தெரிந்து கொண்டேன்... ஆக ஒன்று மட்டும் புரிகின்றது ரவுடி கும்பல் ஒன்றின் வேசம் கலைகிறது",Not_offensive,Not_offensive,Not_offensive
Trisha simran'a Vida aged ah Irukanga. Vj Sethupathi,Offensive_Targeted_Insult_Individual,Not_offensive,Not_offensive
advance happy diwali bhairava fans mass,Not_offensive,Not_offensive,Not_offensive
Paakka thana pora intha kaali aattathA,Not_offensive,Offensive_Untargetede,Not_offensive
OMALA KV IS BACK BITCHES!!! SURYA MOHANLAL ARYA SAYYESHA,Offensive_Targeted_Insult_Group,Not_offensive,Not_offensive
நம் ஆதரவுடன் திரௌபதி வெற்றி பெற வாழ்த்துகள்🤝🤝வச்சி செய்றோம்,Not_offensive,Not_offensive,Not_offensive
Guys Teaser la suriya Anna name podalai guys Enna nadakuthu,Offensive_Targeted_Insult_Other,Not_offensive,Not_offensive
"Music Ilaiyaraja than, aana avaru Beethoven music a thirudala avaru aanmai ullavar vera",Offensive_Targeted_Insult_Individual,Offensive_Targeted_Insult_Individual,Not_offensive
ஜீவா அண்ணனுக்கு வாழ்த்துக்கள் இப்படம் கண்டிப்பா வெற்றியடையும்...,Not_offensive,Not_offensive,Not_offensive
Naa arasiyaluku varuven...Yaara emature??? ithe 96??? hahahahahahah,Not_offensive,Not_offensive,Not_offensive
"Epo 96 la avar arasiyaluku varadhunu urudhinu sonaru, poiya unmai aaka ungalala dhan mudium, edhu sonalum namba Inga ullavangalala nallavae mudidhu..",Not_offensive,Not_offensive,Offensive_Targeted_Insult_Group
Jai surya anna from ap,Not_offensive,Not_offensive,Not_offensive
PREVIOUS SUPER STAR. CURRENT SUPER STAR.FUTURE SUPER STAR THALAPATHI RAJINIKANTH,Not_offensive,Not_offensive,Not_offensive
Ithupola niraya padam vanthatha ponungala ipaditha irukanunu therinjipanga,Not_offensive,Not_offensive,Not_offensive
"General ah.. Ella padathoda trailer um nalla tha iruku.. Aana full movie pakkum pothu tha therium athu hit ah flop ah nu.. So, guys, endha padama irundhalum 2 min trailor pathu yemarathinga.. 2.30 mani nera padam pathittu comments podunga..",Offensive_Targeted_Insult_Other,Not_offensive,Offensive_Targeted_Insult_Group
"Pullingo likes bigil, men like kaidhi",Offensive_Targeted_Insult_Other,Not_offensive,Offensive_Targeted_Insult_Individual
Sema last line than marama masss,Not_offensive,Not_offensive,Not_offensive
ωοω ωοω super superb thalaiva @-}--,Not_offensive,Not_offensive,Not_offensive
Delhi Babu kekka bekka copy hahaha,Not_offensive,Not_offensive,Not_offensive
Come on guys atlest 4 hrs kullayadhu 1m likes varanum,Not_offensive,Not_offensive,Not_offensive
Super mass pah sai palavi,Not_offensive,Not_offensive,Not_offensive
i think vaseegaran will die in this movie!!!,Offensive_Targeted_Insult_Individual,Not_offensive,Not_offensive
தூத்துக்குடி நாயக்கர் சமுதாயம் சார்பில் படம் வெற்றி அடைய வாழ்த்துக்கள்,Not_offensive,Not_offensive,Not_offensive
Kadaisi varaikum oru Potta a r murugadoss ah naakitu ippo Attlee pakkam nakka vanthuruku.. Yaaro antha potta,Offensive_Targeted_Insult_Individual,Offensive_Targeted_Insult_Group,Offensive_Untargetede
Nan sirikka ready. I am witeting,Not_offensive,Not_offensive,Not_offensive
Blue sattai will be like... Padathula avanga sirichikite than irrukanga aana Padam paakara namaku than siripe varala,Offensive_Targeted_Insult_Group,Offensive_Targeted_Insult_Group,Not_offensive
2k18 la trending 2.iniki 2k19 la first eduthutu vandhu sweet saapdaporom,Not_offensive,Not_offensive,Not_offensive
"Ennangada ithu viswasam bgm kekuthu, 🤔🤔",Not_offensive,Offensive_Untargetede,Offensive_Untargetede
Ajith + u 1 combo superrrrrrrr,Not_offensive,Not_offensive,Not_offensive
காதல் எண்ற போர்வேவியில் ஏமாத்தும் அனைவருக்கும் செருப்பால் அடிச்ச படம்,Offensive_Targeted_Insult_Other,Offensive_Targeted_Insult_Group,Not_offensive
Trailer mattum maasam maasam varuthu but movie than yepa varuthunu therila ovvoru trailer um soon soon varuthu,Not_offensive,Not_offensive,Not_offensive
pahhhhhhhhhhh kandipa theatre la yelarum saga poranga... thanks director hariiiiii ji teaser parthae padam yepadi iruku nu ennagaluku puriya vechadhuku... innum ne thirudhalaya da kulan Surya...,Offensive_Targeted_Insult_Individual,Not_offensive,Not_offensive
பெண்களின் பாதுகாப்புக்காக விழிப்புணர்வு திரைப்படம்,Not_offensive,Not_offensive,Not_offensive
Auran triler like kapaan triler comment,Not_offensive,Not_offensive,Not_offensive
Suriya Anna and yuvan sir selva sir masss,Not_offensive,Not_offensive,Not_offensive
Viswasam 17m view 3days..petta 17m views 7 days...,Offensive_Targeted_Insult_Individual,Not_offensive,Not_offensive
"Kalappu thirumanam seiyarathu thappu seri ok irruattum appo antha makkal en ungalukku vote podanum kekareenga? Unga saathi ponna kaapathikonga sir, avanga vote yum kekatheenga,thirumavalavan ah kora solra neenga,divya entha aranmanai vechirunthanga nu sollunga,ippo divya oda nilamai enna nu solluveengala? Intha padatha Dalits purakanikkanum appo than intha mathiri veruppu mikka padangal varathu",Not_offensive,Offensive_Targeted_Insult_Group,Not_offensive
Feel the BGM 1:21 yuvan,Not_offensive,Not_offensive,Not_offensive
Vara Level wating for movie Apo varum Feb 14,Not_offensive,Not_offensive,Not_offensive
I am sri lanka but I love youu indiaaaaaaaaaaaaa,Not_offensive,Not_offensive,Not_offensive
thala tha Da mass... pidikala na Muditu poga Da don't dislike... enagaluku enga thala tha Da apovuma..,Not_offensive,Not_offensive,Offensive_Untargetede
amai fansss 8 K dislikes. poaramai level,Offensive_Targeted_Insult_Group,Offensive_Targeted_Insult_Group,Offensive_Untargetede
Koi mera channel b subscribe karlo Mai b achi videos banata hon subscribe karlo koi plz,not-Tamil,not-Tamil,not-Tamil
Rajni kitta poi kelu vijayakanth annana pathi. Payam thiriyum.,Offensive_Targeted_Insult_Individual,Offensive_Untargetede,Not_offensive
Thalaivar nadicha movie la idhu vera level ah irukku,Not_offensive,Not_offensive,Not_offensive
"Ennada Trailerae Ipdi Bore Adikuthu, Intha Padatha Vera Download Pani Vera Pakanum. Yenda Engala Ipdi Kolreenga",Offensive_Targeted_Insult_Group,Offensive_Untargetede,Offensive_Untargetede
32k anil fans.. i mean wig anil fans,Offensive_Targeted_Insult_Individual,Not_offensive,Not_offensive
Mass mass mass mass mass mass mass mass mass mass mass mass Masss Marana mass THALAIVER... MASS,Not_offensive,Not_offensive,Not_offensive
Trailer vera level bgm adukum mela karthi acting ultimate,Not_offensive,Not_offensive,Not_offensive
700k reached.. 300 in 1m. Therika viduvomaaaaa.,Not_offensive,Not_offensive,Not_offensive
Vani bhojan ku ivalo fans ha,Not_offensive,Not_offensive,Not_offensive
"வேலைக்கு ஆட்கள் தேவை இடம்: சென்னை வயது:18 to 28 வருமானம்:15000 ‍to 25000 நிரந்தர வேலை தங்குமிடம் இலவசம், 7904582157",Not_offensive,Not_offensive,Not_offensive
Dai vani bhojan engada ivlo kammiaya katirukinga pongadaaa,Offensive_Targeted_Insult_Group,Offensive_Targeted_Insult_Group,Offensive_Untargetede
Surya is massive Kandippa padam block buster aagum kaathirupoam,Not_offensive,Not_offensive,Not_offensive
Na rasigan solla romba perumaiya iruku,Not_offensive,Not_offensive,Not_offensive
Anna acting padathile muzhuneela paapom (Awesome Anna),Not_offensive,Not_offensive,Not_offensive
EnnadA 20 time's mela patachu idhu verailkum. Views erala da dae youtube channel owner unna adichu koluvaenda,Not_offensive,Offensive_Untargetede,Offensive_Untargetede
Sathiyama solra teasera nighttha pakren antha bgmoda avanga bodhu allu vttruchu peiya paatha maari irukku,Offensive_Targeted_Insult_Group,Offensive_Targeted_Insult_Group,Not_offensive
Telugu audience... Fans from Andhra... Rajani sir keka...,Not_offensive,Not_offensive,Not_offensive
Who like in 2019 put like,Not_offensive,Not_offensive,Not_offensive
Twinkle twinkle little star. Rajini is the superstar. Dhoooollllmmmaaaaaaaa how is it. Superuuu,Not_offensive,Not_offensive,Not_offensive
Kangana is too much titts y...,Not_offensive,Not_offensive,Not_offensive
Wow. I love you Thalaivaaaaaa.,Not_offensive,Not_offensive,Not_offensive
செம மோகன் சூப்பர் தப்பா சொல்லி கொடுத்து அரசியல் செய்யற நாய்களுக்கு செருப்படி.,Offensive_Targeted_Insult_Group,Not_offensive,Offensive_Targeted_Insult_Group
Same problem my family side good work mohan bro I'm vanniyar movie win panna valthukal nadakathal sarakku midukku naikalukku seruppadi,Offensive_Targeted_Insult_Group,Not_offensive,Not_offensive
Savadi vanga poreenga!!! Kevalama iruku,Offensive_Targeted_Insult_Group,Offensive_Targeted_Insult_Group,Not_offensive
Magal enadra muralili enoda vazhthukal anna,Not_offensive,Not_offensive,Not_offensive
#NGK Mass Suriya anna vera level,Not_offensive,Not_offensive,Not_offensive
20 millions views varum nu soldra guys mattum hit likes,Not_offensive,Not_offensive,Not_offensive
Vetrimaran movie nice kathai all semaya iruku like vetrimaaran,Not_offensive,Not_offensive,Not_offensive
Troll panakudathene last ah oru oru dialogue vechutanungge... smart move,Not_offensive,Not_offensive,Not_offensive
Rajinikanth vera level wating to watching,Not_offensive,Not_offensive,Not_offensive
intha padam kadaisi verai unarvukalai thoondi kadasiyil pillai seen ala veiththathu... best. hot illa songs ill a,Offensive_Targeted_Insult_Other,Not_offensive,Not_offensive
Pande is suitable for advocate role super,Not_offensive,Not_offensive,Not_offensive
Padam verri pera vazthukal idhupol neriya padam Mohan ji yadukanam,Not_offensive,Not_offensive,Not_offensive
Trailer vera level la irku kandipa padam hit adikum...by sabari சேலம் Attur vanniyar sangam,Not_offensive,Not_offensive,Not_offensive
கெத்தா இருந்தா புள்ளிங்கோ வெத்தா இருந்தா பள்ளிங்கோ...!!!,Not_offensive,Not_offensive,Not_offensive
thalaivar pazhaya style gethu yella appadihey iruku,Not_offensive,Not_offensive,Not_offensive
Unakennapa 0:45 sivakarthikeyan koodalam nadula!!! Naangalam apdiya🤥🤥🤥,Offensive_Untargetede,Not_offensive,Not_offensive
Director oru meme creator'a iruppar pola... Yara yematha paakura idhu 96,Offensive_Targeted_Insult_Individual,Not_offensive,Not_offensive
I think dislikers are Indian. But I'm #ANTIINDIAN.,Not_offensive,Not_offensive,Offensive_Untargetede
தொழில்நுட்பத்தோட வளர்ச்சியையும் அது நம்மை அடிபடுத்தியதையும்.. ரெண்டையும் அனுபவிச்ச ஒரே ஆட்கள் 90s கிட்ஸ் நாங்கதான்.. பெருமையா சொல்வோம்டா.. we are 90s gids nu,Not_offensive,Offensive_Targeted_Insult_Group,Not_offensive
ஜாதி அழிஞ்சுடுச்சு நம்புங்கடா🤣அழிச்சது நம்ம சுடலையும் அவுங்க அப்பனும்தான் நம்புங்கடா,Not_offensive,Offensive_Targeted_Insult_Group,Offensive_Targeted_Insult_Group
Irungada!! Nalla rewind panni pathukuren!!! Ethe pakanumnu terle..beyond words!!!,Offensive_Untargetede,Not_offensive,Offensive_Untargetede
Enada ithu views 58k likes 98k ppidrukku... lokesh rocks,Offensive_Targeted_Insult_Individual,Offensive_Untargetede,Offensive_Untargetede
தமிழன் சார்பில் படம் வெற்றிபெற வாழ்த்துக்கள்,Not_offensive,Not_offensive,Not_offensive
5 days agudhu Views eramatingdhu,Offensive_Targeted_Insult_Group,Not_offensive,Not_offensive
"yen paa, epathaan intha padam varum,",Not_offensive,Not_offensive,Not_offensive
Bahut dhamakedaar blockbuster hogi yeh movie...,not-Tamil,not-Tamil,not-Tamil
Viswasam trailer needs 20k likes to reach 1.4m likes,Not_offensive,Not_offensive,Not_offensive
Rajni fansku maraka mudiyatha padama irukum polaye.pongal annaiki diwalidooooi.trailer makes goosebumps,Not_offensive,Not_offensive,Not_offensive
Pakkuratha irundal podradi first day first show pakkanam,Not_offensive,Not_offensive,Not_offensive
varalam varalam vaa varalam vaa bhaiarava! thalapathy waiting to see u in big screen! <3 bangam teaser thalaiva:)!!,Not_offensive,Not_offensive,Not_offensive
Enna da ethu kannea katti vittu tu trailer pakka sonnathu mathri eruku.. onnumea puriyalaea,Offensive_Untargetede,Offensive_Untargetede,Offensive_Untargetede
Ghatiya just like cartoon movie...,not-Tamil,Not_offensive,Not_offensive
900K left for 16M views,Not_offensive,Not_offensive,Not_offensive
First mobile akshay pudinganathe shivakumar sir oda phone dhaan.. Adha edit pannitaanga.. Anti mobilians,Offensive_Untargetede,Offensive_Untargetede,Offensive_Targeted_Insult_Individual
*Tha Vera Level Thalaivaa! Varlam Varlam Vaaa Bairavaa!,Not_offensive,Not_offensive,Not_offensive
Thalaivaa Thalaivaa Thalaivaa Thalaivaa Thalaivaa Thalaivaa Thalaivaa Thalaivaa Thalaivaa Thalaivaa,Not_offensive,Not_offensive,Not_offensive
Not as BIOPIC... Looks like BADPIC.. Can't suit as MAHANATI,Offensive_Targeted_Insult_Group,Offensive_Targeted_Insult_Individual,Not_offensive
"தரமான சம்பவம்... (Selva, Surya, Yuvan)",Not_offensive,Not_offensive,Not_offensive
Thalaivan a vera level la Paaklam pola... Marana waiting... #NGK,Not_offensive,Not_offensive,Not_offensive
teaser ra ippa di na movie semma mass sure bb,Not_offensive,Not_offensive,Not_offensive
Annousment pannitu relece pani eruntha record pichinu erukum,Not_offensive,Offensive_Targeted_Insult_Group,Not_offensive
Odraaaaaa athaaaaaaaaa odraaaaaaaa athaaaaaaa semma,Not_offensive,Not_offensive,Not_offensive
Angali pangali anaivarukkum Kalai Vanakam,Not_offensive,Not_offensive,Not_offensive
Semma...but...Yellam Avan seyal... Pola irukku...,Offensive_Targeted_Insult_Individual,Not_offensive,Not_offensive
Neeyena periya vasool mannana? Thrla apdi thaan pesikiraanga,Not_offensive,Not_offensive,Not_offensive
ஒத ராஜாவாதான் வருவேன்...ராஜாவா வந்தா ராஜாகு நூறு தோஸ்து... nice dialogue,Not_offensive,Not_offensive,Not_offensive
Music director Yuvan Shankar Raja music therika vittutaru t,Not_offensive,Not_offensive,Not_offensive
Who else feels like Feature version of Kekka Bekka Short Film 🤔🤔,Not_offensive,Not_offensive,Not_offensive
நடிகை தேர்வு ஜே'வின் இறப்பை விட மர்மமானது! Kangana's casting Decision a Greater Mystery than J's death Mystery!,Offensive_Targeted_Insult_Group,Offensive_Targeted_Insult_Individual,Not_offensive
பிரபுதேவா பேன்ஸ் லைக் பண்ணுங்க எத்தனை பேர் இருக்கிறார்கள் பார்க்கலாமா,Not_offensive,Not_offensive,Not_offensive
#kaappan வெற்றி பெற வாழ்த்துக்கள் surya fans,Not_offensive,Not_offensive,Not_offensive
Pollachi mater yana achu konjam yasiga,Not_offensive,Not_offensive,Offensive_Untargetede
Enna sir ithu... Summa kolaveri masseppadi sir??,Not_offensive,Not_offensive,Not_offensive
Romba nerama 467k laye iruku dei YouTube ennada pithalattam ah iruku,Offensive_Untargetede,Offensive_Untargetede,Offensive_Untargetede
release aparam tha movie nalla irukuma irukathanu theriyum polaye... trailer vachi onnu sola mudiyala,Not_offensive,Not_offensive,Not_offensive
Love from #salman fan Suriya,Not_offensive,Not_offensive,Not_offensive
0:45 vikram vedha bgm copy cat pachaya adichirukan,Offensive_Targeted_Insult_Group,Offensive_Targeted_Insult_Group,Offensive_Targeted_Insult_Individual
all india kicha sudeep fanz likr,Not_offensive,Not_offensive,not-Tamil
Intha trailer pakkama iruka mudiyalayea repeat mod poitae iruke,Not_offensive,Not_offensive,Not_offensive
Iyaiyo ithu nalla irukke...,Not_offensive,Not_offensive,Not_offensive
Biggest movie in india super star,Not_offensive,Not_offensive,Not_offensive
1:03 style ahh Solurathu kuda style than Thaliva,Not_offensive,Not_offensive,Not_offensive
Oruthar mela irukura visuvasathuku innoruthara yen asinga paduthiringa i think intha dialogue ellam fans kum suit agum,Not_offensive,Not_offensive,Not_offensive
setha sandai potu savanum kaalil vizhundu ila sema dialogue,Offensive_Untargetede,Offensive_Untargetede,Not_offensive
Mass Movie ku waiting,Not_offensive,Not_offensive,Not_offensive
y innum trending la varalaa???,Offensive_Untargetede,Offensive_Untargetede,Not_offensive
Thalapathy fans inga like podunga papom evlo per vanthurukinga... Am thala blood,Not_offensive,Not_offensive,Not_offensive
பெண்களைப் பெற்ற குடும்பத்திற்கு இந்த படம் சமர்ப்பணம்,Not_offensive,Not_offensive,Not_offensive
Konar sarpaga valthu thiruma oonoda Katha ethoda over da 🤣🤣🤣🤣,Offensive_Targeted_Insult_Individual,Not_offensive,Offensive_Targeted_Insult_Group
Vera maathiri mass pandriga anna 🤣,Not_offensive,Not_offensive,Not_offensive
STR daaa ore shooting dha alludhu,Not_offensive,Not_offensive,Not_offensive
Oruthar mela Viswasam kaatrathukkaga..innoruthara yen Asinga Paduthuringa?? #Thala #Thalabathy #Fans #Fight,Offensive_Targeted_Insult_Group,Offensive_Untargetede,Not_offensive
கள்ளக்குறிச்சி மாவட்டம் குதிரைச்சந்தல் வன்னியர் சங்கம் சார்பாக படம் வெள்ளி விழா கான வாழ்த்துக்கள்,Not_offensive,Not_offensive,Not_offensive
"அண்ணே, சாதிஒழிப்புனா என்ன, சாதி வெறின்னா என்னணே? அடேய் டிபன் பாக்ஸ் தலையா, எங்களுக்கு மண்ணு பொண்ணு ரெண்டுமே முக்கியம், யார் கைய வச்சாலும் கைய வெட்டுவோம்னு சொன்னா அது சாதி வெறி கவுண்டன வெட்டு கவுண்டச்சிய கட்டுன்னு சொன்னா அது சாதி ஒழிப்பு... இன்றைய சூழ்நிலைக்கு ஏற்ற திரைப்படம்!!! வெற்றி பெற கொங்கு நண்பர்கள் சார்பாக வாழ்த்துக்கள்!!!",Offensive_Targeted_Insult_Group,Not_offensive,Not_offensive
paaka thana pora indha kaali yoda aatatha!,Not_offensive,Offensive_Untargetede,Offensive_Untargetede
"Ada paavingala june 22 kaga ipo pathu veri ethuraingalee,",Offensive_Untargetede,Offensive_Untargetede,Offensive_Untargetede
Karumam karumam amma ku vera tamil nadigaiye illaya s,Offensive_Targeted_Insult_Group,Offensive_Targeted_Insult_Group,Not_offensive
"Sema lighting, #thalapthy64 um ithey madhiri lightning iruntha semaya irukkum..",Not_offensive,Not_offensive,Not_offensive
Waiting for 15M + views...apdinu solravanga like podunga,Not_offensive,Not_offensive,Not_offensive
Ayyyoooo trailer ah pathaley bayama irukae,Offensive_Untargetede,Not_offensive,Not_offensive
#Sl #boys channel,Not_offensive,Not_offensive,Not_offensive
thalaivar varum bodhu mezhuguvarthi anajadha paatheengalaa stand. irattai mezhuguvarthi simonukku tharamaana sambavam,Not_offensive,Not_offensive,Not_offensive
0.42 to 0.45 semma expentation இது உங்களுக்கும் பிடிசா like பண்ணுங்க,Not_offensive,Not_offensive,Not_offensive
Rajin political entry dailog 1996/2016 10 years one dailog naaku baag nachindi,not-Tamil,Not_offensive,Offensive_Targeted_Insult_Individual
உன்மயை உரக்க சொன்னதுக்கு நன்றி. டைரக்டருக்கு நன்றி,Not_offensive,Not_offensive,Not_offensive
Thala da Vijay go and die da,Not_offensive,Not_offensive,Not_offensive
"Enapa gangster padam nu nenacha clg, students, protest, old age love scene la katrenga, kabali madere la irukadea...",Offensive_Untargetede,Not_offensive,Not_offensive
BOOKED TICKETS... THURSDAY EVENING SHOW,Not_offensive,Not_offensive,Not_offensive
இது போன்ற zombie படங்கள் வெற்றி பெற வாழ்த்துக்கள்,Not_offensive,Not_offensive,Not_offensive
"Orginal view and orginal like,",Not_offensive,Not_offensive,Not_offensive
yo yo yo yarra yarra inga ooru ketta theriyum,Offensive_Untargetede,Not_offensive,Not_offensive
"Thalaiva u r grt semma performance.,last punch bangam.,",Not_offensive,Not_offensive,Not_offensive
Ajith kumar mutta punda nadippin nayakan tha king,Offensive_Targeted_Insult_Individual,Not_offensive,Offensive_Targeted_Insult_Individual
Ivaruku vayasu aagala man of masses for a reason,Not_offensive,Not_offensive,Not_offensive
Trailer pathutu yarellam apdiye Inga vanthinga,Not_offensive,Not_offensive,Not_offensive
inna da panni vechi iruking:(:(:(,Offensive_Untargetede,Not_offensive,Offensive_Untargetede
Rajini sirku therium yapa ena pananumnu nega yalarum avara pathi pasi ungala publicitydha panikarega avaruku opposite a pasara yalarumay Oru publicitykagadha pasarega suyama ungalukunu per sambarega Vijay sir ajith sir mare Suma mathavagala vachu game aadadhega,Offensive_Targeted_Insult_Group,Offensive_Targeted_Insult_Individual,Not_offensive
Trailer parthu kadaishi varaikkum sirichitu tha bro irukkan,Not_offensive,Not_offensive,Not_offensive
Pugga madhuri orru urruvam... thallapatthy neenga pugga illa... nerruppu...,Not_offensive,Not_offensive,Not_offensive
Thala masss a da da,Not_offensive,Not_offensive,Not_offensive
Appudila nadakathu... Nadaka kudathu... Thala,Not_offensive,Not_offensive,Not_offensive
"Thalivar,,,vijay sethupathi fan's hit like",Not_offensive,Not_offensive,Not_offensive
30 time mela pathuta.. ‍.. Bayamave iruku.. Yenna acting da yeppa... #Dhanush best movie ha irukum Bgm,Not_offensive,Not_offensive,Not_offensive
Sema concept waiting Feb 14 SINGLE Pasanga day,Not_offensive,Not_offensive,Not_offensive
مسلسل: مشاوير التكسي الحلقة: ( 6 ) عنوان الحلقة: سيره رده بس: مؤسسة عُمان ميديا للإنتاج الفني تاليف و إخراج: إبراهيم الخميسي لتصلك الحلقة القادمة من المسلسل الرجاء الاشتراك بالقناة و تفعيل زر الجرس رابط القناة:,not-Tamil,not-Tamil,not-Tamil
Simbu bro Vera level and sethupathy mass ah smart ah irukinga,Not_offensive,Not_offensive,Not_offensive
Yuvan Anna fans hit like here,Not_offensive,Not_offensive,Not_offensive
Lal Yettan Boman Irani Wah Bhai wah...,not-Tamil,not-Tamil,not-Tamil
Peeta best or visuwasam best peeta best na like pannuga visuwasam best na dislike pannuga,Offensive_Targeted_Insult_Individual,Not_offensive,Offensive_Untargetede
Thala sema mass waiting for 1m likes,Not_offensive,Not_offensive,Not_offensive
இந்த ஒரு டிரைலர் கமெண்ட்ல தான் தெரிது தமிழ்நாட்ல எவ்ளோ சமுதாயம் இருக்குன்னு ( ஒன்னும் பண்ணமுடியாது),Not_offensive,Not_offensive,Not_offensive
Ennaya teeser apram triller laye ippudi miraturinga padam vantha vera level pola,Not_offensive,Not_offensive,Not_offensive
"Selvaraghavan ipdi oru movie pannuvaaraaaaa? Ithayaachum udaney paaraattunga, 10 varusham kalichu paaraattaathinga makkaley...",Not_offensive,Not_offensive,Not_offensive
Sudhanthiram British kaaran kitta irunthu vaangi arasiyal vaathinga kitta kuduthu irukkom semmma dialogue,Not_offensive,Not_offensive,Not_offensive
Trailer OK but rajini sarra kalaikeramatta erukku,Offensive_Targeted_Insult_Individual,Offensive_Targeted_Insult_Individual,Not_offensive
semaaaaaaaaaaaaaaaaaaaaaaaaaaaaaaaaaaaaaaaaaaaaaaaaaaaaaaaaaaaaaaaaaaaaaaaaaa very nice trailer Vijay anna super I m waiting,Not_offensive,Not_offensive,Not_offensive
"Telugu Sri Maha Lakshmi (srihari hero) movie, remake",Not_offensive,Not_offensive,Not_offensive
Epdi muku naalum first part maari varadhu,Offensive_Targeted_Insult_Group,Offensive_Targeted_Insult_Individual,Not_offensive
Yuvan...musical...semma...vera level...Surya anna...Mass...BGM na... you only yuvan sankar (BGM) Raja...,Not_offensive,Not_offensive,Not_offensive
Ithu 96 uh yaara emathureenga,Not_offensive,Offensive_Targeted_Insult_Group,Not_offensive
"Nadaga kaathal na ellarum ethukuringa, app unmayana kaathal na sethivaipingala?? Apovum ungaluku jaathithana prachanaya irukum???",Not_offensive,Not_offensive,Not_offensive
இது ஒரு ஆண்மை இல்லாத தனம் அப்பிடி அவரே சொல்லுவாராம் அப்பரம் English song ல இருந்து background music போடுவாராம்,Offensive_Targeted_Insult_Individual,Not_offensive,Not_offensive
Ashok Selvan Ritika Singh Vani Bhojan & Makkal Selvan Vijay Sethupathi,Not_offensive,Not_offensive,Not_offensive
Siva anna Vera mathiri irukka yae naa,Offensive_Targeted_Insult_Individual,Not_offensive,Not_offensive
#kappan 1st single #siriki.. On July 5..kappan rocks... 🤙🤙🤙,Not_offensive,Not_offensive,Not_offensive
Ajith Sir semma By thalapathy makkal iyakam Rasipuram,Not_offensive,Not_offensive,Not_offensive
Ena ipa Trending la varuthu thalaivar eh,Not_offensive,Not_offensive,Not_offensive
Selvaragavan sir we are waiting sir...,Not_offensive,Not_offensive,Not_offensive
"*tha intha maari padam yedukuranuga,ithuku support vera comments la padikavey mudila... Vanmam pudichu alaiyuranuga...",Not_offensive,Offensive_Targeted_Insult_Group,Offensive_Targeted_Insult_Group
ரஜினி சாரை வெச்சு காமெடி என்கிற பெயரில் நல்ல பல்பு வாங்குறீங்க,Offensive_Targeted_Insult_Individual,Offensive_Targeted_Insult_Group,Not_offensive
Therinja ethiriya vida theriyatha edhiriku than allu athigama irukanum.. 12M views:-) #THALAPTHY SWAG,Not_offensive,Not_offensive,Not_offensive
"coimbatore fun cinemas mall la a1 padathukku ponen...canteen la popcorn 270,300,coke 200rs nu vilai yethi vachirukeenga.verum popcorn ku 300 rs kodukira loosu koothi nu nenachuteenga pola..familya cinemavukke kootitu varamudiyatha situation ah adhu maripochu...naama kashta pattu sambarikira panatha ivanga nammala mathika matranga...tamilrockers mattum illama iruntha ticket prize 300 pannirupanga...namma hometheatre vangi ungala padangala parkirathuthan best..tamilrockers and tamil talkies blue sattai avargalukku nandri...",Offensive_Targeted_Insult_Group,Not_offensive,Not_offensive
Concept Vera level... JAYAM RAVI ACTING திரைப்படம் வெற்றி அடைய வாழ்த்துக்கள்,Not_offensive,Not_offensive,Not_offensive
Enakku therinja varaikkum idhu Ellam avan seyal 2 va irukkum.If you feel the same hit a like.,Not_offensive,Not_offensive,Not_offensive
Iths Comment polling stop pannuga daaa...!,Offensive_Untargetede,Not_offensive,Not_offensive
Kamal sir nenga vikrama vaithu marma yogi movie pannunga sir superrrrrrra irukkum.,Not_offensive,Not_offensive,Not_offensive
1:55 to 2:05 enjoy pannuga pa,Not_offensive,Not_offensive,Not_offensive
Thala thalaa masss fan from karnataka,Not_offensive,Not_offensive,Not_offensive
In the Talab polygon Dabang Nagar Pune,not-Tamil,Not_offensive,Not_offensive
Epudi da oru ANJAN oru AYAN oru NJK. mari irukumo,Offensive_Targeted_Insult_Group,Offensive_Targeted_Insult_Group,Not_offensive
Super 2.0 is like Hollywood movie,Not_offensive,Not_offensive,Not_offensive
You kne tunggu lebih lama lagi utk tahu saya... awesome vikram sir..,not-Tamil,not-Tamil,not-Tamil
Arjun and dheol are good,Not_offensive,Not_offensive,Not_offensive
I'm from TS I saw kaidhi movie.,Not_offensive,Not_offensive,Not_offensive
Ultimate scene at 0.55 second... agree?,Not_offensive,Not_offensive,Not_offensive
Ready to Rage... Thalaism Thalaaaaaaaaaaaaaaaa,Not_offensive,Not_offensive,Not_offensive
Aiiiyyyyooo yemmaaaavvv trailer ahhh veri thanamaa iruke...,Not_offensive,Not_offensive,Not_offensive
AFTER TRENDING PETTA MORE VIEWS THAN VIS VASAM THALAVAR BACK ON FIRE,Offensive_Targeted_Insult_Individual,Not_offensive,Not_offensive
எல்லோரும் நம்ம முதல்வருக்கு நன்றி சொல்லுவோம் ஏன்னா அவர்இருப்பதநாலதான் இந்த படம் செம கெத்தா திறைக்கு வரபோகுது இதே திமுக வாக இருந்திருந்தால் இந்தபடமும் டீசரும் நமக்கு வந்து சேராது அதனால நம்ம தல இப்போதைக்கு முதல்வர் மதிப்பிர்க்குறிய வள்ளல் திரு எடப்பாடி பழனி சாமிக்கு நன்றி கூருவோம் இந்தபடத்தை அவர் திறைக்கு கொண்டுவருவார்,Not_offensive,Not_offensive,Not_offensive
Mrng yaru la teaser paka vanthiga,Not_offensive,Not_offensive,Not_offensive
School life ல என் தலைவன் யோகிபாபு எப்டி இருப்பாரோ படம் Hit confirm Wishes to தளபதி ரசிகர்கள்,Not_offensive,Not_offensive,Not_offensive
Feb 14 Single Pasanggaluku tharamana sambavam iruku,Not_offensive,Not_offensive,Not_offensive
Robot speaks about nerkonda paarvai,Not_offensive,Not_offensive,Not_offensive
"ஜாதி வெறி பிடிச்ச நாய்ங்களா., இப்படம் நாசமா போக வாழ்த்துக்கள்...",Offensive_Targeted_Insult_Group,Not_offensive,Not_offensive
ஆட ஆரம்பிச்சா ஆயிரம் தகவல் தேட ஆரம்பிச்சா ஆயிரம் பதில்கள் ஆனால் ஒரு பதில் உன்னை தேடிவரும் போது நீ கேட்க வேண்டியது சரியான கேள்வி... யார் நீ...,Not_offensive,Not_offensive,Not_offensive
Watha verithanam karthi Bigil kuppai enna aaga pogutho,Offensive_Targeted_Insult_Individual,Offensive_Targeted_Insult_Individual,Offensive_Targeted_Insult_Individual
"Theatre owner kalukku Rajinidheepanin yecharikai, padathil Rajiniyin katchikal neekavillai yendral enkalukku theriyathu screen kilikka padum",Offensive_Untargetede,Not_offensive,Not_offensive
Trailer merala aticithookuthu ellar vayil veralavaikuthu,Offensive_Untargetede,Not_offensive,Not_offensive
இனளஞர்கள் அரசியல் வந்தால் நாட்டு எப்படி இருக்கும் என்பதை சுதந்திரம் அடைந்த 70 அண்டு ஆகியும் அரசியல்வாதி னகயில் நாட்டு அளவிட்டனர் #Selvaraghavan #YuvanCombho Vera Level,Not_offensive,Not_offensive,Not_offensive
aiyayooo ithu adutha jillaaa pola... usar aiyyaa usaaru..,Offensive_Targeted_Insult_Group,Not_offensive,Not_offensive
நான் அரசியலுக்கு வருவது உறுதி... அட சண்டாளா 20 வருசமா ஏமாதிட்டு இருந்துருக்கான் பாரேன்...,Offensive_Targeted_Insult_Individual,Not_offensive,Offensive_Targeted_Insult_Group
gooosebumpssssss... neruppudaaaaa thalaaaaaaaaaaaaaaaaaaa ne va Thala marana massss uh irku...repeat mode Thala,Not_offensive,Not_offensive,Not_offensive
Sema movie.. yethana murai vendumanaalum pakalam.,Not_offensive,Not_offensive,Not_offensive
Ha ha padam full aah ve Wig dhaan pola #WigPathy #Pandaram,Offensive_Targeted_Insult_Individual,Offensive_Targeted_Insult_Individual,Not_offensive
THE COMPLETE ACTOR AND NADIPPIN NAAYAKAN IN KAPAAN,Not_offensive,Not_offensive,Not_offensive
Pavadai kalin kaikuli vijay padatai indukal nangal parka kudathu,Offensive_Targeted_Insult_Individual,Not_offensive,Offensive_Untargetede
திண்டுக்கல் வெள்ளாளர் சமுதாயம் சார்பாக படம் வெற்றி அடைய வாழ்த்துக்கள்...,Not_offensive,Not_offensive,Not_offensive
Gotha epo dhan da bigil trailer viduvinga,Offensive_Targeted_Insult_Individual,Not_offensive,Offensive_Untargetede
Sweet sappida poren Waiting thalaivaa,Not_offensive,Not_offensive,Not_offensive
Enna dhaan simbu class ah irundhalum Aravind swamy style ah irundhalum Vijay sethupathy dhaan mass Rasool fans hit like,Not_offensive,Not_offensive,Not_offensive
Idha vida Rajiniya Troll panna mudiyave mudiyadhu da saamy,Offensive_Targeted_Insult_Individual,Offensive_Targeted_Insult_Individual,Offensive_Untargetede
Thala mass yavna launch addicha muddiyathu,Not_offensive,Not_offensive,Not_offensive
One like for Akshay Kumar fan's,Not_offensive,Not_offensive,Not_offensive
thalaivaa u r great semmmmmmmaaaaaaa thala ivaaaaaaaaaaaaaaaaaa,Not_offensive,Not_offensive,Not_offensive
Subha se 30 baar sun chuka hun,not-Tamil,not-Tamil,not-Tamil
NGK வெற்றி பெற சிங்கம் சூர்யா fans சார்பாக வாழ்த்துக்கள்,Not_offensive,Not_offensive,Not_offensive
Best wishes from nadipin nayagan Surya Sir anbuna fans,Not_offensive,Not_offensive,Not_offensive
Especially ethi ku bgm vera level la rahman sir pinni irukarru,Not_offensive,Not_offensive,Not_offensive
Intha padam onnum antha alavuku weight aana subject illa,Offensive_Untargetede,Offensive_Untargetede,Not_offensive
Ithu ena ya aruvam movie Mari vanthuruku polapei movie a Ella spots movie ah🤔🤔,Not_offensive,Not_offensive,Not_offensive
Hindi me Upload Karo Bhai Ea movie ke,not-Tamil,not-Tamil,not-Tamil
Vijay sethupathi bro.. you are always massssssssssuuuuuuuuu...,Not_offensive,Not_offensive,Not_offensive
Antha 2.5 k dislikes Rajini kannis thana...enjoy,Offensive_Targeted_Insult_Individual,Offensive_Targeted_Insult_Individual,Offensive_Untargetede
Omala inuma daaa jaaathi kooothi nu pesitu irukeenga 🤦‍21st century la irukeenga daa daaaiiiii 🤦‍🤦‍,Offensive_Targeted_Insult_Group,Offensive_Untargetede,Offensive_Untargetede
Thalaiva sema sema marana masss kamikka pothu NGK movie,Not_offensive,Not_offensive,Not_offensive
Nalaveala antha amma ila.intha A.L vijay naya serupaley adikanum paratheasi paya,Offensive_Targeted_Insult_Individual,Offensive_Targeted_Insult_Group,Offensive_Targeted_Insult_Individual
تحيه للشعب السعوديه العضيم بكل مكان متواجدين,not-Tamil,Not_offensive,not-Tamil
Madha gaja raja mathiri than epo release agumo...,Not_offensive,Not_offensive,Not_offensive
16K dislikes Well Done You fucking Vijay fans,Offensive_Targeted_Insult_Individual,Not_offensive,Offensive_Untargetede
இதுல கூட ரஜினி அரசியலுக்கு வரனு சொல்லி கதை விடுவதை வெச்சி செஞ்சிடாங்க,Offensive_Targeted_Insult_Individual,Offensive_Targeted_Insult_Individual,Offensive_Targeted_Insult_Group
i m vijay fan but thala yam masssss,Not_offensive,Not_offensive,Not_offensive
Omg leon james bgm veraa levell...🤙,Not_offensive,Not_offensive,Not_offensive
Surya fans from Kerala like here,Not_offensive,Not_offensive,Not_offensive
நாடார் சமுதாயம் சார்பாக படம் வெற்றி பெற வாழ்த்துக்கள்,Not_offensive,Not_offensive,Not_offensive
தலைவன் தரிசனம்... எங்களுக்கு இது போதும் தலைவா...,Not_offensive,Not_offensive,Not_offensive
Rajini speech (naa arasiyaluku varuvadhu urudhi) yei idhu 1996 yaara yematha paakuringa sema comedy,Not_offensive,Not_offensive,Not_offensive
Indha movie kandipa nalla irukumnu ninaichavangala neenga 🤚,Not_offensive,Not_offensive,Not_offensive
Dai enada Ilayaraja music oduma vilankelada,Offensive_Targeted_Insult_Individual,Offensive_Targeted_Insult_Group,Offensive_Untargetede
Love you Thalaiva,Not_offensive,Not_offensive,Not_offensive
"VISWASAM 1.3 MILLION LIKES, NERKONDA PAARVAI ATHEYUM BEAT PANNUM NU NINAIKARAVANGA YAARU?",Not_offensive,Not_offensive,Not_offensive
Neraya neraya...iruku...sikiram Release panuga...thala Veriyan,Not_offensive,Not_offensive,Not_offensive
Nee Enna Periya Vasul Mannana Theriyala Appadithan Pesikiranga Thalapathi Mass Da,Not_offensive,Not_offensive,Not_offensive
90ஸ் கிட்ஸ் காகவே படம் பல நூறு கோடி வாரும்...இது முரட்டு சிங்கிள் 90ஸ்கிட்ஸ் சார்பாக தாறுமாறா சொல்லிக்கிறோம்!,Not_offensive,Not_offensive,Not_offensive
Maranam maasu maranam... Toughuu taranumm... Athukku avanthan porandhu varanum...,Offensive_Untargetede,Not_offensive,Not_offensive
Onakku ithellam set agala.. Thambi siva..,Offensive_Targeted_Insult_Individual,Offensive_Targeted_Insult_Individual,Not_offensive
Intha padathula kadipa yetho oru unamaiya solla poranga... Crct Ana samuga padama irukum.. Pada vetri peravum yrmatru thirumanam oliyavum valthukaludan... Theni irunthu Ranjith piramalai Kallan,Not_offensive,Not_offensive,Not_offensive
Str fans hit like here,Not_offensive,Not_offensive,Not_offensive
Super yaarunu ketta Chinna kolanthaium sollum... Thalaivar really back...,Not_offensive,Not_offensive,Not_offensive
தனுஷ் மாரிசெல்வராஜ் வெற்றிமாறன் பா ரஞ்சித் இவனுங்களால ஜாதி கொடிகட்டி பறக்க போது...,Not_offensive,Offensive_Targeted_Insult_Individual,Not_offensive
Karthi fans happy yo illayo thalapathi fans very happy,Not_offensive,Not_offensive,Not_offensive
Mass thalaivar and karthik subaraj Vera level movie sure,Not_offensive,Not_offensive,Not_offensive
"After looking at the trailer.. இப்படி கதை இருக்கும் என அனுமானிக்க முடிகிறது... சேனாபதி இறந்த பிறகு.. அந்த இடத்திற்கு வரதன் வருகிறான்.. ஆனால் சேனாபதி இடத்திற்கு வர வரதனின் நண்பன் ரசூல் க்கு ஆசை.. எனவே தியாகு மற்றும் அதிதி(!!??) பயன்படுத்தி, வரதனை நம்ப வைத்து ஏமாற்றி சேனாபதி இடத்தை ரசூல் பிடிக்கிறானா... இல்லையா.. என்று இருக்கலாம்... இதில் சில கதாபாத்திரங்கள் மரணிக்கவும் வாய்ப்பு இருக்கு... Because fight for Thorne will always involves bloodshed..",Not_offensive,Not_offensive,Not_offensive
ம்ம்ம்.. தலைவர் தல தளபதி ரெபெரென்ஸ்!!! நீ பொழச்சுப்படா,Not_offensive,Not_offensive,Not_offensive
All Kerala Surya Fans here,Not_offensive,Not_offensive,Not_offensive
first vijay kooda surya compare panniega da surya chinna payan vijay mass,Offensive_Targeted_Insult_Individual,Not_offensive,Not_offensive
Vivegam marana mass thala waiting 24,Not_offensive,Not_offensive,Not_offensive
Dia kena tunggu lame lg.. utk tau saya... hhahahahaha,not-Tamil,not-Tamil,not-Tamil
full songs ngk juke box link enga bro,Not_offensive,Not_offensive,Not_offensive
டிரைலர் மிகவும் அருமை மாவீரன் ஆசியுடன் மிகப்பெரிய வெற்றி அடையும் வாழ்த்துக்கள்,Not_offensive,Not_offensive,Not_offensive
உனக்கு யாராது பழைய பிரெண்ட் இருக்காங்களா?... நம்பாத,Not_offensive,Offensive_Targeted_Insult_Group,Not_offensive
Sema trailer ji padam pakka blockbuster From vijay fan And villain also semma getha irukaru,Not_offensive,Not_offensive,Not_offensive
Peru pugazh...ooru tanjore nu sonnan...check Eeti trailer,Not_offensive,Not_offensive,Not_offensive
SE/ST Naiku oru nalla Padam irukum,Offensive_Targeted_Insult_Group,Not_offensive,Not_offensive
thala marana maaasu love u thala,Not_offensive,Not_offensive,Not_offensive
Thalaaaa jst 3 days more,Not_offensive,Not_offensive,Not_offensive
"This is not mass movie, this is Maaran movie! Vetri Maaran..",Not_offensive,Not_offensive,Not_offensive
"Pakistan ethiri naada irukkalam irundalum anbu tha valakka muyarchikkanum pagai illa, innum ethana padangal tha intha pagaiya uram pottu valarpangalo...?",Offensive_Targeted_Insult_Group,Offensive_Targeted_Insult_Group,Offensive_Targeted_Insult_Group
trailer paakamaye like potavanga..??? hit like,Not_offensive,Not_offensive,Not_offensive
Thala,Not_offensive,Not_offensive,Not_offensive
Oru vazhiya siruththa kitta irundhu thappichachu,Not_offensive,Offensive_Targeted_Insult_Individual,Not_offensive
"Vanakkam Da mapla, padam vetri pera, udaiyar caste in vazhthukal",Not_offensive,Not_offensive,Not_offensive
Thala vs pandey... Pahh marana waiting,Not_offensive,Not_offensive,Not_offensive
Ennada panni vechirukke editor appadiye kadha full a sollivechirekke,Offensive_Targeted_Insult_Individual,Offensive_Untargetede,Offensive_Untargetede
திரைப்படம் வெற்றி பெற வீரமுத்தரையா் முன்னேற்ற சங்கம் கோவை மாவட்டம் சாா்பாக வாழ்த்துக்கள்,Not_offensive,Not_offensive,Not_offensive
Thalapathy60.BHAIRAVA semaaaa...wow. VIJAY I am WAITING.!,Not_offensive,Not_offensive,Not_offensive
hit movie list laa vachikonga guys,Not_offensive,Not_offensive,Not_offensive
96 ram vijay sethupathi anna sama..,Not_offensive,Not_offensive,Not_offensive
"maththavangaluku thala yaarunn ippa theriyim, thala fance yaaarunnum ippa theriyum. naanga peeniks parava da, thala sixpak. paakka readyaa? vivegam film ma therikka vidalama.)",Not_offensive,Not_offensive,Not_offensive
Wow semma i am marana waiting,Not_offensive,Not_offensive,Not_offensive
Luks lik SAW hollywood movie for sure,Offensive_Targeted_Insult_Group,Not_offensive,Not_offensive
Ipadiyum irukkunu katta muyarchi seiyyum director ku all the best,Not_offensive,Not_offensive,Not_offensive
The perfect movie for independent womensthalaaaa,Not_offensive,Not_offensive,Not_offensive
Are u a virgin girls??? Kani kazhiyama irukingala???,Offensive_Untargetede,Offensive_Untargetede,Not_offensive
Ore jathikulle jathi parthu vantha athukku peru arippu jathi parthu love panni kalyanam panavanga kathal kathele kidaiyathu so ungalukkum vibacharikum entha vitiyasamum kidaiyathu,Offensive_Targeted_Insult_Group,Offensive_Targeted_Insult_Group,Not_offensive
Ghilli vara trisha innumum apdee irukaanga..,Not_offensive,Not_offensive,Not_offensive
Remake pe remake pe remake aakhir kitne remake tollywood,Not_offensive,not-Tamil,not-Tamil
22 lakhs+ views in just 18 HOURS...!!!omG... VIJAY MASSS IN YOUTUBE!!,Not_offensive,Not_offensive,Not_offensive
ஒவ்வொரு ஊர் திருவிழாக்களிலும் ஒளிபரப்ப வேண்டும்... இனி இது போன்ற படம் தான் Trend nu அடுத்து வர படங்கள் உண்மையை உணர்த்த வேண்டும்... கொங்கு மண்ணின் சார்பில் வாழ்த்துக்கள்...,Not_offensive,Not_offensive,Not_offensive
சாதி வெறியராக இருப்பதை நிறுத்துங்கள். மனிதனாக மாறத் தொடங்குங்கள்.,Not_offensive,Not_offensive,Not_offensive
அருமையான ஒரு படத்தின் Trailer படம் வெற்றி பெற என்னுடைய வாழ்த்துக்கள்..இதை நீங்கள் சாதி படமாய் பார்த்தால் சாதி படமாகதான் தெரியும்.. மனிதனேயத்துடன் பார்க்க வேண்டிய படம் இது..,Not_offensive,Not_offensive,Not_offensive
Logesh kanagaraj masss thalapathy 64 ku waiting g,Offensive_Targeted_Insult_Individual,Not_offensive,Not_offensive
🤩Hiphop Aadhi anna fans like here 🥳🥳,Not_offensive,Not_offensive,Not_offensive
"Nalla short film, upload again keka beka",Not_offensive,Not_offensive,Not_offensive
4days to go for thala darisanam,Not_offensive,Not_offensive,Not_offensive
1:41 to 1.50... What hav yu done U1... Thaaaa goosebumps,Not_offensive,Not_offensive,Not_offensive
Aravindswamy + Mani Ratnam + ARR... Roja?,Not_offensive,Not_offensive,Not_offensive
Kaapan movie ha idhu clash Pani irundha kilinchu irukum asith pundai 🤣🤣🤣🤣🤣🤣🤣🤣🤣,Offensive_Untargetede,Offensive_Targeted_Insult_Individual,Offensive_Targeted_Insult_Group
Polladhaboomi song padathula vallanu yaarallam feel Pandringa,Not_offensive,Not_offensive,Not_offensive
Trailer pathutam enna pannaporam sweet sappada poram,Not_offensive,Not_offensive,Not_offensive
Only for yuvan veriyan hit it,Not_offensive,Not_offensive,Not_offensive
Vellala kownder inathin sarbaga padam vetri pera vaalthukal...,Not_offensive,Not_offensive,Not_offensive
bs bhaiyoo bahut ho gaya ab koi sa bhi Singham nahi dekhna,not-Tamil,not-Tamil,not-Tamil
Nice Nice Nice Nice Nice Nice Nice Nice,Not_offensive,Not_offensive,Not_offensive
0. 30 மினிட் எல்லாரும் மருனா எல்லாம் மாரும்,Not_offensive,Not_offensive,Not_offensive
Ajith sir carrerla different movie...SEMA trailer,Not_offensive,Not_offensive,Not_offensive
Comment Padikka vandhavanga like pannunga,Not_offensive,Not_offensive,Not_offensive
Am waiting... For thala in Nerkonda parvai...,Not_offensive,Not_offensive,Not_offensive
aiyayo trailer verithanama irukei ipavei 324 k likes viluthutu anegama 1000 k likes vanthalum acharya padrathukilla,Not_offensive,Not_offensive,Not_offensive
"NGK,, Kaapan,Soorarai pottru Waiting Thalaivaaaaaaaaaaaaaa... Surya Anna Back To Form",Not_offensive,Not_offensive,Not_offensive
கொங்கு வெள்ளாள கவுண்டர்கள் சார்பாக இந்த திரைக்காவியம் மாபெரும் வெற்றியடைய வாழ்த்துக்கள்,Not_offensive,Not_offensive,Not_offensive
I am Kannada Rajnikant movie trailer,Not_offensive,Not_offensive,Not_offensive
Director Vinoth and thala nalla msg solla poranga nu ninaikkuravanga like podunga..,Not_offensive,Not_offensive,Not_offensive
BGM therikuthu sema mass,Not_offensive,Not_offensive,Not_offensive
102k views... 140k liks... How is it possible 🤔🤔,Offensive_Untargetede,Offensive_Targeted_Insult_Group,Offensive_Untargetede
Super suriya anna iam marana waiting,Not_offensive,Not_offensive,Not_offensive
Maranam Mass maranam Tha Athuku Avanthan poranthu varanum Viswasam Right Now 🤐,Not_offensive,Not_offensive,Not_offensive
Yerllan PraBu Deva sirkaga comment pakka vanthavunga,Not_offensive,Not_offensive,Not_offensive
Thalaivaraaa insult pannurathu remba remba thappu,Offensive_Targeted_Insult_Group,Not_offensive,Not_offensive
அட ஜாதி வெறி பிடிச்சவங்கலா எதன பேர் டா ஜாதி சர்பா வாழ்த்து சொல்லுவிங்க நீங்க எல்லா திருந்தவே மாட்டிங்க,Offensive_Targeted_Insult_Group,Not_offensive,Not_offensive
AR Rahman Fans Like Here..!!,Not_offensive,Not_offensive,Not_offensive
திருநெல்வேலி தேவர் சமுதாய சார்பில் படம் வெற்றி பெற வாழ்த்துக்கள்,Not_offensive,Not_offensive,Not_offensive
Bruce Wayne: Enna simran idhellaam,Offensive_Untargetede,Not_offensive,Not_offensive
Thala naa Mass Thala naa Class Thala naa Gethu Thala naa Verithanam,Not_offensive,Not_offensive,Not_offensive
ஏய்... இது 96 சு.. யார ஏமாத்த பாக்குறீங்க.? என்னடா ஒரு சூப்பர் ஸ்டார் னு கூட பாக்காம பொசுக்கு னு கலாச்சுட்டீங்க..,Offensive_Targeted_Insult_Individual,Not_offensive,Offensive_Targeted_Insult_Group
Filem malaysia selamat hari lahir abah,not-Tamil,Not_offensive,Not_offensive
"Thaladiehardfans, Lets give a like for Nerkonda Paarvai",Not_offensive,Not_offensive,Not_offensive
Hope this is not like Viswasam 🤔🤔,Not_offensive,Offensive_Untargetede,Not_offensive
என்னோட ஜெர்மன் நண்பர் பார்த்துட்டு இவ்வளவு ஹாண்ட்சம்மா செம ஸ்டைலா சண்டை போடறாரே இந்த ஹாலிவுட் படத்தோட பேரு என்ன. செமையா இருக்கிற ஹீரோ அமெரிக்கரா என கேட்டார். நான் பதிலுக்கு சிரிச்சுக்கிட்டே தல டா அப்படின்னு சொன்னேன் தல தமிழனை உலக அரங்கில் தலை நிமிரச்செய்ததற்கு மிக்க நன்றி.,Not_offensive,Not_offensive,Not_offensive
"vera level movie., we are waiting...",Not_offensive,Not_offensive,Not_offensive
Last la varathu JJ relation Deepa face maathiri iruku.,Not_offensive,Not_offensive,Not_offensive
Vanniyar sangam sarbaha padam vetri pera vazhthukkal.,Not_offensive,Not_offensive,Not_offensive
vijay sethupathi nu oru nala actor irundhan ana avanum ipo poramboka maritan,Offensive_Targeted_Insult_Individual,Not_offensive,Not_offensive
ரஜினி வச்சு செஞ்சுடீங்க படத்தில் காமெடி கேரண்டி,Not_offensive,Offensive_Untargetede,Offensive_Targeted_Insult_Individual
Surya Anna Vera level acting @0.54 iyarkaiyavea urpathi aakura Nathiya thanaku mattum thaan nu sontham kodatura urimaiya yaaruda kututhaa then last poratura sulnilaiya uruvakunathu thappu thaana 🥰 marana waiting for movie 🥰,Not_offensive,Not_offensive,Not_offensive
Etha trailer ena koora nu dislike panriga,Offensive_Targeted_Insult_Group,Offensive_Untargetede,Offensive_Untargetede
அனைவரும் உங்கள் ஆதரவை திரையில் வந்து பார்த்து தெரிவிக்கவும் வெற்றியின் மூலமாக உரக்க சொல்வோம்,Not_offensive,Not_offensive,Not_offensive
selvaragavan da...13k dislikers um thooku maatitu savungada,Offensive_Targeted_Insult_Individual,Offensive_Untargetede,Offensive_Untargetede
சசிக்குமார மட்டும் எப்போ பார்த்தாலும் automatic-ah அண்ணேனு கூப்புட தோணுது,Not_offensive,Not_offensive,Offensive_Targeted_Insult_Group
Vanguraa kasukuu enna velai seiyanumoo atha senjaa pothum,Not_offensive,Offensive_Untargetede,Offensive_Untargetede
Trending likes laam mukiyam Ila padamum acting yum dhan mukiyam theater la October 4 apo papinga,Not_offensive,Not_offensive,Not_offensive
Idhukum 5.9 K dislikes ahh.. viswaasamaana fans pottadhu pola irukey,Offensive_Targeted_Insult_Individual,Offensive_Untargetede,Offensive_Untargetede
Face alag se dikh raha hai mask alag kisi moti actress ko le lete kya jarurat thi,not-Tamil,not-Tamil,not-Tamil
"நிலமக்காரர் சார்பாக,திரௌபதி எனும் தீ தேசம் எங்கும் பரவ வாழ்த்துக்கள்.",Not_offensive,Not_offensive,Not_offensive
5M views... suriyaa daaa,Not_offensive,Not_offensive,Not_offensive
Trailer parthu enaku siruppu thanga mudiyale,Not_offensive,Not_offensive,Not_offensive
Namma ippa Enna pannna porom.Sweet saapida porom,Not_offensive,Not_offensive,Not_offensive
Please dub in kannada language also,Not_offensive,Not_offensive,Not_offensive
Suryaaaaaaa Mass + action + drama Pakkaaaaaaa blockbuster movie Like for surya,Not_offensive,Not_offensive,Not_offensive
Thala thala thala,Not_offensive,Not_offensive,Not_offensive
"Semma, Super aah irukku, Eagerly waiting for movie,Music super aah irukku, Jayam Ravi acting semma, Superb",Not_offensive,Not_offensive,Not_offensive
Padam Epdi irukanum.. thala Sema mass than,Not_offensive,Not_offensive,Not_offensive
அண்ணன் நடிக்கிற படம் எல்லாமே செம ஹிட்டு,Not_offensive,Not_offensive,Not_offensive
இன்று வந்தவர்கள் பல இங்க எவனும் இல்ல எங்க #தல'க்கு நிகர் இல்ல #VivegamTrailer,not-Tamil,Not_offensive,Not_offensive
It's pink with ajith Kumar ka chutiyapa,not-Tamil,Not_offensive,Not_offensive
At 1:01 bgm is like arambam,Not_offensive,Not_offensive,Not_offensive
Thiruma kunji kalai cmt box ku azhaikurom🤣🤣🤣,Offensive_Targeted_Insult_Individual,Not_offensive,Not_offensive
Nadipin Nayagan Suriya Marana Waiting,Not_offensive,Not_offensive,Not_offensive
Thala padam eppo varum eppo varum nu verithanama wait pandravanga like pannunga!!!,Not_offensive,Not_offensive,Not_offensive
Kangana will rock it 🤘 You go girl,Not_offensive,Not_offensive,Not_offensive
Suriya is back. Avaru vita gab la tha neraya Peru tha tha next thala thalpathi nu sollura nu ga. Na thala fan pa but waiting for ngk,Not_offensive,Not_offensive,Not_offensive
yes it is releasing in kannada,Not_offensive,Not_offensive,Not_offensive
Mass ah ellama mechured ah actpanirukaru #thala ana athuve bayangara mass ah erruku,Not_offensive,Not_offensive,Not_offensive
Petta semma super Muni 4 kanchana 3 motion poster release,Not_offensive,Not_offensive,Not_offensive
Oruthar mela VISHWASAM kaatrathukaga mathavangala yen asingapaduthuringa!!! THALA CLAZZZZ!!,Not_offensive,Not_offensive,Not_offensive
90's Kids Assemble...! Hit Like Here,Not_offensive,Not_offensive,Not_offensive
Thank you so much Superstar Rajini sir,Not_offensive,Not_offensive,Not_offensive
அதர்மத்தை அழித்து தர்மத்தை நிலைநாட்ட பிறந்தவன்தான் வீர வன்னியர்குல சத்திரியன்,Not_offensive,Not_offensive,Not_offensive
மாவீரன் மாவட்டம் வன்னிய கோட்டை சார்பாக படம் வெற்றி பெற வாழ்த்துக்கள்.,Not_offensive,Not_offensive,Not_offensive
தளபதி விஜய் ரசிகர் மன்றம் சார்பாக அண்ணன் சூர்யா அவர்களின் படம் வெற்றி அடைய வாழ்த்துக்கள்,Not_offensive,Not_offensive,Not_offensive
OMG.. Goose bumps aa gaye,not-Tamil,Not_offensive,Not_offensive
Sema Tamil cinema Into a Next level,Not_offensive,Not_offensive,Not_offensive
yovv sai sai thank you ya thala sema,Not_offensive,Not_offensive,Not_offensive
Jai ak.from pk fan.jai pk jai ak,Not_offensive,Not_offensive,not-Tamil
I am vijay sir fan I like ajith sir,Not_offensive,Not_offensive,Not_offensive
"Kabali,Kaala,Petta Mathiri Mass Movie than venum..",Not_offensive,Not_offensive,Not_offensive
Dai nkp traileruku 800k like Singapenne pattukku 765k like da Only thalapathi,Offensive_Untargetede,Not_offensive,Not_offensive
Movie semma... Thala kalakitaru... Siva sir ku oru salute... Verithanamane rasiganu ku veritanama movie,Not_offensive,Not_offensive,Not_offensive
It Seems like MUST WATCH FILM,Not_offensive,Not_offensive,Not_offensive
Ayoo... Thala waiting la ya veri avuthu,Not_offensive,Not_offensive,Not_offensive
Mindblowing superhit.. Hindi me aane ka wait rhega sir,not-Tamil,not-Tamil,not-Tamil
Ayiram varatum ulagam sutrum vaaliban mari varathu,Not_offensive,Not_offensive,Not_offensive
CM aagapogum engal singam Suriya,Not_offensive,Not_offensive,Not_offensive
Trailer climax vera leval..... naan arasiyalukku varuvathu uruthi,Not_offensive,Not_offensive,Not_offensive
(0:20 - 0:25) goosebumps vandha like podu,Not_offensive,Not_offensive,Not_offensive
SK Anna universal mass hero Da,Not_offensive,Not_offensive,Not_offensive
day Time la oru frame kuta varlaiye.. the 1st full dark film ah irukumo..🤔🤔,Offensive_Targeted_Insult_Individual,Not_offensive,Not_offensive
திருவண்ணாமலை வண்ணிய குல வீர சத்திரியர்கள் சார்பாக இந்த படம் வெற்றி அடைய வாழ்த்துக்கள்!!...,Not_offensive,Not_offensive,Not_offensive
Love from kerala... Nadippin naayakan...,Not_offensive,Not_offensive,Not_offensive
Ena da aarya va mokka pantiga,Not_offensive,Offensive_Targeted_Insult_Individual,Offensive_Untargetede
villan ki wajy se movie nhi chaly ge koi dhang ka villan lety.,not-Tamil,not-Tamil,not-Tamil
Thalapathy sonathu kaga inga vanthavanga yarlam ⁉,Not_offensive,Not_offensive,Not_offensive
Rajini star keka I am form Telangana am a big fan of Thaliva,Not_offensive,Not_offensive,Not_offensive
Maja thala marana mass thala,Not_offensive,Not_offensive,Not_offensive
"Mass trailer pa,, ஹீரோ வை பார்த்தா Dr.அன்புமணி ராமதாஸ் மாதிரி இருக்காரு. இப்ப J. குரு இருந்திருந்தா சூப்பர் இருந்திருக்கும்.",Not_offensive,Not_offensive,Not_offensive
Asuran trailer 2M good good,Not_offensive,Not_offensive,Not_offensive
idhu mela THALA FANS ku Enna da venum,Not_offensive,Not_offensive,Not_offensive
Arun vijay's entry bgm King uh da Arrahman,Not_offensive,Not_offensive,Not_offensive
"Batman,superman,spiderman ivanga varisaila mugamoodi? Sk anna- thambi ponga thambi poi oorukula yengala pathi kelunga thambi",Not_offensive,Offensive_Targeted_Insult_Individual,Offensive_Targeted_Insult_Individual
any loosu pasanga irukangala. trailara kurai solla,Offensive_Untargetede,Not_offensive,Offensive_Untargetede
Super aana nadhuvila en Vijay apparam Ajith Mattum en kalaichi irundenga,Offensive_Targeted_Insult_Individual,Not_offensive,Not_offensive
A Yuvan Shankar Raja Musical,Not_offensive,Not_offensive,Not_offensive
Indha manusanuku oru nallathu nadakanumnu ninaikuruvanga like podunga,Not_offensive,Not_offensive,Not_offensive
Epdi pakkanum nu aaaa patomo.. apdi iruku.. waiting thalaivaaa,Not_offensive,Not_offensive,Not_offensive
BGM too bad... Suriya semma Mass,Not_offensive,Not_offensive,Not_offensive
Marana mass jayam ravi an yogi babu,Not_offensive,Not_offensive,Not_offensive
Ilayaraja periya mayiru Mathiri 96 music director ah sonna...ipo avaru matum intha movie la bgm ena potrukar...ooranveettu music ah tha pottu vachrukar...,Offensive_Targeted_Insult_Individual,Offensive_Targeted_Insult_Individual,Offensive_Targeted_Insult_Group
Eeeth block buster kandippa by katta vijay fan,Not_offensive,Not_offensive,Not_offensive
pesi pesi time waste pannama trailer views increase panna parunga,Offensive_Untargetede,Not_offensive,Not_offensive
கொங்கு நாடு வேட்டுவ கவுண்டர் சமுதாய முன்னேற்ற சங்கத்தின் சார்பாக திரைப்படம் வெற்றிபெற வாழ்த்துக்கள்...,Not_offensive,Not_offensive,Not_offensive
"அடேய், சூத்திரன் ஆ பிறந்த தேவிடியா பசங்களுக்கு எவ்ளோ ரோஷம் பார் பா, உண்ண ஒருத்தன் நீ தேவிடியா லுக்கு பிறந்தவன் னு சொல்றான், நீ அந்த ஜாதி யா பெருமையா சொல்லிட்டு திரியுற, எவனாச்சும் ஆமா நாங்க தேவிடியா பசங்க தான் அப்டின்னு ஒதுகிரீங்கள டா??",Offensive_Targeted_Insult_Group,Offensive_Targeted_Insult_Group,Offensive_Targeted_Insult_Group
"Gvp Class, Gvp dhaan Maassss",Not_offensive,Not_offensive,Not_offensive
Yeppaa aadhi... unaku mandaiyila pirachanai..,Offensive_Untargetede,Offensive_Targeted_Insult_Individual,Not_offensive
Marana waiting By thalapathi fan,Not_offensive,Not_offensive,Not_offensive
Guys b4 2hrs make it 200K+ likes,Not_offensive,Not_offensive,Not_offensive
ஜோக்கர்: எனக்கு கண்ட நேரத்துல சிரிப்பு வரும் ஹிப் ஹாப்: எனக்கும்தான் பாண்டியன் ஜனகராஜ்: அங்க என்னடா சத்தம்?,Offensive_Untargetede,Not_offensive,Not_offensive
Enala porutha mudiyala mass ah iruku,Not_offensive,Not_offensive,Not_offensive
Sathi verundri valara itha Padam oru eduthukattu,Not_offensive,Offensive_Untargetede,Not_offensive
Legends meets another legend.. Ilayaraja+Beethovan Symphony..,Not_offensive,Offensive_Targeted_Insult_Individual,Not_offensive
Perusa perusa hero purichu erukainga 🤣,Offensive_Untargetede,Not_offensive,Not_offensive
Zero is best 39m views in just 18 hrs,Not_offensive,Not_offensive,Not_offensive
Yenda Teaser ra vittu kittu irrukangae padhatha eppa da vidue vinga,Offensive_Targeted_Insult_Individual,Offensive_Untargetede,Offensive_Untargetede
Regulation 13 nu paththutu namba eandha regulation nu yosichavaga like poduga... engineering students,Not_offensive,Not_offensive,Not_offensive
hello...epdi la panna thiga...mathavaga povo...epdi eduthirkae...paaaa...vivegam...vetri vagai sodum,Offensive_Untargetede,Not_offensive,Not_offensive
Iyarkayave uruvaagura thanakku mattumthanu sontham kondadura urimaya yaarunga kodutha,Offensive_Untargetede,Not_offensive,Not_offensive
தேனி மாவட்டம் நாயக்கர் அனைத்து மக்கள் சார்பாக வாழ்த்துக்கள்,Not_offensive,Not_offensive,Not_offensive
Orotta peru suriya thirumbi vanthitenu ethirpaakaville ale,Not_offensive,Not_offensive,Not_offensive
Sasi kumar Mass thalaivaa,Not_offensive,Not_offensive,Not_offensive
PENKAL METHU VIRALAI VAITHAL VETTA VENDIYATHU VIRALKALAI ALLA THALLAIYA THALLAIYA BAHUBALI 3 DA,Not_offensive,Offensive_Targeted_Insult_Group,Not_offensive
நாடு சீர்குளையும் இத் திரைப்படம் மூலம்!!! நாம் ஒற்றுமையுடனும் மகிழ்ச்சி பெறவும் திரைப்படம் காட்டுங்கள்!!!,Not_offensive,Not_offensive,Not_offensive
watch kadaisi vivasayi trailer too plz,Not_offensive,Not_offensive,Not_offensive
நாம் தமிழர் அண்ணன் சீமானின் கோவத்தை NGK படத்திள் பார்களாம் NTK...,Offensive_Targeted_Insult_Group,Not_offensive,Not_offensive
"Dei, idhu animation padama illa original padama...",Offensive_Targeted_Insult_Group,Offensive_Targeted_Insult_Group,Offensive_Untargetede
Padam blockbuster nu solravanga matum like,Not_offensive,Not_offensive,Not_offensive
boss sattai 3 mari iruku trailer,Not_offensive,Not_offensive,Not_offensive
Ayan part #awesam thala...wow...,Not_offensive,Not_offensive,Not_offensive
Last antha 96 vera level,Not_offensive,Not_offensive,Not_offensive
thala na mass. mathavanga ellam thala munnadi duss,Not_offensive,Not_offensive,Not_offensive
Inga Rajini ya pathi mattum comment pannunga nan Vijay sethupathika papen aniruthuka Papen apdina adichu underwearoda oda vituven...Thalaivar forever,Offensive_Untargetede,Offensive_Untargetede,Not_offensive
Trailer ah pakama like panna angali pangali,Not_offensive,Not_offensive,Not_offensive
Ella madhathayum olikka padam edutha adhu gethu..Enga adha edunga papom. Modhalla vivasayam seyya kathukkuvom.. Sothukke singi adikara nilamaila saadhi ipo rombo Mukkiyam.. Epo soru illama vyadhila saaga porom nu therila..Ilaya samudhayam saadhiya olikanum nu pogara nerathula.. Konjam sotha pathiyum sindhikanum.. Ella valangalum alinju pochu..,Offensive_Targeted_Insult_Group,Offensive_Targeted_Insult_Group,Offensive_Targeted_Insult_Group
Iam from. Andhra. I will. Support. Vijay sethupati sir All Tamil guys supporting. Mega star.,Not_offensive,Not_offensive,Not_offensive
Comments நல்லா கொடுக்குரிங்ங எல்லாரும் தியேட்டரில்ல வந்து படம் பார்பீர்களா?,Not_offensive,Not_offensive,Not_offensive
Anandhi vj antha ponnu...Peasi peasi voice ipdiyae akiruchi,Not_offensive,Not_offensive,Offensive_Targeted_Insult_Individual
Vera level teaser bgm super,Not_offensive,Not_offensive,Not_offensive
therinja edhiriya vida theriyadha edhirikkuthaan... alllllluuuu... theri baby.. wow wow maaass,Not_offensive,Not_offensive,Not_offensive
Different carcter jayam ravi sir super romba nall erk..,Not_offensive,Not_offensive,Not_offensive
கண்ணு தெரியாத ஒருவனை சுற்றி கதை நகர்கிறது ஆனா கண்ணு தெரியாதவங்க இந்த ட்ரைலரை புரிஞ்சிக்க முடியாது.. #love this lovable idiot..,Offensive_Untargetede,Not_offensive,Not_offensive
Kerala trending #3 make it first #1,Not_offensive,Not_offensive,Not_offensive
Luv u Surya Soooooo Muchhhhhh,Not_offensive,Not_offensive,Not_offensive
"மோகன் மச்சான் மிகவும் பெருமையாக இருக்கிறது, உனது படைப்பு சரித்திர/சத்திரிய வெற்றி பெற நல்வாழ்த்துக்கள் வாழ்க நளமுடன்",Not_offensive,Not_offensive,Not_offensive
Harris hayaraj romba nalaikku apram varinga pola...,Not_offensive,Not_offensive,Not_offensive
Nee enna periya vasool mannanaa.. Theriyala aptithaan solraanka. I am waitting thlaivaa,Not_offensive,Not_offensive,Not_offensive
அவுங்க ஜெயலலிதா அம்மா பொம்மை அல்ல. நடிகை மாத்துங்கா pls,Not_offensive,Not_offensive,Not_offensive
Onnu maattum nalla theridhu Asuran ninnu pesa podhu... vetrimaran + dhanush = vetridhan....,Not_offensive,Not_offensive,Not_offensive
Vera Level AK VA Pakka porom Waiting,Not_offensive,Not_offensive,Not_offensive
Dislike pannavan laam ADMK & NTK thondargal,Offensive_Targeted_Insult_Group,Not_offensive,Offensive_Untargetede
300K left for 17M views,Not_offensive,Not_offensive,Not_offensive
2k kids intha padathuku wait pandravanga like podinga,Not_offensive,Not_offensive,Not_offensive
hum ko be koi subscribe kro #ALONE111,not-Tamil,not-Tamil,not-Tamil
Jayalalitha va kaata sonna church father ah kaatrenga,Offensive_Targeted_Insult_Individual,Offensive_Targeted_Insult_Individual,Not_offensive
Thala ah class ah pakka evlo perukku pidichurukku,Not_offensive,Not_offensive,Not_offensive
Thaaa ** Thalaivara kalaaika thaguthi illa da ungalukku,Offensive_Untargetede,Offensive_Untargetede,Offensive_Untargetede
Happy Birthday Nadipin Nayagan Suriya 🤩,Not_offensive,Not_offensive,Not_offensive
சமுத்திரக்கனின ஒரு கருத்து இருக்கும் அதுக்கவே பாக்கலாம்,Not_offensive,Not_offensive,Not_offensive
Hindi me kab aayegi ye movie,not-Tamil,not-Tamil,not-Tamil
theri idhu trailer vivegam idhuvum trailer thaan mokka naai asith,Offensive_Targeted_Insult_Individual,Offensive_Targeted_Insult_Group,Offensive_Untargetede
MakeUp Karne Wale Ko Ekees Topi Ki Salaami to,not-Tamil,not-Tamil,not-Tamil
1000 padam epd vanthalum Paruthi veeran matri padam vaipe ila...,Offensive_Untargetede,Not_offensive,Not_offensive
Yaarellam Vadachennai movie alavuku asuran illanu feel panreenga,Offensive_Untargetede,Not_offensive,Not_offensive
TRENDING number 1 Thala da,Not_offensive,Not_offensive,Not_offensive
Naan joke padama irukkum innu paarthan sema ya actions aa irukku trailor,Not_offensive,Not_offensive,Not_offensive
"Vaiyagara thinra vayasula, amy ellam unaku thevaiya",Offensive_Untargetede,Offensive_Untargetede,Not_offensive
Vijay sir dialogue paathu sirikkaathinga antha scene na cut pannunga...,Offensive_Targeted_Insult_Group,Not_offensive,Not_offensive
இயக்குனர் மோகன் அவர்களுக்கு மல்லை நகரத்தின் சார்பாக வெற்றி பெற வாழ்த்துக்கள் புரட்சி மூலம் வெற்றி கிடைக்கும்,Not_offensive,Not_offensive,Not_offensive
Ithu padam mathiri illa graphics mathiri irukku,Not_offensive,Offensive_Targeted_Insult_Individual,Not_offensive
Suriya Anna Ethana look...kanakku pannave mudiyala... 200c+ confirm,Not_offensive,Not_offensive,Not_offensive
gommapunda Ajith devidiya paiyan... ummbu da child sunniyaaa,Offensive_Targeted_Insult_Individual,Offensive_Targeted_Insult_Individual,Offensive_Targeted_Insult_Group
திருப்பூர் கொங்கு வேளாளர் கௌண்டர்கள் சார்பாக படம் வெற்றி அடைய வாழ்த்துக்கள்,Not_offensive,Not_offensive,Not_offensive
Sema mass trailer Love from Erode,Not_offensive,Not_offensive,Not_offensive
All d best from #DBOSS darshan fanszz #KARNATAKA,Not_offensive,Not_offensive,Not_offensive
Thala yuvan compo... Sollava venum pangam pannitinga...,Not_offensive,Not_offensive,Not_offensive
Love you,Not_offensive,Not_offensive,Not_offensive
1.55 repeat mode,Not_offensive,Not_offensive,Not_offensive
Kaithi paathavanga sollunga kgf mari irukka?,Offensive_Targeted_Insult_Group,Not_offensive,Offensive_Untargetede
Pathu varusathu ku munnadi enna pannitu irunthean nu theriyathula sir masss,Not_offensive,Offensive_Untargetede,Not_offensive
Intha like intha views pathadhu ininum niraiyaa niraiyaa...,Not_offensive,Not_offensive,Not_offensive
Being Rajinified.. luv from kerala,Not_offensive,not-Tamil,Not_offensive
அதுக்கு கூட மலையாளி ரிச்சர்டு தான் துணைக்கு கூப்பிடுறீங்க... நாடக காதலால் பாதிக்கப்பட்டவர்களின் லிஸ்ட்டை திருமா பலமுறை கேட்டும் தராமல் மருத்துவர் இழுத்தடிப்பதேன் சாதியை மறந்து தமிழர்களாக மாறு...அதுதான் காலத்தின் தேவை,Not_offensive,Not_offensive,Not_offensive
Vadi va August month va unaku periya apppu iruku,Offensive_Targeted_Insult_Group,Not_offensive,Not_offensive
Yarellam note paninga teejey movie la vandharunu 🤔🤔🤔🤔,Not_offensive,Not_offensive,Not_offensive
Trailer is good aana konjam romba overa aah iruku,Not_offensive,Offensive_Targeted_Insult_Individual,Not_offensive
என்னையே படத்தில பார்த்த மாதிரி இருக்கு,Not_offensive,Not_offensive,Not_offensive
Suitable Telugu title for this movie is Rakshakudu...,Not_offensive,Not_offensive,Not_offensive
"கபாலி, காலா, படம் வந்த அமைதியாக இருந்து, அசுரன் படம் வந்தபோது அனைவரும் வாழ்த்துக்கள் தெரிவித்து விட்டு இந்த படம் வரும் போது எல்லோரும் எதிர்ப்பது ஏன்??? இனி ஒரு அசுரன், வந்தால் ஆயிரம் தேவர் மகனும் ஆயிரம் திரௌபதி யும் வர வேண்டும்",Not_offensive,Not_offensive,Not_offensive
Looking great still On trending...,Not_offensive,Not_offensive,Not_offensive
அவங்க எடுத்தா அது சமுதாயப் படம். இவங்க எடுத்தா அது சாதிப் படமா??? என்னங்க சார் உங்க சட்டம்?? வரவேற்போம் #திரௌபதி 🤙,Not_offensive,Not_offensive,Not_offensive
jayam Ravi Kajal Agarwal fans like there,Not_offensive,Not_offensive,Not_offensive
Kandippa entha padam super hit padam aagum,Not_offensive,Not_offensive,Not_offensive
"வித்யாசமான திரைக்கதையில், நேர்த்தியான கதையோடு, அழகான குறும்படம்...",Not_offensive,Not_offensive,Not_offensive
Thala Neega wait Thala wait wait,Not_offensive,Not_offensive,Not_offensive
Padam vera level la erukka pothu,Not_offensive,Not_offensive,Not_offensive
Innum youtube le sarya view panne mudiyale bairavaa teasere,Not_offensive,Not_offensive,Not_offensive
Trailer verithanama iruku poran naanum 16yrs ku munnadi pora,Not_offensive,Offensive_Untargetede,Not_offensive
Naaa yenna ninakkuranna rajini sir paththi yethavathu pesunaa prabalam aayidulaam polarukku,Offensive_Targeted_Insult_Other,Not_offensive,Not_offensive
Iyooooo thala... Massssssss love u thalaaaaaaaaa,Not_offensive,Not_offensive,Not_offensive
THALA always masss.. Ippo sollava venum Y1 music vera level ah irukkum...,Not_offensive,Not_offensive,Not_offensive
Someone else here after viswasam trailer???,Not_offensive,Not_offensive,Not_offensive
ennada 3naalku aprm trending... enna pithalaatamaa iruku...,Offensive_Targeted_Insult_Individual,Offensive_Untargetede,Offensive_Untargetede
68K left for 600K likes,Not_offensive,Not_offensive,Not_offensive
kaidhi vera lvl trailer idhaa dewali kaidhii dhaa king,Not_offensive,Not_offensive,Not_offensive
Vjs Anna kaaga like potavanga Like pannuga,Not_offensive,Not_offensive,Not_offensive
உண்மையை உலகிற்கு சொன்ன மோகன் அவர்களுக்கு வாழ்த்துகள்...,Not_offensive,Not_offensive,Not_offensive
HERO TRAILER = LIKE THAMBI TRAILER= COMMENT,Offensive_Targeted_Insult_Group,Not_offensive,Not_offensive
at 0:32 pause panni 5sec face ah partha gubeernu sirippu varuthu,Offensive_Targeted_Insult_Individual,Not_offensive,Not_offensive
Ida padam ennum ethinu year kalichu varumkungam theringa nala irikum,Not_offensive,Offensive_Untargetede,Not_offensive
Best trailer I have ever seen,Not_offensive,Not_offensive,Not_offensive
1:29...Sarkar. Ennana theriyela ellam padathalayum villain thookiye aavanuma?,Offensive_Untargetede,Not_offensive,Not_offensive
Trailer Vera level guys. Music adichikavae mudiyala 🤘🤘,Not_offensive,Not_offensive,Not_offensive
Thala semaya irukinga... Last scene dialogue superb... Music Yuvan rocking...,Not_offensive,Not_offensive,Not_offensive
1 MILLION in 2 1/2 hrs,Not_offensive,Not_offensive,Not_offensive
Ultimatestar ajith valka ultimatestar ajith valka ultimatestar ajith valka ultimatestar ajith valka,Not_offensive,Offensive_Targeted_Insult_Individual,Not_offensive
Aiyo aiyo no words...poda poda karthicku ennada panirka..onnala onnum pana mudiyathu da...,Offensive_Untargetede,Offensive_Untargetede,Offensive_Untargetede
நாடார் சமுதாயம் சார்பாக படம் வெற்றி பெற வாழ்த்துக்கள்...,Not_offensive,Not_offensive,Not_offensive
samme sammme samme vijay anna pakkka masssssss im waiting the movie,Not_offensive,Not_offensive,Not_offensive
Vera level na ithu than ya...ayan padam. And Aarambam padam rendum kalanthu paatha maathiri irukku teaser...Once again KV anand nailed it...waiting to see this movie in big screen...surya you beauty,Not_offensive,Not_offensive,Not_offensive
பெண் பிள்ளைகள் பெற்ற அனைத்து அப்பாகளின் சார்பாக படம் வெற்றி பெற வாழ்த்துக்கள்,Not_offensive,Not_offensive,Not_offensive
Thevidiya Ajith fans kadharal autolike da nu,Offensive_Targeted_Insult_Group,Offensive_Targeted_Insult_Group,Offensive_Untargetede
Ippadi neraya neraya neraya neraya Thala v lv u,Not_offensive,Not_offensive,Not_offensive
Mass of massa Tamil cinima to Hollywood level Vara level Shankar rajinikhanth tamilandaaaa,Not_offensive,Not_offensive,Not_offensive
"சாகோ, இன்னும் வீரியமாக இருந்தால் நன்றாக இருக்கும். ஆனால் இதுவே வெறித்தனமான ஒன்றுதான். கதறுங்கடே",Offensive_Targeted_Insult_Other,Not_offensive,Not_offensive
போற போக்க பாத்தா நேர்கொண்ட பார்வைய இது தூக்கி சாப்டுறும் போல...,Not_offensive,Not_offensive,Not_offensive
Intha comment parkum pothu nandragavae theriuthu tamilnadu la irukura athana samugamum nadaga kathalai ethirukirargal execept katapanchayathu viduthalai sirutha katchi thiruma group.,Not_offensive,Not_offensive,Not_offensive
Chei ivala oru azhu punda ollal punda,Offensive_Targeted_Insult_Individual,Offensive_Untargetede,Offensive_Untargetede
யாதவர் சமுதாயம் சார்பாக இப்படம் மாபெரும் வெற்றி பெற்று இந்த நாடக காதல் கும்பலின் முகத்திரையை கிழித்தெறிய எல்லாம் வல்ல இறைவன் பகவான் ஸ்ரீ கிருஷ்ணர் அருள் புரிய வேண்டுகிறேன்...,Not_offensive,Not_offensive,Not_offensive
"உங்கள் உள்ளுணர்வு பின்பற்றுங்கள் உள்ளுணர்வு தான் உங்களுக்கு சரியான வாழ்க்கைத் துணையை தேர்ந்தெடுக்க வழிவகை செய்யும். பொருத்தமான இருவருக்கு நடுவே உண்மையான காதலோடு, அந்த உணர்வோடு அமைந்தால் தான் அந்த வாழ்க்கை சிறப்பாக இருக்கும். இதுபோன்ற விழிப்புணர்வு படங்கள் பத்தாது. அவர்கள் அவரவர் வாழ்க்கையை பற்றிய சுய அறிவை வளர்த்துக் கொள்ளுங்கள்.",Not_offensive,Offensive_Targeted_Insult_Group,Not_offensive
Rajini sir Vera Vera level...,Not_offensive,Not_offensive,Not_offensive
Antha trailer la itha notice panengala mersaluku seema laugh but viswasam Thuku just small laugh,Offensive_Targeted_Insult_Group,Offensive_Targeted_Insult_Individual,Not_offensive
I am Vijay fan but thala love you I am waiting thala next 60um balls pannunga.Yuvan sirvmasss,Not_offensive,Not_offensive,Not_offensive
Final la rajini ya vachi senjitanga,Offensive_Targeted_Insult_Individual,Offensive_Targeted_Insult_Individual,Offensive_Targeted_Insult_Individual
Nallarke yaa padam...promotion la vera level la panranga namma trackers laam,Not_offensive,Not_offensive,Not_offensive
0:39🥺🥺 tha yara avan... headphones Oda Oru nimisham bayanthuten,Offensive_Untargetede,Not_offensive,Offensive_Untargetede
Marana mass... Thalaivar Pakka mass... I'm waiting...,Not_offensive,Not_offensive,Not_offensive
Super Anna maku kavalasindi iedhaa,not-Tamil,Not_offensive,Not_offensive
Inniku tha indha padatha pathi peasumnum adhukulla traileru,Not_offensive,Not_offensive,Not_offensive
எனக்கு தெரிஞ்சு கண்ணான கண்ணே song scene Climax a இருக்கும்ன்னு நெனெனகிரென்,Not_offensive,Not_offensive,Not_offensive
Petta vs Visuvasam Irandu padamum Vetri vizha kondaada Thalapathy Thampingalin vaalthukal,Not_offensive,Not_offensive,Not_offensive
Chiyaan ku all the best..but trailor semma mokkkaa..,Offensive_Targeted_Insult_Individual,Not_offensive,Offensive_Untargetede
yenda ungalukkellam vera illlayya... summa masuuu therinnnu vengayam... paya pulllaganla padikka vayungada... nalla padigada... velaiyya parungada... likkkuuu punnnakkku..,Offensive_Untargetede,Not_offensive,Offensive_Targeted_Insult_Group
Ithu than kaadhal true 90s kids feeling,Not_offensive,Not_offensive,Not_offensive
Ravi Anna I like very much,Not_offensive,Not_offensive,Not_offensive
Har bar alag look yr ohsame only one man Vikram,not-Tamil,Not_offensive,Not_offensive
Siva va Rombha scene ah illama iruntha nalla irukkum,Offensive_Targeted_Insult_Individual,Not_offensive,Not_offensive
varlam varlam va BAIRAVA,Not_offensive,Not_offensive,Not_offensive
indha ponugala first olunga irukka sollunga,Not_offensive,Not_offensive,Not_offensive
thats thalaivar walk +gvp bgm yedutu vaingada national awarda 🤩,Not_offensive,Not_offensive,Not_offensive
Irukku... Intha year Sema treat irukuu...,Not_offensive,Not_offensive,Not_offensive
216k ohhh thalapathy allu allunu alludhu,Not_offensive,Not_offensive,Not_offensive
Ada da arumaiyana message irukum pola padaththula...,Not_offensive,Not_offensive,Not_offensive
படம் வெற்றி அடைய மனதார வாழ்த்துகிறேன்... வன்னிய குல சத்ரியன்.,Not_offensive,Not_offensive,Not_offensive
Theri mass movie wait panravangalam like panuga,Not_offensive,Not_offensive,Not_offensive
Aalaporaan la andha pakkam odu..thala is here,Not_offensive,Not_offensive,Not_offensive
Aduthu ranjith padam varum Apo pathukkalam,Not_offensive,Not_offensive,Not_offensive
Ennada thalapathy vanthachu thala varalaye nu paatha...rendu perum vanthutanga,Not_offensive,Not_offensive,Not_offensive
இந்த படம் growd funding மூலமாக மக்களிடம் பணம் வசூல் செய்து எடுக்கப்பட்டது... படக்குழுவினரின் நோக்கம் படம் வெற்றியடைய வேண்டும் என்பதல்ல அனைவரும் இந்த படத்தை பார்க்க வேண்டும் என்பது மட்டுமே... தியேட்டர் போய் பார்க்க இயலாதவர்கள் Internet ல் download செய்து பார்க்கலாம்... முடிந்தளவு தியேட்டரில் பார்க்க முயற்சி செய்வோம்...,Not_offensive,Not_offensive,Not_offensive
Anga anga chotta beam vanthutu ponalum overall sirappu,Not_offensive,Not_offensive,Not_offensive
Thiruvallur mavattam sarbaga vetri pera vazhthukkal...,Not_offensive,Not_offensive,Not_offensive
Iruku oru tharamaana sambavam inne iruku,Not_offensive,Not_offensive,Not_offensive
Ha ha verithanam thalaivaaaaa verithanamaaana w8ing...,Not_offensive,Not_offensive,Not_offensive
yaarukum adangaatha thirunelveli thala gurups oru like podunga,Not_offensive,Not_offensive,Not_offensive
Thala thala thala va aaaaaa vaaaaa thala..Love youuuuu so much Thalaaaaaaaaaaaaaaaaaaaaaaaaaaa,Not_offensive,Not_offensive,Not_offensive
"Jeyam = ungalukku theriya vaaipila sir 16 varusathuku munnadi enakum avalukum nadatha metter 🤣Baby = matteraa? ena matter angle Kajal = Naa thaan munadinu Ninachen, semma fun naa irukum pola i'm coming theater",Not_offensive,Not_offensive,Not_offensive
Came here after Dir Shankar's Post,Not_offensive,Not_offensive,Not_offensive
499K likes 1K left for 500K likes,Not_offensive,Not_offensive,Not_offensive
bro best 4k tv 43 inch la entha tv vankalam bro,Not_offensive,Not_offensive,Not_offensive
Endaa 41K dislikes? Semma trailer! -Telugu Fans,Offensive_Untargetede,Not_offensive,Offensive_Untargetede
Oruthar mela viswasam katradhunaala Innoruthara ya asingam paduthringa Hadsoff thala,Not_offensive,Not_offensive,Not_offensive
899 views to 14 million views varlaam varlaam vaa bairavaa,Not_offensive,Not_offensive,Not_offensive
Pubg gun G36C hai pubg lover like kro,not-Tamil,not-Tamil,not-Tamil
Raniji arasial. Idhu 96 semma bro,Not_offensive,Not_offensive,Not_offensive
Omg! Kangana ko nehi pehchan ja raha hai! Woh! 250cro pakka.,not-Tamil,not-Tamil,not-Tamil
Tharamana sambavatha inimey than pakka pora,Not_offensive,Not_offensive,Not_offensive
செட் ஆகல காமெடி யா இருக்கு,Not_offensive,Not_offensive,Not_offensive
ippo trailer parkura angaali pangaali ellaam oru like podunga,Not_offensive,Not_offensive,Not_offensive
Bigil marana waiting panuravanga like panunga,Not_offensive,Not_offensive,Not_offensive
Thalaaaaaa veraaa lvl vera lvl vera lvlll,Not_offensive,Not_offensive,Not_offensive
Pink movie.ajith sir version!!!,Not_offensive,Not_offensive,Not_offensive
Anna looks vera level and dialouges,Not_offensive,Not_offensive,Not_offensive
Potta Ajith aamai 9 ali utter flop confirm,Offensive_Targeted_Insult_Individual,Offensive_Targeted_Insult_Group,Offensive_Targeted_Insult_Group
Indha pongalukku Ennapannaporom? kaali kuda sweet sapdaporom,Not_offensive,Not_offensive,Not_offensive
entha naiku nadakakuda mudiyathu periya buildup,Offensive_Untargetede,Not_offensive,Not_offensive
Z.suthamalli vanniyar sarpaga vaazhthukkal... Vanniyar mani. T,Not_offensive,Not_offensive,Not_offensive
Ovvoruthanuku Ovvonu Mela paithiyamahna SuriyaRasigaiku Suriya Mela paithiyammm #CrazeOnSuriyaAnna,Not_offensive,Not_offensive,Not_offensive
thalaiva theriiiiiiiiiiiiiiiiiiiiiiiiiiiiiiiiiiiiiiiiiiiiiiiiiiiiiii i love u vijay,Not_offensive,Not_offensive,Not_offensive
படம் sema kik ko kik trailer,Not_offensive,Not_offensive,not-Tamil
5 HRS 4.1M views. Thalaivaa Semma mass,Not_offensive,Not_offensive,Not_offensive
Trailer parthu அரசியல்ல edupau vanthathu yarukku,Not_offensive,Not_offensive,Not_offensive
Youtupe தெரிக்க விட்டாச்சி... 30 நிமிடம் 100 k LIKE...,Not_offensive,Not_offensive,Not_offensive
Yanakku nadikka teriyadu Stalin ku nadhipunave yennanu teriyadu,Offensive_Targeted_Insult_Individual,Offensive_Targeted_Insult_Individual,Offensive_Targeted_Insult_Individual
Thalaivaa Mass. Thalaivaa Seeman Jatti poduvaana Ilaiyanu teriyalaiyeh?,Offensive_Targeted_Insult_Individual,Not_offensive,Not_offensive
வெறித்தனமான டிரெய்லர் வசனம் வேற லெவல். ஒவ்வொரு அப்பன் அண்ணன் குடும்பத்தின் வலி திரௌபதி வெற்றியடைய மனமார்ந்த வாழ்த்துக்கள்,Not_offensive,Not_offensive,Not_offensive
Petta k but visuvasam trailer is still not release,Offensive_Targeted_Insult_Individual,Offensive_Targeted_Insult_Individual,Not_offensive
Teaser Marana Masss ah Iruku Thalaiva...Dec 16th kaga waiting...,Not_offensive,Not_offensive,Not_offensive
தெறி பைரவா ஒரு கோடி பார்வை சாதனை இந்த ஆண்டு மகிழச்சி,Not_offensive,Not_offensive,Not_offensive
Tirunelveli yadavar sarpaga movie vetri pera valthukal.nice trailer.,Not_offensive,Not_offensive,Not_offensive
1:08 la VERITHANAM Irukkunu Solluravanunga Hit LIKE,Not_offensive,Not_offensive,Not_offensive
"без пизды, фильм огонь получится!!!",not-Tamil,Not_offensive,Not_offensive
SIMPLE DHAA PAATHU VANDHAVANGA. MAPLA PODU ORU LIKE,Not_offensive,Not_offensive,Not_offensive
Dai indha rajini ah dhaan da pala varshama naanga kekrom,Not_offensive,Not_offensive,Offensive_Untargetede
Vera level super penngal usar 100 days ku odum worh hu,Not_offensive,Not_offensive,Not_offensive
Ada karumam puduchavanungala PINK padatha ennada panni vechurukinga,Offensive_Untargetede,Offensive_Untargetede,Offensive_Untargetede
Enna pandey news channel la velai illanu nadika vanduthiya...,Offensive_Targeted_Insult_Individual,Offensive_Targeted_Insult_Individual,Not_offensive
1:13 reminds me rakta charitra 2,Not_offensive,Not_offensive,Not_offensive
Last dialoge thala fans ungalukkuta Iam Vijay fan trailer super,Not_offensive,Not_offensive,Not_offensive
1 hr la 400 k+ like,Not_offensive,Not_offensive,Not_offensive
No Doubt Kanga Shandar Actress H. Per Ye Jay Lalita Kam Aur Doremon Ka Jiyan Jyada Lag Rahi H...,not-Tamil,not-Tamil,not-Tamil
Intha flim vilupuram district name ah payanpaduthi eduthathuku dharmapuri name ah payanpaduthi eduthurukalaam innum nallarukum real story apadikirathuku,Not_offensive,Not_offensive,Not_offensive
Vijay semma mass da nee oru pida,Offensive_Targeted_Insult_Individual,Not_offensive,Not_offensive
Sirapana tharamana sambavangala eni metha pakka poraa...1:24,Not_offensive,Not_offensive,Not_offensive
Ethukku da antha Varun ku sambanthame illama oru getup kudukarenga producer na ithellam nanga pakkanuma so waste,Not_offensive,Offensive_Targeted_Insult_Group,Offensive_Targeted_Insult_Group
Trailer itna mst hai to movie kitna gjb hoga yaar,Not_offensive,not-Tamil,not-Tamil
Petta pongalukku sey um vasul Vetta,Not_offensive,Not_offensive,Not_offensive
Thiruvannamalai mavattam yadavargal sarpagaaa valthukal...ithu kathai illai varalaru...,Not_offensive,Not_offensive,Not_offensive
Yaru padam vanthalum varadum thanush Anna padam vanthale tamil nade miratdum by thanush veriyan,Not_offensive,Not_offensive,Not_offensive
Suriya naa... ni matum Dan mass,Not_offensive,Not_offensive,Not_offensive
Idhu oru two days munadi soliirikakoodadha likes inneram evaloo vanthirikkum,Not_offensive,Not_offensive,Not_offensive
ULAGA SUPER STAR THALAPATHY FANS WISHES SURYA,Not_offensive,Not_offensive,Not_offensive
God of bgm Yuvan mass Yuvan gethu Yuvan bhaktargal hit like,Not_offensive,Not_offensive,Not_offensive
Echa vijay fans'ku serupadi tandaar enga thala(different role),Not_offensive,Offensive_Targeted_Insult_Group,Not_offensive
NGK BGM vera level thattikka mudiyathu. Vera level...,Not_offensive,Not_offensive,Not_offensive
Aiyo thala fans like ah podunga d!!,Not_offensive,Not_offensive,Not_offensive
முத்தரையர் இன மக்கள் சார்பாக வாழ்த்துகள்.. பெண் பிள்ளைகளை பெற்றவர்வகள் அனைவரும் பார்க்க வேண்டிய படம்.. இது போன்ற படங்கள் வரவேக்க ஒன்று.. படகுழுவினர்க்கு வாழ்த்துகள் பல கோடி..,Not_offensive,Not_offensive,Not_offensive
ரொம்ப பிரமாதம் இல்லை பார்க்கலாம் நினைக்கிறேன் அரசியல்ல வைத்து செஞ்சிருப்பாங்க படத்துக்கு இல்லாட்டியும் சூர்யா இருக்க பார்க்கலாம்,Not_offensive,Not_offensive,Not_offensive
vadachennai teaser likes ah overtake paniruchu,Offensive_Targeted_Insult_Group,Not_offensive,Offensive_Untargetede
JAY RAM RAVI BEST ACTOR IN INDIA ANY RXTRA movie N amazing,Not_offensive,Not_offensive,Not_offensive
SEMMMAA Karthi Anna Kalakkal MASSS,Not_offensive,Not_offensive,Not_offensive
saakabothu sandapottu saganum that mean ethavathu nallathu senchittu saganum.. i like dialogue!,Offensive_Targeted_Insult_Other,Not_offensive,Not_offensive
singam again and again... w8Ing unlimitted...,Not_offensive,Not_offensive,Not_offensive
ராணிப்பேட்டை மாவட்ட வன்னியர்கள் சார்பாக படம் வெற்றியடைய வாழ்த்துக்கள்,Not_offensive,Not_offensive,Not_offensive
Dislike panavan oruthanuku poruthuruka maatan poogada ****************,Offensive_Untargetede,Not_offensive,Offensive_Untargetede
Naan yaaru ennurudha eppavume naan mudivupanuruthilla... En edhurula nigakaravanga thaan mudivupanuvanga... Naan avangalluku naanban-ah illa ethiri-ah.,Not_offensive,Not_offensive,Not_offensive
"Thala acting Vera level, music, dialogues and Trailer Vera levanu soldravanga yaru Thala rasigarkale Enudaya Sagodhargale,,,,,,,,",Not_offensive,Not_offensive,Not_offensive
இந்தப் படத்தின் மூலமாக தலைவருடைய மார்க்கெட் மிகவும் உயரும் என்பதில் மாற்றமில்லை!!,Not_offensive,Not_offensive,Not_offensive
Best makeup (getup) for rajini after Shivaji film!!,Not_offensive,Not_offensive,Not_offensive
We want iron man old dubbing voice,Not_offensive,Not_offensive,Not_offensive
Ramya krishnan suits better than this kanghana,Not_offensive,Not_offensive,Not_offensive
Evan da unlike pottadu inda trailer ku,Offensive_Untargetede,Offensive_Untargetede,Offensive_Untargetede
Bgm Vera leavel தலா marana wetting,Not_offensive,Not_offensive,Not_offensive
"Bhairavaa than mass,thalapathi vijay Anna super star",Not_offensive,Not_offensive,Not_offensive
Padam vera level climax marana mass,Not_offensive,Not_offensive,Not_offensive
Asuran second part veynum nu solranvnga like pannuga,Not_offensive,Not_offensive,Not_offensive
சகிழிய புண்டைகள் மற்றும் பா. இரஞ்சித்த வந்து இந்த பட டைரக்டர்'கு உம்பூ'க. டா #Sc Thayols,Offensive_Targeted_Insult_Group,Not_offensive,Offensive_Targeted_Insult_Group
padam semma mass ah eruka pokuthu Oru punithamana kadhala nadagama nadathiya naigaluku eni appu Tha,Not_offensive,Not_offensive,Not_offensive
Ebbbaaah Tamil naattula ivlo jaathi irukka? Rip Tamil Nadu. Rip next generation.,Not_offensive,Not_offensive,Not_offensive
Hi sonna song fans remember 90's life,Not_offensive,Not_offensive,Not_offensive
Pakkarathuku munnadi like pannavanga hit like,Not_offensive,Not_offensive,Not_offensive
Love ajith from andhra pradesh & karnataka,Not_offensive,Not_offensive,Not_offensive
1 million views likes kodu varum thala fans support nkp trailer,Not_offensive,Not_offensive,Not_offensive
Dey enaku viswasam scene sirichathu kuda enaku siripu varala.. 1:22 scene ah paatha udane loudly ah sirichiten da..ennada pani vachirukeenga,Offensive_Untargetede,Offensive_Untargetede,Offensive_Targeted_Insult_Group
Waiting for kaapaan just bcoz selvaragavan movies r overrated or just avg movies KV anand - Suriya,Not_offensive,Not_offensive,Not_offensive
#1 trending Nerkonda paarvai. Sahoo #2..,Not_offensive,Not_offensive,Not_offensive
Saravediiiiiiiiiiiii... NGK NGK NGK NGK NGK...,Not_offensive,Not_offensive,Not_offensive
petta paraak last black shirt theriii thalaivaaa,Not_offensive,Not_offensive,Not_offensive
"குருமா, ரஞ்சித் பார்த்து கதறுங்க டா",Offensive_Targeted_Insult_Individual,Offensive_Targeted_Insult_Group,Not_offensive
Feels like inspired from #BhaveshJoshi movie,Not_offensive,Not_offensive,Not_offensive
Tatarata tatat eyya ooua chiyan... Chiyan fans hit like...,Not_offensive,Not_offensive,Not_offensive
Any one after kaappan like here,Not_offensive,Not_offensive,Not_offensive
waiting for 10M views n above 100K within in 7 days *Durai Singam Serum engu vaada vaada vaada vaada,Not_offensive,Not_offensive,Not_offensive
Harish s back... Yevanda ivan song madri idula onu irukanum bri,Not_offensive,Not_offensive,Not_offensive
தளபதி விஜய் ரசிகர்கள் சார்பாக வாழ்த்துகள் மிக அருமையான படமாக அமையும்... மருது படம் போல்,Not_offensive,Not_offensive,Not_offensive
Thalaivaaaaaaaaaaa Alludhu style.u...Maassss... Vaera evanavadhu irundhaa Apadiyae vodi poiduu.. Rajinified,Not_offensive,Offensive_Untargetede,Not_offensive
வணக்கம் டா மாப்ள பொள்ளாச்சி பக்கம் ஆனைமலையிலிருந்து இந்த காவியம் வெற்றிபெற வாழ்த்துக்கள்,Not_offensive,Not_offensive,Not_offensive
Jayam ravi: 16 varsham munnaadi nanum unga wife um oru matter uu Kajal: mater aa naadhan first nu nenachen,Not_offensive,Not_offensive,Not_offensive
Indha vels film producer alumbu thaanga mudila pa...ella padathulaiyum avan thangachi paiyan ah nadikka vittudaraan🤣🤣🤣,Offensive_Targeted_Insult_Individual,Not_offensive,Not_offensive
Karthi sir u r made Thank u Super star change illa semma style marna mass nadippu,Not_offensive,Not_offensive,Not_offensive
varalam varalam vaa varala va bairavaa,Not_offensive,Not_offensive,Not_offensive
பெண்கள் மட்டும் பார்க்கவும் 8:40 நிமிடத்தில் இருந்து பார்க்கவும் புரியும்,Not_offensive,Offensive_Targeted_Insult_Group,Not_offensive
*Frienduna facebookla like kodukaravanu nenachiya...life eh kodukanunda... Enakkum vandu vaachirukunga..* 🤨,Not_offensive,Not_offensive,Offensive_Untargetede
Teaser mokkaya irukunu solravanga mattum like pannunga,Offensive_Targeted_Insult_Group,Offensive_Untargetede,Offensive_Untargetede
Who are all waiting veritthanamaa?hit like...Tmrw mrng kadavul dharisanam,Not_offensive,Not_offensive,Not_offensive
நாடக காதல் கும்பலை கருவருக்க வேண்டும். திரெளபதி படம் வெற்றி பெற பாமக சார்பாக வாழ்த்துக்கள்,Not_offensive,Not_offensive,Not_offensive
700k plus likes pure mass and class,Not_offensive,Not_offensive,Not_offensive
பொள்ளாச்சிகாரங்கள தவிர்து பாருவேனாலும் கருத்து சொல்லுங்கே கமன்ட்ல முக்கால்வாசி அவனுங்கதான் கருத்து சொல்லிட்டு இருகானுகே...நொங்கு சார்பாக.அப்படினு,Not_offensive,Not_offensive,Not_offensive
Ennaku enamo... VJS intha padathula... Alaga irrukura maathiri irruku...,Not_offensive,Not_offensive,Not_offensive
Oh vani bhojan guest appearance..uh lol,Not_offensive,Not_offensive,Not_offensive
Evan ellam dislike pannano avan manishan illa,Offensive_Untargetede,Offensive_Untargetede,Offensive_Untargetede
Jothika dawvjs daw Aravind Samy daw🤘STR dawArun vj daw🤙Mani Ratnam dawkadaiciya... ARR DAWWWWWWW!!! 🤘🤙🤘,Not_offensive,Not_offensive,Not_offensive
Suriya Anna verea levelaaaa bhairava record polichu koduthuu Suriya Annan,Offensive_Untargetede,Not_offensive,Not_offensive
"Colour tone semmaya iruku,cinematography vera level..",Not_offensive,Not_offensive,Not_offensive
Kangana ka face madumakhi ke chatte me aa gaya kya,Not_offensive,not-Tamil,not-Tamil
Ivarada mutha tamil cinema kondadanum!!! Inga vilambaram panravanuku than maithipu!!!,Offensive_Untargetede,Not_offensive,Offensive_Untargetede
Fdfs porathuku munadi litae ah veri ethikirom thalivaaa,Offensive_Untargetede,Not_offensive,Not_offensive
Othaaaa vera level karthi anna i am waiting na,Not_offensive,Not_offensive,Not_offensive
Intha movie SK kku valvil mikavum peria thiruppu munaya amayum,Not_offensive,Not_offensive,Not_offensive
நாயக்கர்கள் சார்பாக இந்த படம் வெற்றி அடைய மனமார்ந்த வாழ்த்துக்கள்...,Not_offensive,Not_offensive,Not_offensive
Underrated Actor But Avaruku Time amaiyala,Not_offensive,Not_offensive,Not_offensive
Ellam avan seyal padam maadhiriye irke #Vandumurugan,Offensive_Targeted_Insult_Individual,Not_offensive,Not_offensive
Padam mass ah irruka poguthu..! Vj mass.!,Not_offensive,Not_offensive,Not_offensive
ஆடி அடங்கும் வாழ்க்கையடா ஆறடி நிலமே சொந்தம்மடா...,Not_offensive,Not_offensive,Offensive_Targeted_Insult_Group
Mukkulathor thevar samugam sarbaga padam vetri Pera valthukal,Not_offensive,Not_offensive,Not_offensive
"Superb dialogue, en appa military da koli vilayadava solli kodupan... Chance cae illa... Sila seen la mounam peasiyathey Surya maathiriyae iruku look.. super that too. Kaathirupom...",Not_offensive,Not_offensive,Not_offensive
"மூ௧்குலத்தோர் (மறவர், கள்ளர், அகமுடையார்) சார்பாக படம் வெற்றி பெற வாழ்த்துக்கள்",Not_offensive,Not_offensive,Not_offensive
"டேய் கிலட்டு தேவிடியா அஜித் பசங்களா, நீங்க என்ன டா சொல்றது, எங்க தளபதியோட நண்பன் சூர்யா'வோட சிங்கம் 3 வெற்றி பெற வாழ்த்துகிறோம்டா!!",Offensive_Targeted_Insult_Individual,Not_offensive,Not_offensive
#THALA luks lyk a #LION.hit lyk if u agree,Not_offensive,Not_offensive,Not_offensive
Jiva na kuda unna ennomo periya veeran nenaichen enna da posukunu poita kadaisiya eppa hit padam kudutha napaham iruka,Offensive_Targeted_Insult_Individual,Not_offensive,Offensive_Targeted_Insult_Group
Sam cs bgm vere level...,Not_offensive,Not_offensive,Not_offensive
samma Thala 24 enga nal therikka viduroe,Not_offensive,Not_offensive,Not_offensive
வீர வன்னிய குல சத்திரிய வம்சத்தின் போர்வாள் மீண்டும் எழுச்சி பெற்று விட்டது,Not_offensive,Not_offensive,Not_offensive
"Aiyo simran evlo cute, Thalaivar pakka mass! Enaku ipave pakanum pola iruke",Not_offensive,Not_offensive,Not_offensive
Onayum Attukuttiyum movie fans like here,Not_offensive,Not_offensive,Not_offensive
suriya: naan kola passiyila irruken audience: annanuku oru uthaapam,Offensive_Targeted_Insult_Individual,Offensive_Untargetede,Offensive_Untargetede
Mukkulathor mardhupandiyar sangam vazhthukal nalla film,Not_offensive,Not_offensive,Not_offensive
யாருக்கோ விபூதி அடீக்கிறாங்க போல.. வாழ்த்துக்கள் இயக்குநரே,Not_offensive,Not_offensive,Not_offensive
"Dai thevudiya pundai director and jayam Ravi paradesi, 1996 la politics ku avaru varen nu sonnara, rajiniah epdi vennalum kindal pannalam edhuvum sollamattaru nu kozhai pindaihala, kandippa flop thanda, rajiniah seendunavan evanum nalla irukka mattan...",Offensive_Targeted_Insult_Individual,Offensive_Targeted_Insult_Individual,Offensive_Targeted_Insult_Group
Graphics sari illa nu solrathukune oru gang suthum parunga,Offensive_Untargetede,Not_offensive,Not_offensive
Vera level Thalaivaaa vijay Fan waiting,Not_offensive,Not_offensive,Not_offensive
Annan nadipu Vera lvl andha oru kannula pakura scene Vera lvl,Not_offensive,Not_offensive,Not_offensive
Ithu selvaraghavan film da summa therikkum,Not_offensive,Not_offensive,Not_offensive
"Whom do you think, will suit like jayalalitha Nithya menon =like Kangana = comment",Offensive_Targeted_Insult_Individual,Not_offensive,Not_offensive
Dhanush fans oru like potutu ponga,Not_offensive,Not_offensive,Not_offensive
STR🤩🤩🤩VJS yapo da padatha release pannuvinga?,Offensive_Targeted_Insult_Group,Not_offensive,Not_offensive
Mani sir fans like hit,Not_offensive,Not_offensive,Not_offensive
என் தலைவன் படம் எடுத்தா செமயா தான் இருக்கும்,Not_offensive,Not_offensive,Not_offensive
Deepavalikku entha moviekku wait pandrega Sanga tamizhan) Kaithi)-----commend Bigil---------like,Not_offensive,Not_offensive,Not_offensive
Viveg an very poor movie averages super movie averages like is 16m,Not_offensive,Not_offensive,Not_offensive
Indha naattula ovvorutharukkum ovvoru paithyam.. Avanuku indha naattumelaye paithyam,Not_offensive,Not_offensive,Not_offensive
Padam erankunathuku aprm director ah pathu oorey sirikum,Offensive_Targeted_Insult_Individual,Not_offensive,Not_offensive
Acting la sirikarathu than kastam nu solluvanga ana nee siriche padam full ah nadikara vera level thala ne,Not_offensive,Not_offensive,Not_offensive
You trailer bore adikudu da paaka pakka kovam varudu idelam trailer Karunakaran panaradalam comedy a enna,Offensive_Targeted_Insult_Individual,Offensive_Untargetede,Offensive_Untargetede
Makkal selven Vijay Sethupathi kerala fans like hit here,Not_offensive,Not_offensive,Not_offensive
Rajni sir not tamil star he is south indian super star jai thalaiva jai ntr,Not_offensive,Not_offensive,Not_offensive
నాకిష్టమైన తమిళ హీరో విజయ్ సేతుపతి సార్ ఫ్యాన్ ఆఫ్ తమిళ్ మూవీ,not-Tamil,Not_offensive,not-Tamil
Innum 3 days irukk.. 10 million aakkalama??.. repeat mode on,Not_offensive,Not_offensive,Not_offensive
Ne yaruda komalai fans hit like @1:42,Offensive_Untargetede,Not_offensive,Not_offensive
இன்னேரம் குறீயிடு குரூப் கிளம்பி என்னென்ன குறீயீடு கணக்கு எடுத்துட்டு இருக்குமே..,Offensive_Targeted_Insult_Group,Not_offensive,Not_offensive
enga thala thaanda eppavume gethu meethi ellaarum vethu,Offensive_Targeted_Insult_Other,Not_offensive,Not_offensive
Intha Like pichai eduthu enna panna poraanunga🤔🤔,Offensive_Targeted_Insult_Group,Not_offensive,Not_offensive
dislike pottavan mirugam avan mobile vedikkum da,Offensive_Targeted_Insult_Other,Offensive_Untargetede,Offensive_Untargetede
Then mavatathula indha padatha release pannungada papom...,Offensive_Targeted_Insult_Other,Not_offensive,Not_offensive
1:55 to 2:00 vera level dialouge,Not_offensive,Not_offensive,Not_offensive
"Trailer le sirike vaikuthu, padam kandipa veré level le irrukum",Not_offensive,Not_offensive,Not_offensive
Super semma thalaiva vera level,Not_offensive,Not_offensive,Not_offensive
Super movie str is hero and I like simbu,Not_offensive,Not_offensive,Not_offensive
Semma ungal ulaippu vetripera vaalthukal...,Not_offensive,Not_offensive,Not_offensive
yarellam vivegam teaser. paathutu intha komali teaser paaka vanthinga?,Offensive_Targeted_Insult_Individual,Not_offensive,Not_offensive
Last bgm kaththi title BGM Maari Iruku,Not_offensive,Offensive_Targeted_Insult_Individual,Not_offensive
Aiyoo Movie release date sollunga pa Veri eruthu Yaarachu movie rls date sollunga,Not_offensive,Not_offensive,Not_offensive
Seems like Legend is back,Not_offensive,Not_offensive,Not_offensive
apo patha rajiniya thirupiyum paka vachutaru karthick subburaj sir.. thalaivaaaaaaaaaaaaaaaa,Not_offensive,Not_offensive,Not_offensive
thala tharisanam kidachuduchu 24. marana waiting,Not_offensive,Not_offensive,Not_offensive
tz jst... verithanam..,Not_offensive,Not_offensive,Not_offensive
2:06 to 2:10 mass scene!!! \m/,Not_offensive,Not_offensive,Not_offensive
ena frds enaku like ee podala,Not_offensive,Not_offensive,Not_offensive
"Why Udhayanithi Stalin? Vera hero kedakilaiya? Semma casting, but dappa hero.",Offensive_Targeted_Insult_Individual,Offensive_Targeted_Insult_Individual,Offensive_Targeted_Insult_Individual
thalaivar varum bodhu mezhuguvarthi anajadha paatheengalaa stand. irattai mezhuguvarthi simonukku tharamaana sambavam,Offensive_Untargetede,Not_offensive,Not_offensive
🤮🤮Asuran movie satupala adichum ivanuga thirdhala🤮🤮,Offensive_Targeted_Insult_Group,Not_offensive,Not_offensive
செம்ம... அதிலும் நான் அரசியலுக்கு வரது உறுதி... 🤣🤣🤣,Not_offensive,Offensive_Targeted_Insult_Group,Not_offensive
பொள்ளாச்சி சம்பவத்தை காட்டியிருக்கலாம்... ஓ அது சொந்த சாதிக்காரன் பண்ணுணதா,Not_offensive,Not_offensive,Not_offensive
J.guru ayya vanniya jathi sarbil movie vettri paara vaithukal,Not_offensive,Not_offensive,Not_offensive
Intha trailera dislike pandravan sathiyama arnakarla thukumattikalam,Offensive_Untargetede,Offensive_Untargetede,Offensive_Untargetede
nan arasailyakku varuvathu uruthi... semaiya kalaichutaniga,Offensive_Targeted_Insult_Individual,Not_offensive,Not_offensive
Yaaruda panni pandara pandeva laaam nadikka vachadu. Thalaiku munnal pande laaam thoosi,Offensive_Targeted_Insult_Individual,Offensive_Targeted_Insult_Individual,Offensive_Untargetede
தமிழன் என்றோர் இனமுன்டு தனியே அவருக்கோர் குணம் உண்டு அந்த கூற்று பலித்தது... பாவம் பாரதிதாசன்...நடப்பதை பார்க்காமல் போய்விட்டான்,Not_offensive,Not_offensive,Not_offensive
Prabhu deva original voice mari illaye 🤔🤔🤔,Not_offensive,Not_offensive,Not_offensive
V V join pana semya erukum Vetri maran and vijay,Not_offensive,Not_offensive,Not_offensive
Vera level yapo movie varum jayamravi awesome,Not_offensive,Not_offensive,Not_offensive
20 வயது பெண்ணை காதல் திருமணம் செய்த தப்பு இல்ல சார் 17 வயது பள்ளிக்கூட மாணவியை காதலிக்க சொல்லி 32 வயது உடையவன் வீடு புகுந்து எரித்தானே அது தான் சார் தப்பு இந்த பெண் இறந்த போது அப்ப நீங்க பேசல இந்த படம் பேசுது இப்ப,Not_offensive,Not_offensive,Not_offensive
Coimbatore district kurumba makkal sarbaka vetri pera valthukal,Not_offensive,Not_offensive,Not_offensive
Kadhal azhakanudhu amaricavual vellaium blacum serthathu,Not_offensive,Not_offensive,Not_offensive
#Big Boss V2kula #Kavina #Kathoda Apunane Avan Thane #Hero #Pradeep Antony🤣🤣🤣,Offensive_Targeted_Insult_Group,Not_offensive,Not_offensive
Paka mass padam 1000 days ultra blockbuster sama work out 🤘🤘🤘🤘🤘🤘🤘🤘🤘🤘🤘🤘🤘🤘🤘🤘🤘🤜🤛,Not_offensive,Not_offensive,Not_offensive
இளையராஜா தன்னோட இசையை பயன்படுத்தியதற்கு 96 பட இசை இயக்குனர கொச்சை படுத்துனார். ஆனா இப்ப Beethoven Composition அ BGM போட்டுள்ளார். இது எந்த வகையில் நியாயம்,Offensive_Targeted_Insult_Individual,Not_offensive,Not_offensive
Trailer naai kundiya nakuna mathiri eruku,Offensive_Targeted_Insult_Group,Not_offensive,Offensive_Targeted_Insult_Individual
innaikkulla 500k like vanthurumnu solravanga likes pannunga,Not_offensive,Not_offensive,Not_offensive
hit or flop Rajini sir always rockzzzzzzzzzzzzzzzzzzzzz. I like him very much. I don't know why,Not_offensive,Not_offensive,Not_offensive
1st dailoge maas. maas editrar Ruban vetri sir milan bro anirudh bro siva sir and team maas pakkaa maas,Not_offensive,Not_offensive,Not_offensive
bairavaa vijay i so yu handsome yu i wating thalapathala vijay,Not_offensive,Not_offensive,Not_offensive
But Y...!!! But Y daa..!! But Y Udaynidhi,Not_offensive,Offensive_Untargetede,Not_offensive
Wig paatha Vijay use pannamari irukku,Not_offensive,Offensive_Targeted_Insult_Individual,Not_offensive
Yuvan fans hit like,Not_offensive,Not_offensive,Not_offensive
Ghibran way to go man,Not_offensive,Not_offensive,Not_offensive
AyiooThalaiva (Suriya)Vera level dailogs theriii U1 BGM kalaki irukaru,Not_offensive,Not_offensive,Not_offensive
I am karthik fan marana waiting for kaithi,Not_offensive,Not_offensive,Not_offensive
In Vetri Maaran we trust,Not_offensive,Not_offensive,Not_offensive
comment பக்கம் ஒரு நாடக காதல் குழுவையும் பார்க்க முடில. இந்நேரம் ஜாதி தான் சமூகம் என்றால் வீசும் காற்றில் விஷம் பரவட்டும் னு குமுற ஆரம்பிச்சி இருப்பானுங்க.. அது சரி குற்றம் உள்ள நெஞ்சு குறுகுறுக்க தானே செய்யும்...,Not_offensive,Not_offensive,Not_offensive
Luv u Suriya sir n Mohanlal sir...,Not_offensive,Not_offensive,Not_offensive
Viswasam trailer pathutu inka vanthavanka like podunga,Not_offensive,Not_offensive,Not_offensive
Thalaiva u r great break sarkar record,Not_offensive,Not_offensive,Not_offensive
Director க்கு 1st நன்றி...ரொம்ப நாள் கழிச்சி ஒரு நல்ல சிரிப்பு படம் பாக்க பொரோம்ன்ற நம்பிக்கை இந்த trailer பாத்ததும் வந்துடுச்சி...,Not_offensive,Not_offensive,Not_offensive
இளையதளபதி புரட்சிதளபதி இளைய #சூப்பர்ஸ்டார் இன்னும் எத்தனை எழுத்துக்கள் வந்தாலும்🤘 நின்னு அடிக்கும் இரண்டே எழுத்து தல,Offensive_Targeted_Insult_Individual,Not_offensive,Not_offensive
Comali trailer nallarukuna like pannu ka,Not_offensive,Not_offensive,Not_offensive
Pls take alaudin 2... My fav movie,Not_offensive,Not_offensive,Not_offensive
Suriya fans elarum athigama comment pannunga,Not_offensive,Not_offensive,Not_offensive
Thala ungaluku edu enai yevarum ellai tamil cinemavirke yendrum nengalthan chella pillai vera level thala nenga,Not_offensive,Not_offensive,Not_offensive
இந்த படத்த வசூல் ரீதியாகவும் வெற்றி பெற வைப்போம்டா... திரௌபதி 🦁,Not_offensive,Not_offensive,Not_offensive
What a bgm vera level tralior summa therika vidringa,Not_offensive,Not_offensive,Not_offensive
Trailer semma ya iruku wishes by rajini fans,Not_offensive,Not_offensive,Not_offensive
சிறப்பு மிக சிறப்பு ஒரு ஆண்மையுள்ள இயக்குனர் தான் இவர்.,Not_offensive,Not_offensive,Not_offensive
"Trailer Semma, Trailer pakka vantha Thalapathy fans mattum like pottu du ponga",Not_offensive,Not_offensive,Not_offensive
ஜாதி இல்ல மயிரு இல்லன்னு சொல்ற தமிழன்ஸ் இருக்கீங்களா... கமெண்ட் பூராம் சாதி சங்கங்கள் சவுண்ட் கூடுதலா இருக்கு... செத்து போங்கடா ஜாதிக்காக... மானங்கெட்ட ஜாதிவெறி பிய்ய திங்குற நாய்களா... உம் பிள்ளையை ஒழுங்கா வளர்க்க முடிலனா தூக்கில தொங்குடா...,Offensive_Targeted_Insult_Group,Offensive_Targeted_Insult_Group,Offensive_Targeted_Insult_Group
6 different looks உனக்கு நிகர் நீயே‌ தலைவா,Not_offensive,Not_offensive,Not_offensive
Yen da ipdi jaadhi veri pudichi alairega... Ipodha jaadhi veri la konjam adanguna mare irundhuchi... Adhukulla thirumba kombi seevi vida ipo indha mare padam veraya... yapo dha therundhuviga yen makkalay???,Offensive_Targeted_Insult_Group,Offensive_Targeted_Insult_Group,Offensive_Targeted_Insult_Group
Entha music padathu ila ethuko vishiyathu use panirupanga antha trailer ila ah eruku,Not_offensive,Offensive_Untargetede,Offensive_Untargetede
திரெளபதி படத்திற்கு தடை வந்தால்... படிப்பிலிருந்து வேலைக்கு சேர்வது வரை வழங்கப்படும் அனைத்து சலுகைக்கும் தடை வரும்,Not_offensive,Not_offensive,Not_offensive
"Evana pakka Chinna paiyan marri irukkan,,,,,,F*** girl",Offensive_Untargetede,Offensive_Targeted_Insult_Individual,Not_offensive
Otha sivakarthikyan Ellam hero waaa??? Nadikveeee theriyathu,Offensive_Targeted_Insult_Individual,Not_offensive,Not_offensive
Maranam...massu maranam.toughu tharanaum...adhuku avan dhaan porandhu varum...semma thalaivaa,Offensive_Untargetede,Not_offensive,Not_offensive
50k views but 92k likes YouTube 🤪,Offensive_Untargetede,Offensive_Untargetede,Not_offensive
Amitha bachan movie but tamil la thala panradhu semma,Not_offensive,Not_offensive,Not_offensive
"பெண் பிள்ளைகளை பெற்ற அனைத்து பெற்றோா்களுக்கும், சகோதாிகளுடன் பிறந்தவா்களுக்கும் இப்படம் சமா்ப்பணம்...!!!",Not_offensive,Not_offensive,Not_offensive
Yennada padam release aana aprom TRENDING la varuthu,Offensive_Untargetede,Offensive_Untargetede,Not_offensive
அசுரன் படம் பார்த்து சாதிவெறி நாயிங்கள் அதுக்கு எதிரா எடுத்திருக்கிறானுங்க,Offensive_Targeted_Insult_Group,Not_offensive,Not_offensive
Sema sema sema sema jayam ravi,Not_offensive,Not_offensive,Not_offensive
உடையார் சமூகம் சார்பாக வாழ்த்துக்கள். இவன் பெரம்பலூர் நத்தமன் உடையார்,Not_offensive,Not_offensive,Not_offensive
Aravindh swamy evergreen star n great look,Not_offensive,Not_offensive,Not_offensive
அடேங்கப்பா செம படம் வெற லெவல் லா இருக்கும் ரியலி சூப்பர்,Not_offensive,Not_offensive,Not_offensive
Edu hit aakum Ella fansinum ee movie oru marupadiyavum,not-Tamil,not-Tamil,Not_offensive
படத்த மட்டும் ரிலீஸ் பண்ணு தல... நாங்க ஹிட் pandrom...,Not_offensive,Not_offensive,Not_offensive
Vivegam Trailer - Mersal.. All d best Thala & team.. #IlayaThalapathian,Not_offensive,Not_offensive,Not_offensive
"தேவராட்டம், திரெளபதி போன்ற படங்களை தான் நாங்க எதிர்ப்போம்,, மத்தபடி பரியேறும் பெருமாள், அசுரன் மாதிரி படம்னா எங்களுக்கு டபுள் ஓகே.. நாடக காதல் மற்றும் திராவிட கம்பெனியினரின் கதறல்கள் ஆரம்பம்.. இது போன்ற ஒரு படத்திற்காக தான் காத்துக்கொண்டு இருக்கின்றோம்.. இயக்குனர் மோகன் அவர்களுக்கு வாழ்த்துக்கள்..",Not_offensive,Not_offensive,Not_offensive
Seeing Prakash Raj after long time...,Not_offensive,Not_offensive,Not_offensive
"Thaliva semma,,,dialogue vera leavel",Not_offensive,Not_offensive,Not_offensive
Looks likes sethupathy 2 waiting movie mass sa erukanum vjs naa,Not_offensive,Not_offensive,Not_offensive
எங்க அப்ப மில்டிரிடா கோலி விளாடவா சொல்லிதருவா,Offensive_Untargetede,Not_offensive,Offensive_Targeted_Insult_Group
"intha vj thevangu fans tholla thangala.enda ungalukku ipdi oru padathu kodukkavum mudiyathi atleast anthamathiri padatha troll pannama irunga da,ungalukkellam intha puli,sura,bhirava thanda crt.poramapudicha pundainga vj fans",Offensive_Targeted_Insult_Other,Offensive_Targeted_Insult_Other,Offensive_Targeted_Insult_Group
Ella jaathiyum onnu sentha matum than intha jaathiye ilama oliyum. Comment section la elarum avanga jaathi solli vaalthu solrathe padathoda muthal vetri...,Not_offensive,Not_offensive,Not_offensive
Sangathamilanin unmaiyana ovvoru rashanum like pannu,Not_offensive,Not_offensive,Not_offensive
டிரைலர் மிகவும் அருமையாக உள்ளது... படம் வெற்றி பெற வாழ்த்துக்கள்... நாடார் சமுதாயத்திற்க்காக கிடைத்த வெற்றி...,Not_offensive,Not_offensive,Not_offensive
Phoenix Parava Maathiri Erikka Erikka Ezhunthu Varaan How Many People Watch This Diologue,Not_offensive,Not_offensive,Not_offensive
Best Best Best Best Best Best Best X infinity times,Not_offensive,Not_offensive,Not_offensive
Bigil ku pee pee ya oooooo oooooo,Offensive_Targeted_Insult_Individual,Offensive_Untargetede,Offensive_Targeted_Insult_Individual
கண்டவுடன் காதல் செய்யலாம்... கண்டவனையும் காதல் செய்ய கூடாது... தேவராட்டம்(2019) எங்களுக்கு பொண்ணும்(பெண் பிள்ளைகள்) மண்ணும் ஒண்ணு தான்... எது மேல கை வச்சாலும் வெட்டுவோம்... திரௌபதி(2020),Not_offensive,Offensive_Targeted_Insult_Group,Not_offensive
Padathtu pathtu naanga tha psyco va suthanum *orae music padam ful ah potu syco akiduvanga.. Ithu vera erkanave keta musiq ah irku #conform psyco tha,Offensive_Targeted_Insult_Individual,Not_offensive,Offensive_Targeted_Insult_Group
Wow semma Surya Annan mass Vera level,Not_offensive,Not_offensive,Not_offensive
நாகை மாவட்ட நாயுடு சங்கம் சார்பாக படம் வெற்றியடைய வாழ்த்துக்கள்,Not_offensive,Not_offensive,Not_offensive
#goosebumping...intha varusam diwali marana mass than...,Not_offensive,Not_offensive,Not_offensive
THALAIVAR ah kalaichitanga Lama dei komali team unmaiyavey komalidhanda padam mokkanu therinju Thalaivar superstar name ah use panni promotion panra echainga thuuuuu...,Offensive_Targeted_Insult_Individual,Offensive_Targeted_Insult_Individual,Offensive_Targeted_Insult_Group
Hollywood in Kollywood.. Thank you Shankar Sir!!!,Not_offensive,Not_offensive,Not_offensive
KEEP WATCHING GUYS!!! THE VIEWS WILL ALL BE ADDED AND IT WILL BE KOLAA MASSSSS VIEWS DO NOT STOP WATCHING I REPEAT DO NOT STOP WATCHINGGG #YOUWILLSEEMYRAGE,Not_offensive,Not_offensive,Not_offensive
"ithu entha varushamm 2016, naan arasiyalku varuven,hey ithu 1996, yaaraa emathuraa semaaa",Offensive_Targeted_Insult_Group,Not_offensive,Not_offensive
Thalapathi fan.But dislike panna manasu varala,Not_offensive,Not_offensive,Offensive_Untargetede
Masss kae Innom masss eatthi vitrukkaan Anirudh... Marana maasss trailer... Enna style yaa... Pakka masssssss,Not_offensive,Not_offensive,Not_offensive
BGM GVP back Sema,Not_offensive,Not_offensive,Not_offensive
Akshey Kumar role Sivakumara panna vituirukalam,Not_offensive,Not_offensive,Not_offensive
Yogi babu 9kettab vera level thaliva,Not_offensive,Not_offensive,Not_offensive
Movie National Award vanga THALA RASIGARGAZHIN manamarndha vazhthukkal,Not_offensive,Not_offensive,Not_offensive
தமிழ்நாடு காவல் துறை கவனத்திற்கு இந்த 5.1k dislikes செய்தவர்கள் பெயர் பட்டியல் எடுத்து அவர்களின் பின்னணியை விசாரணை செய்தால் உங்களால் எளிதாக நாடு முழுவதும் பாலியல் குற்றங்களில் ஈடுபடும் மிகப்பெரிய நெட்வொர்க்கை பிடிக்க ஏதுவாக இருக்கும் மேலும் இதில் இருப்பவர்கள் ஏற்கனவே பாலியல் வழக்கில் தொடர்புடைய கைதிகளாகவும் இருக்கலாம்... தற்போதைய கையிருப்பு இந்த 5300 நபர்கள் முகாமிட்டிருக்கும் இடம்: திரௌபதி Trailer Dislike,Not_offensive,Offensive_Targeted_Insult_Group,Not_offensive
Surya is back surya aatam aarambam aaiduchu all surya fans alert,Not_offensive,Not_offensive,Not_offensive
Ithu 96 sema.anekama bjp rajini mandram antha scene cut pana soli porattam panuvanga padam 100 crore collection confirm,Offensive_Targeted_Insult_Other,Offensive_Targeted_Insult_Group,Not_offensive
BGM super.bgm king na athu Namma ysr thaan.,Not_offensive,Not_offensive,Not_offensive
best under 7000 rupees mobile,Not_offensive,Offensive_Untargetede,Not_offensive
Me no so so in love love an,not-Tamil,Not_offensive,Not_offensive
Bigil movie ku tough kudukka KAITHI moviyaala kandippa mudium... Karthi,Offensive_Targeted_Insult_Individual,Offensive_Targeted_Insult_Individual,Offensive_Targeted_Insult_Individual
Mudugelumbu sidainthum My game is beyond pain Thala da,Not_offensive,Not_offensive,Not_offensive
varsan varsan vaa varsan vaa Bairava waiting,Not_offensive,Not_offensive,Not_offensive
Super Anna love you N G K,Not_offensive,Not_offensive,Not_offensive
Want to see Ajak mama in underwear,Offensive_Targeted_Insult_Individual,Offensive_Untargetede,Not_offensive
இந்த படத்திற்கு எங்கள் முழு ஆதரவு. தேவர் பேரவை.,Not_offensive,Not_offensive,Not_offensive
மண்ணும் பொண்ணும் முக்கியம்னா மண்ண விக்கிற மாதிரி பொண்ணையும் வித்துருவோம்னு சொல்றீங்களா என்ன ரியல் எஸ்டேட் பிசினஸாடா பன்றீங்க நாமே எல்லோரும் இந்துதான் நம்புங்க,Not_offensive,Not_offensive,Offensive_Targeted_Insult_Group
Yaaru yaarukellam 0:27 la goosebums start aachu??,Not_offensive,Offensive_Untargetede,Not_offensive
Mersal ah patha udanyee comment ku vanthuruken... nenkaaaaa,Not_offensive,Not_offensive,Not_offensive
90 S kids school pogum pothu Ayirathil oruvan & pudhupettai release panna epdi hit aagum,Not_offensive,Not_offensive,Not_offensive
Wonderful movie akshay Kumar fans like here,Not_offensive,Not_offensive,Not_offensive
bayamkaram ga undhi.!!!you will see my rage,not-Tamil,Not_offensive,Not_offensive
வன்னியர் சார்பாக படம் வெற்றி பெற வாழ்த்துக்கள்,Not_offensive,Not_offensive,Not_offensive
dear anils itha paarthu mersal aavathinga innum paarka vendiyathu neraya iruku,Offensive_Targeted_Insult_Individual,Offensive_Untargetede,Not_offensive
Thala fans apde like ah potu pongapa,Not_offensive,Not_offensive,Not_offensive
Ithu 96 yara emathuringa I love it,Not_offensive,Offensive_Untargetede,Not_offensive
Trailer samaya erukku but viswasum thaan threatre paapean,Not_offensive,Not_offensive,Not_offensive
samma song mudiyave mudiyathu bro paaaa...from thalapathy Vijay fan...,Not_offensive,Not_offensive,Not_offensive
My Real Hero Thala Mass Never Ever Give Up Thala daaa..aaaaaaaaaaaaaaaaaaaaaaàaaaa,Not_offensive,Not_offensive,Not_offensive
Thala NKP trailer marana mass,Not_offensive,Not_offensive,Not_offensive
Aduchutu sethupogada kadasila jaathi ah veachu padam eduthavan arasiyal panravan tha santhosama irrupa,Not_offensive,Not_offensive,Not_offensive
Can I get 1 like pls...,Not_offensive,Not_offensive,Not_offensive
Nearing 11M views...naalaikku LA vanthurum nu nenacha,Not_offensive,Not_offensive,Not_offensive
Fdfs pora thala fans Ellarum comment pannunga ‍‍‍‍‍‍‍‍,Not_offensive,Not_offensive,Not_offensive
Thalaiver fan ovvoru views ovvoru like varanum,Not_offensive,Not_offensive,Not_offensive
யாரு படம் டா இது... குடிசை கொளுத்தி கொல்லி குடம் குரூப்பா.? அசுரன் பார்த்து இன்னும் அழுகை நிக்கல போல கதறல் ஓவரா இருக்கு.,Not_offensive,Not_offensive,Offensive_Targeted_Insult_Group
Vera Leavel Thalava Aadhi Anna Same Problem Enakuk Apdi dha Smile in Life,Not_offensive,Not_offensive,Not_offensive
Thala padathaula mattum #NerKondaParvai illa da nijathulayum thala thaan eppavumey geththa solluvrn thala veriyan nu,Not_offensive,Not_offensive,Not_offensive
"Ithu maari trailer paathu romba naal aachi thalaiva. masssssssssssssss marana mass, padam 100 naal confirm",Not_offensive,Not_offensive,Not_offensive
Nampa thalavaru vjs pakka vanthavanga like pannunga,Not_offensive,Not_offensive,Not_offensive
Mass mass mass mass mass mass mass masssss,Not_offensive,Not_offensive,Not_offensive
24hr 5Million views and 350k+ likes varumaa???🤩🤩🤩,Not_offensive,Not_offensive,Not_offensive
Kerala thala die hard fans like here,Not_offensive,Not_offensive,Not_offensive
i am vijay fan its superb trailor,Not_offensive,Not_offensive,Not_offensive
Viswasam ellam nar nara kizhiya pokuth mass kattreenga thaliver,Offensive_Untargetede,Not_offensive,Not_offensive
After mangaatha bgm NGK nu soldravanga like podunga u1 daa,Not_offensive,Not_offensive,Not_offensive
semma massss tresar surya anna semma act,Not_offensive,Not_offensive,Not_offensive
Vera level cinematography \r Vera level Editing \r Vera level BGM\r Vera level VFX\r Vera level Dubbing \r Vera level Movie Tone\r I Love This Trailer,Not_offensive,Not_offensive,Not_offensive
நான் இருபது தடவ இந்த டைலர பார்த்துட்டேன்,Not_offensive,Not_offensive,Not_offensive
Karthike ivlo mass ah apa Vijay ku Telugu padam pola irukum polaye,Offensive_Targeted_Insult_Individual,Not_offensive,Not_offensive
Again again pathuten semmaya iruku... I love Mani sir... Nenga yepavum thani gethu than...,Not_offensive,Not_offensive,Not_offensive
சாதி பார்க்கும் ஒவ்வொருவனும் விபச்சாரிக்கு பிறந்த பிள்ளை,Offensive_Targeted_Insult_Group,Not_offensive,Not_offensive
Thalaivarin sirapana tharamana sambavatha haters parka poraanga paavam,Not_offensive,Not_offensive,Not_offensive
Kumbakonam padam trailer semma... Waiting for movie,Not_offensive,Not_offensive,Not_offensive
Fans to panday: enna da Thala ae yadhutu pesura..?,Not_offensive,Not_offensive,Not_offensive
Malayaman nathaman suruthiman makkal saarbaga valthukal,Not_offensive,Not_offensive,Not_offensive
go to hell who disliked this trailer ningela kanu theriathe kurudenatha irukanu ithuku mele eneda ongeluku venu,Offensive_Untargetede,Not_offensive,Offensive_Untargetede
Eppa da Aug Masam varum... 🤩🤩🤩,Not_offensive,Not_offensive,Not_offensive
வட மாவட்டம் king of the king,Not_offensive,Not_offensive,Not_offensive
Vaaa thalivaaa vaa thalivaaa va thalivaaa,Not_offensive,Not_offensive,Not_offensive
Ayan part 2.. i am waiting...,Not_offensive,Not_offensive,Not_offensive
Mani Sir Super STR Aravind Swami Arun Vijay Vijay Sethupathi mass,Not_offensive,Not_offensive,Not_offensive
Hero mattum vera yaarachum potrukalam.. Sudala payan venam Myskin and Ilayaraja combo,Offensive_Targeted_Insult_Individual,Offensive_Targeted_Insult_Individual,Not_offensive
மண்ணு பெண்ணு எல்லாருக்கும் முக்கியமானதுதான் ஒருவனுக்கு மட்டும் சொந்தமல்ல அவ்வளவு மானம் இருந்தா பஞ்சமி நிலத்தை திருப்பி தரவேண்டியதுதானே தமிழ்நாட்டில் உள்ள பாதி ஏரிகள் வயலாக்குனதே நீங்கதாண்டா அந்த ஏரிகளை தூர்வாரவிடாம மடக்குரிங்க அப்படி தூர்வாரப்பட்டால் மண்ணு இருக்காதுடா உங்களுக்கு,Offensive_Targeted_Insult_Other,Not_offensive,Not_offensive
Thalaivar pongal begins 🤘🤘 petta paraak,Not_offensive,Not_offensive,Not_offensive
Sarkar record brk pana venam adlist Mersal recrd aachum brk pana vainga da,Offensive_Untargetede,Offensive_Untargetede,Not_offensive
இந்த படத்துக்கு எல்லாம் எவன் டா தியேட்டர் தரத்து படம் இது சாதி வெறி பிடித்த புண்ட பசங்களா,Offensive_Targeted_Insult_Other,Offensive_Targeted_Insult_Group,Not_offensive
Semeeeeeeeeeeeeeee dialouges I love youuuuuuuuuu thalaivaaaaaaaaaaaaaaaaaaaaa...,Not_offensive,Not_offensive,Not_offensive
"Thalaivar pakka mass:) Thalaivar padam na ipdi thaan irukkanum, trailer therikudhu...",Not_offensive,Not_offensive,Not_offensive
THIS IS REMAKED VERSION OF PINK,Not_offensive,Not_offensive,Not_offensive
adengapa flightaiyae carala nirutharapula sama chance ilaaaaa...,Offensive_Untargetede,Not_offensive,Not_offensive
First time treaser paakarapavea padathuku marana waiting,Not_offensive,Not_offensive,Not_offensive
Jayam ravi fans like pannuga,Not_offensive,Not_offensive,Not_offensive
My god wowwqwwqw what a man rajini sir,Not_offensive,Not_offensive,Not_offensive
oh my god 1hr 376 k likes...,Not_offensive,Not_offensive,Not_offensive
Adchi Oda vidu ellarayum orama nadandhu varareda enga thala veerama thala bloods hit like her,Offensive_Untargetede,Not_offensive,Not_offensive
"பா.ரஞ்சித்,மாரி செல்வராஜ் எடுத்தது சமூக படம் என்றால் இதுவும் சமூக படமே... Good trailer,All the best to team",Not_offensive,Not_offensive,Not_offensive
"Laleettan mass,supper star in Malayalam cinema",Not_offensive,Not_offensive,Not_offensive
இந்து மதம் என்பது ஒருவனை தேவடியாள் மகன் என்கிறது ஒருவனை தாழ்ந்தவன் என்கிறது வந்தேறிநாடோடிகளை உயர்ந்தவன் என்கிறது.இந்தநேரத்தில் மோகன் இப்படி சாதிவெறி அரிப்பெடுத்தபடம் ஏன்?,Offensive_Untargetede,Not_offensive,Not_offensive
trailer.aai semaa hari..sr..thank u..sr..,Not_offensive,Not_offensive,Not_offensive
"STR Anna veriyan daa.,,",Not_offensive,Not_offensive,Not_offensive
"ஒரு முக்கியமான விடயம் மற்றவர்களா கூறை சொல்லி என்னா பன்னுறது விட்டு பெண்களுக்கு தெரிய வேண்டும். இந்த உலகம் புரியரத்துகுள்ளயே காதல் பள்ளிகுடம் படிக்கும் போதே காதல், எல்லா சமுகத்துலயும் கெட்டவன் இருக்கான்னுங்க அவன் தனிப்பட்ட முறையில அவனேட செயல்படுறனங்க.ஆனால் மத்தவங்க துண்டுதாலின் பெயர்ல செயல்படுறவான என்னப்பன்றுது. யாரு துண்டுனனு உங்களுக்கே தெரியும்...? போலி ஜடியில் வசை பாடுவதை விடுங்கள் ஹரி கோனார் மன்னார்குடி",Not_offensive,Not_offensive,Not_offensive
trailer coming soon...varalaam varalaam...maass kaadrammm vaaa thalaivaaaa...love u thalaivaaaa,Not_offensive,Not_offensive,Not_offensive
"காலா, கபாலி, அசுரன், பரியேறும் பெருமாள் இத்தனையும் சமூகநீதிப்படம்னா...*த்தா இது மட்டும் எப்டிடா ஜாதிவெறிப்படமாகும்... Proud Hindu & சைவ வெள்ளாளர் சமூதாயத்திலிருந்து இப்படம் வெற்றிபெற வாழ்த்துகிறேன்...",Offensive_Targeted_Insult_Group,Not_offensive,Not_offensive
"ஏன்டா உங்க ஜாதியில் பொண்ணுகளே இல்லையா...அடுத்தவங்க பொண்ண கல்யாணம் பண்ணிட்டு,உங்க பொண்ணுகளை டார்ச் லைட் கொடுத்து நெடுசாலையில் நிக்க வைப்பிங்களா??",Offensive_Targeted_Insult_Group,Offensive_Targeted_Insult_Group,Offensive_Targeted_Insult_Group
Super but super star haaa kalaikkiradhu nalladhukkilllaaa,Not_offensive,Not_offensive,Not_offensive
MARANA WAITING FOR FOR SHATTERS THE TAMIL BOX OFFICE,Not_offensive,Not_offensive,Not_offensive
TN ELECTION RESULTS IN PETTA TRAILER ITSELF. RAJINI LIKES - 592K OPPOSITION LIKES-46K,Offensive_Targeted_Insult_Individual,Not_offensive,Not_offensive
"அனைத்து சாதியும் சமமே, இதை வைத்து அரசியல் செய்வதுதான் தவறு,",Not_offensive,Not_offensive,Not_offensive
Sk fan la like panunga bro,Not_offensive,Not_offensive,Not_offensive
G. V. Prakash sir theme..,Not_offensive,Not_offensive,Not_offensive
Vetri + Dhanush + GV Prakash +Trumpet BGM.,Not_offensive,Not_offensive,Not_offensive
Ovvoru frame um Myskkin - Raja & Beethoven,Not_offensive,Not_offensive,Not_offensive
Romba nerama pakuren 467299views la nikkuthu... ena da paninga ethavathu panitingala ena...,Offensive_Untargetede,Not_offensive,Not_offensive
oruthakanga mela viswasam katradhukaga unoruthara yaen asinga paduthuteenga#thala,Not_offensive,Not_offensive,Not_offensive
Rajini power # ipo itha lusu pasaga jam Ravi and producer director s gu purichurugum...,Offensive_Targeted_Insult_Group,Not_offensive,Not_offensive
Gotha Vera level.mani sir romba naal Ku apuram mass therikudhu.. vazthukal,Not_offensive,Not_offensive,Not_offensive
"Police da police, vechu seiya poran",Offensive_Targeted_Insult_Group,Offensive_Untargetede,Offensive_Untargetede
Thalaivaaaaaa waiting for petta pongal 🥳🥳🥳🥳🥳🥳🥳🥳,Not_offensive,Not_offensive,Not_offensive
Yenga ipa lam payan thaan ga yemaruthan. Payan yemarurathu veliya thyrela ponu yemantha matum ipadi kuthikiringa oonmaya kathalicha pasangala yematha thana saiuthu intha oolagam jathiya kati,Not_offensive,Offensive_Untargetede,Offensive_Targeted_Insult_Group
"Enga appan military da goli velayadava solli kodupan, en Appa vum military dhaan naan um military ku dhaan da poven poven (My Aim is work for Indian Army)",Not_offensive,Not_offensive,Not_offensive
Saaho 10m in 28 hours. Asit ajakkuku saavu mani adichitu poitaaru namma Bahubali.,Offensive_Untargetede,Not_offensive,Offensive_Targeted_Insult_Individual
"திருமாவழவன், பா.ரஞ்சித் பொண்ற சாதி வெறியர்கலுக்கு இப்படம் சமர்பனம்...படம் வெற்றி பெற வாழ்த்துகள்",Not_offensive,Not_offensive,Not_offensive
Ada enna thala ithu en life ah paatha mathiriye iruku trailer🤣🤣🤣🤣 nanum ipdi tha athuku aduthalum siruchute irupan,Not_offensive,Not_offensive,Not_offensive
hii.vijay sir.spr semma mass.so handsome u look. pattaiya kelaparinga.,Not_offensive,Not_offensive,Not_offensive
Thala version 3.0 vera Level,Not_offensive,Not_offensive,Not_offensive
Anybody felt like Vikrams look resembling Captain Ajith Vadakayil??,Not_offensive,Not_offensive,Not_offensive
அடுத்த சர்க்கார் மாதிரியே half boil வரப்போகுது இதுக்கும் இங்க சில்லறை சிதற விடபோராணுங்க,Offensive_Targeted_Insult_Group,Not_offensive,Not_offensive
Deiii sathyamaa nan sirichutte irukken daaa... Padam semma fun ah irunthaa sariiiiii,Not_offensive,Not_offensive,Not_offensive
Gajini - decent laugh Mersal - Gubeer laugh Viswasam - smile,Offensive_Targeted_Insult_Group,Not_offensive,Not_offensive
இவை அனைத்தும் நீண் ட நாள் மன குமுறல்கள். இருக்கும் இடத்தில் இருந்து கொண்டால் எல்லாம் சௌக்கிய மே!,Not_offensive,Not_offensive,Not_offensive
ARR ARR ARR ARR ARR ARR ARR ARR ARR ARR ARR ARR ARR ARR ARR ARR ARR ARR ARR ARR ARR ARR ARR ARR ARR ARR ARR ARR,Not_offensive,Not_offensive,Not_offensive
Any vjs fans like here Sk fans comment,Not_offensive,Not_offensive,Not_offensive
"10,7 Mio Aufrufe 400 Tsd. Likes 22,7 Tsd. Kommentare #2Point0Trailer",not-Tamil,Not_offensive,Not_offensive
Ennada aruvi movie theme la varuthu...,Not_offensive,Not_offensive,Offensive_Untargetede
"Rajini super,simran cute,vj mass",Not_offensive,Not_offensive,Not_offensive
"mass dialogue...########## Mass teaser...#### surya veriyan##### singam singam 🦁🦁🦁🦁duraisingam seerum engum...vada↔ vada ↔vada... mass dialogue: na paathathalam thingara onaai illa,pasicha mattum vettaiyadra singam🦁, kola pasila irukan ethu kedaichalum vettaiyadra verila irukan,ethurula evan vanthalum eari methichittu poite irupan singam da",Offensive_Untargetede,Not_offensive,Not_offensive
Like here Thala veriyans only,Not_offensive,Not_offensive,Not_offensive
nice video Grow channel click here;#jazzdeep,Not_offensive,Not_offensive,Not_offensive
தருமபுரி மாவட்டத்தில் உள்ள அனைவரும் சப்பேர்ட் பனுவாங்க,Not_offensive,Not_offensive,Not_offensive
ட்ரைலர் செம்ம அந்த குருப்ஸ் கதற போகுது,Not_offensive,Offensive_Targeted_Insult_Group,Not_offensive
Anathi army da Yaka vera level,Not_offensive,Not_offensive,Not_offensive
1st trailer looked stupid this looks dumb,Offensive_Untargetede,Not_offensive,Not_offensive
varalam varalam va varalavam va BAIRAVAA,Not_offensive,Not_offensive,Not_offensive
Who all here after bigil trailer hit like,Not_offensive,Not_offensive,Not_offensive
Rajini sir god of Indian cenima thalivaaaaaa super,Not_offensive,Not_offensive,Not_offensive
STR Mani Sir Vijay Sethupathi Arun Vijay Aravind Sami,Not_offensive,Not_offensive,Not_offensive
Ennada MAN OF STEELE bgm la poderinge!! 🤣 🤦‍,Not_offensive,Offensive_Untargetede,Offensive_Untargetede
Thalaiva vera leval. Padippa mattum namma kitta iruthu eduka mudiyathu,Not_offensive,Not_offensive,Not_offensive
veri veri Vera leval,Not_offensive,Not_offensive,Not_offensive
awsommo awesome daaa payya Ravi adichitanga da,Not_offensive,Not_offensive,Not_offensive
Boom boom robo da robo da🤖🤖🤖🤖🤖🤖🤖🤖,Offensive_Untargetede,Offensive_Targeted_Insult_Group,Not_offensive
"HATERS DON'T BE SO JEALOUS, WAIT FOR IT, PLS COOL DOWN",Not_offensive,Not_offensive,Not_offensive
Dei vaani bhojan ku la fan iruka da,Offensive_Targeted_Insult_Group,Not_offensive,Offensive_Untargetede
thalaivaa என் உயிர் சுவாசமே என் உயிர் குலசாமி iam very very waiting for theri movie அன்று அறிமுகம் இன்று தெறி முகம் அகில உலக சூப்பர் ஸ்டார் மக்களின் இதய தெய்வம் டாக்டர் இளய தளபதி விஜய் டிரைலருக்கு 100 mark theri theri தளபதி உயிர் ரத்தம் டா எவனுக்கும் பணியவும் மாட்டேன் எவனுக்கும் துணியவும் மாட்டேன் தளபதி தம்பி டா மதுரை மாவட்டம்,Not_offensive,Not_offensive,Not_offensive
அநீதிக்கு எதிரான அருமையான தொடக்கம்! படக்குழுவினர்களுக்கு வாழ்த்துக்கள்!,Not_offensive,Not_offensive,Not_offensive
Suriya Veriyans hit like!!! Frm malaysia suriya fans!!!,Not_offensive,Not_offensive,Not_offensive
Adthi music la periya aalua varu ya super sema massssss,Not_offensive,Not_offensive,Not_offensive
Ohh aandava indha movieyachu jiiva kku hit aaganum,Not_offensive,Not_offensive,Not_offensive
மேல் சாதிகாரனை ஆதிக்கவாதியா காட்டிய 100 ஆண்டு சினிமாவிற்கு ஒத்த திரௌபதி விடை சொல்வாள்...,Not_offensive,Not_offensive,Not_offensive
"Thambii... Andha national award ah knjo eduthu veinga, tharamana sambavam onnu irukku",Not_offensive,Not_offensive,Not_offensive
Wait..Is dat Rangaraj Pandey at 1:07??,Not_offensive,Not_offensive,Not_offensive
Nerkonda paarvai semma movie Thala pinnitaaru Ini Thala60 High budget Action movie Therika poguthu,Not_offensive,Not_offensive,Not_offensive
Music engayo kae ta madhari irukae,Offensive_Untargetede,Offensive_Targeted_Insult_Group,Offensive_Targeted_Insult_Individual
"Saathi veri pudichu alaiyiringaleda en saadhi dhan perusu nu trainlayo bus la vizhunthu avan avan saadhikkaga usura vitrungada, tamilnade rattha aaru odattum adhukkaprom balance irukuravanga nimmathiya irukkom.",Not_offensive,Not_offensive,Offensive_Targeted_Insult_Group
Sama mass trailer thaliva va thaliva va va this Pongal is petta pongal,Not_offensive,Not_offensive,Not_offensive
"makkal selvan vallavanukku nallavan,the amazing VIJAY SETHUPATHI'S fans like here please.",Not_offensive,Not_offensive,Not_offensive
திரௌபதி பட ஹீரோ Dr.அன்புமணி போல் தெரிவது எனக்கு மட்டும் தானா?,Not_offensive,Not_offensive,Not_offensive
thala Oruthar mela Viswasam kaatradhukaaga inorthara ye asinga paduthureenga Thala + Thalapathy,Not_offensive,Not_offensive,Not_offensive
Super all the best veera vanniyar kula shathriyan,Not_offensive,Not_offensive,Not_offensive
அஞ்சாதே+யுத்தம்செய்+பிசாசு அப்டியே கொஞ்சம் துப்பறிவாளான் எல்லாத்தையும் மிக்ஸ் பண்ணா #சைக்கோ... நல்லா வருவீங்க..!!,Offensive_Targeted_Insult_Group,Not_offensive,Offensive_Targeted_Insult_Group
Jeeva ku comeback movie ah irukumnu nanaikira,Not_offensive,Not_offensive,Not_offensive
Bgm score avlo serappa illa sam dei yeppa pathalum bgm gura perla kathitae iruka,Offensive_Untargetede,Not_offensive,Offensive_Untargetede
Title of Tamil and kannada are same,Not_offensive,Not_offensive,Not_offensive
Nellai முக்குலத்தோர் சார்பாக படம் வெற்றி பெற வாழ்த்துகள்,Not_offensive,Not_offensive,Not_offensive
Oruthar mela neenga visuvasam katrathukaga inoruthara yen asinga paduthuringa...dialogue nice,Not_offensive,Not_offensive,Not_offensive
"Beethoven oda musical piece raja use pannirukaru. Eppa enga kondupoi munchia vechukkuvaar, 96 music director paavam",Offensive_Targeted_Insult_Individual,Offensive_Targeted_Insult_Individual,Offensive_Targeted_Insult_Individual
thalaivar na mass summa athirueilla semma,Not_offensive,Not_offensive,Not_offensive
முதல் தடவையா தமிழ் பட trailer பாத்து Hollywood காரன் copy அடிச்சிருக்கான். Watch MORBIUS(2020) Trailer.,Offensive_Targeted_Insult_Other,Not_offensive,Not_offensive
Suriya & harris jayaraj combo BGm,Not_offensive,Not_offensive,Not_offensive
Enikoru doubt.. kadaram kondan um drivanatchathiram vm rand cnma aano.. atho onnaano,Offensive_Untargetede,Not_offensive,Not_offensive
BGM VERA LEVEL U1 BACK,Not_offensive,Not_offensive,Not_offensive
Semma massss bike scene dialogue massss,Not_offensive,Not_offensive,Not_offensive
Shanker fans hit like,Not_offensive,Not_offensive,Not_offensive
"AMBEDKAR, KAMARAJAR Okay.. Adhu yaaru Velu nachiyaar thevudiya",Offensive_Targeted_Insult_Individual,Not_offensive,Not_offensive
Kekka bekka short film ah idhu Ada paaavingala,Offensive_Targeted_Insult_Other,Not_offensive,Not_offensive
7 million views Thala veriyans like,Not_offensive,Not_offensive,Not_offensive
"Trailer ku, இப்படி? படம் வந்தா அவ்வளவு தான்...",Not_offensive,Not_offensive,Not_offensive
Trailer Classaa irukkunu feel pannaathinga...Movie massaa irukkum like Dheeran adhigaram ondru...,Not_offensive,Not_offensive,Not_offensive
This trailor looks like kekka bukka tamil short film,Not_offensive,Not_offensive,Not_offensive
Vijay sir super mass therika vidunga,Not_offensive,Not_offensive,Not_offensive
2:21 Mast Movement Rajnikanth Superstar sir,Not_offensive,Not_offensive,Not_offensive
Suriya vs chiyaan vikram Kaapaan vs kadaram kondan Suriya fans: like here Chiyaan fans: reply me,Not_offensive,Not_offensive,Not_offensive
Str Vera level... vandha rajava than varaven...,Not_offensive,Not_offensive,Not_offensive
I am a kannadiga.. I love tamilians and tamil movies... Luv frm Karnataka... Love adhibro,Not_offensive,Not_offensive,Not_offensive
"VISWASAM word eh ketale, goosebumps aguthu.",Not_offensive,Not_offensive,Not_offensive
Thalivar padam na solla va venum,Not_offensive,Not_offensive,Not_offensive
yaarulam trailer start agurathuku munnadiye like potathu..!!,Offensive_Untargetede,Not_offensive,Not_offensive
kapan will be biggest blockbuster hit in 2019 -diehard vj fan,Not_offensive,Not_offensive,Not_offensive
inu evlo neram venalum thoongama pakalam.thala oda 1.5 years harkwork ku #thalareadytorage,Not_offensive,Not_offensive,Not_offensive
"Already intha story short film ah vanthu romba naal aguthu, but ippathan nenga padame edukuringale",Not_offensive,Not_offensive,Not_offensive
Yen da night liye eduthu vechu irukinga but trailer bgm bangam🤩🤩,Offensive_Untargetede,Offensive_Untargetede,Offensive_Untargetede
Marana waiting for ngk and kappan...,Not_offensive,Not_offensive,Not_offensive
Rajini 1999 - naan viraivil arasiyaluku varuven 2019 - na viraivil arasiyaluku varuven,Not_offensive,Not_offensive,Not_offensive
Gorilla movie Potta Pola Bgm poduringa konjam mathinga,Offensive_Targeted_Insult_Individual,Offensive_Targeted_Insult_Group,Offensive_Untargetede
இத்திரைப்படம் வன்னியர் வெள்ளாளர் கள்ளர் மறவர் அகமுடையார் யாதவர் விஸ்வகர்மா நாடார் சேனைத்தலைவர் செங்குந்தர் போன்ற சாதியினர் கண்டிப்பாக பார்க்க வேண்டும் ஆதரவு அழிக்க வேண்டும்...,Not_offensive,Not_offensive,Not_offensive
உனக்கு யாராச்சும் பழைய friend இருக்காங்களா நம்பாத,Not_offensive,Not_offensive,Not_offensive
Vera level... Pa..sema entertainment iruku,Not_offensive,Not_offensive,Not_offensive
தேவர் சமூகத்தின் சார்பாக இந்த படம் வெற்றியடைய வாழ்த்துக்கள்,Not_offensive,Not_offensive,Not_offensive
open challenge ninka vijay annava odunaa naanka Ajith annaava oduom,Offensive_Targeted_Insult_Group,Not_offensive,Not_offensive
Edha vida yaru rajini ya kevalapadutha vena ennu 16 varsam analu varamata Ava politics ku,Offensive_Targeted_Insult_Individual,Offensive_Targeted_Insult_Individual,Offensive_Targeted_Insult_Individual
நாடக காதலை தோலுரித்து காட்டா திரோபதி வந்துவிட்டால்...தராமான படம் காத்திருப்போம்..,Not_offensive,Not_offensive,Not_offensive
"Trailer kae katharuvanunga padam vantha innum katharuvanunga naadaga kaathal kumbala vachi vara pora padam, waiting.",Not_offensive,Not_offensive,Not_offensive
Love you Thala...Vera level,Not_offensive,Not_offensive,Not_offensive
விருதுநகா் மாவட்ட அருப்புக்கோட்டை நகா் அனைத்து ஜாதி அமைப்புகள் சாா்பாக #திரெபதி வெற்றி பெற வாழ்த்துகள் கண்டிபாக படத்தை திரையரங்த்தில் பாா்க்க வருவோம்,Not_offensive,Not_offensive,Not_offensive
Oatha ommala ennada bgm omma thevdiya payya,Offensive_Untargetede,Offensive_Targeted_Insult_Group,Offensive_Untargetede
"Epdi irunthavaru da Jeeva. Nanba movie ku aprm avaroda carrier eh close aidichu. 2011 la enaku nyabagam iruku avaroda moonu padangal ore nerathula theatre la odichu Singampuli,Ko,vanthan vendran and Ko 175Days Mega hit Padam so kandippa avaruku bright future irukum nu ethirpaathom but unfortunatley bcame underrated actor",Not_offensive,Not_offensive,Not_offensive
teaser nalla thana iruku.. idhuvum palaruku pidikala pola.. ______ oru polapu:p,Offensive_Untargetede,Offensive_Targeted_Insult_Group,Not_offensive
wow... vj so cute,Not_offensive,Not_offensive,Not_offensive
Ennada amma padatha eduthutu chinnamma va nadikka vachirukinga,Offensive_Targeted_Insult_Group,Offensive_Targeted_Insult_Group,Offensive_Untargetede
காதல் என்ற பெயரில் இந்த சமுதாயத்தை கெடுத்து குட்டிச்சுவராக்கி இருக்கும் சில நாதாரி களுக்கு சிறந்த பாடமாக அமையும் என்று நினைக்கிறேன்.,Not_offensive,Not_offensive,Not_offensive
semma mass s3 teaser marana mass dialogue Eva vandhalum yeri methichutu poikite irukum singam da,Not_offensive,Not_offensive,Not_offensive
Vera level thalaiva #bhairava #iam waiting #iniki neraya per kita iladha keta palakam yenta onu erukudhu,Not_offensive,Not_offensive,Not_offensive
வெயிட்டிங் லயே வெறி ஏறுது தல சீக்கிரம் வா தல...,Not_offensive,Not_offensive,Not_offensive
Teesha marana mass mass mass mass mass,Not_offensive,Not_offensive,Not_offensive
Thalaivar enrum oruvar thaan avar Rajini Sir thaan.,Not_offensive,Not_offensive,Not_offensive
"Naattai paarpana koottam gaali pannitu iruku... paarpana adimai naada mathinu iruku...BC,MBC idavodhikeeda thookitan 3% parpananga 10% reservation vaangitan...namaku padipilum velaivaaipilum idam illa...naama ellarum soothira pasanganu sollitu irukan avana ethirkama innum ethana kaalathuku da antha paarpanargal sonna jaadhiya pidichikiitu thongikitu irupinga muttalgal!!!",Offensive_Targeted_Insult_Group,Offensive_Untargetede,Offensive_Targeted_Insult_Group
naan thaan apove sonenai 100cr adichata varlam varlam va varlam vaa bhairava,Not_offensive,Not_offensive,Not_offensive
Avane Srimannanarayana Trailers Nalli No 1 Hindi No 2 Kannada No 3 Telagu No 4 Tamil No 5 Malayalam Hindi Ya Bollywood Navarige Naduka Vagirodu,not-Tamil,not-Tamil,not-Tamil
நாங்க தாழ்த்தபட்டவர்கள் அப்படினு சொல்லலிட்டு எல்லா தப்பையும் பண்றவனுக்கு செருப்படி இந்த படம்,Offensive_Targeted_Insult_Group,Not_offensive,Offensive_Targeted_Insult_Group
Perfect dialogue ஓவியம் வரையரவன் தன் பிள்ளைக்கு என்ன சொல்லி தருவான்... ஓவியம் வரைய... எங்க அப்பா militaryகாரன் டா... கோலி விளையாடாவா சொல்லி தருவான்...,Offensive_Targeted_Insult_Other,Not_offensive,Not_offensive
ஒரு நாள் எழுந்து வருவோம் பொறுத்திருந்து பாறு ஒனக்கு மூக்கனா கய்றா மாட்டி ஓட்டிடுவோம் ஏறு,Offensive_Targeted_Insult_Group,Not_offensive,Offensive_Targeted_Insult_Group
Meme creators ku seriyana deepawali parisu... But BGM vera level... sana rocks...,Not_offensive,Not_offensive,Not_offensive
Suriya Anna Mass Acting Semma Teaser Waitingggggggggggggģ,Not_offensive,Not_offensive,Not_offensive
Bc ajith kajal ka baap lag raha hai seriously bc ye kya hai? baal toh colour kar leta,not-Tamil,not-Tamil,not-Tamil
உண்மைநிலையில் பணமாகும் dic vijay waste... மூளை இல்லை என்பது உண்மை...,Offensive_Targeted_Insult_Individual,Offensive_Targeted_Insult_Group,Offensive_Targeted_Insult_Individual
#Lalettan...Love u Etta..Our Proud and Pride,Not_offensive,Not_offensive,Not_offensive
11M views ku apparam paakka vanthavanga yellam like ah potutu pongappa,Not_offensive,Not_offensive,Not_offensive
Petta Trailer (24 Hrs) - Views - 10.2 million views Likes - 546k likes,Not_offensive,Not_offensive,Not_offensive
orutharu mela vacha viswasathala innoruthara ye asinga paduthiringa. fight scene semmaiya irukum,Not_offensive,Not_offensive,Not_offensive
ரஜினி ஒரு எச்ச... தொட நடுங்கி... ஒரு RSS மணநிலை கொண்டவன்...,Offensive_Targeted_Insult_Individual,Offensive_Targeted_Insult_Individual,Not_offensive
24K left for 500K likes,Not_offensive,Not_offensive,Not_offensive
"நம்ம நாட்டு சுதந்திரத்த ப்ரிடீஷ்காரங்கிட்டந்து அரசியல் வாதிங்க கிட்ட கொடுத்துத்தான் கொடி, இது தான் உண்மை, எல் கே ஜி ஒரு நய்யாண்டி அரசியல்,NGKஒரு மிரட்டலான அரசியல் படம் வெற்றியடைய வாழ்த்துகள்",Not_offensive,Not_offensive,Not_offensive
YSR bgm king. Surya sir veraleval,Not_offensive,Not_offensive,Not_offensive
அருவி - சொல்வது எல்லாம் உண்மை வாழ் - நீயா நானா Arun prabu things,Not_offensive,Not_offensive,Offensive_Targeted_Insult_Individual
Ithuku Deepa akkavaye nadika vachirukalam,Not_offensive,Offensive_Targeted_Insult_Individual,Not_offensive
இந்த டிரெய்லரை எப்படி கொஞ்ச பேருங்க unlike செய்ராங்கனு தெரிய வில்லை. தல மாஸ்.,Not_offensive,Not_offensive,Not_offensive
Views struck power OOF Surya fans,Not_offensive,Not_offensive,Not_offensive
Sarkar kitta kooda nerunga mudiyala just 10million views,Offensive_Untargetede,Offensive_Untargetede,Not_offensive
Theatre ulla poi movie parkura varaikum paartha piragum kooda trailer paarkuratha niruthatheenga,Not_offensive,Offensive_Untargetede,Not_offensive
Padam ipdi irukum nu ninaikala Sema,Not_offensive,Not_offensive,Not_offensive
நிறைய பேரு சைக்கோ ஆகிருப்பாங்க ராஜா சார் ரஹ்மான் இல்லனா ஒரு பானை சாப்பாடு க்கு ஒரு சோறு பதம் னு சொல்லுவாங்க ராஜா சார்: தத்துவம் கனவு காணும் வாழ்கையாவும் (நீங்கள் கேட்டவை ) ரஹ்மான் சார்: கொண்டாட்டம் மான மதுரை மாமர கிளியே (மின்சாரக்கனவு ) தத்துவம் மனசை பக்குவப்படுத்தும் கொண்டாட்டம் மனசை இளமையாக்கும் இது தெரியாமல் சண்டடை போடுபவர்களுக்கு டாக்டர் எப்படி பட்டவரா இருக்கட்டும் நமக்கு நோய் தீர்ந்ததானு மட்டும் பார்ப்பவர்கள் மட்டுமே உண்மையான இசை காதலர்கள்,Not_offensive,Not_offensive,Not_offensive
Hollywood wali feeling aa rahi hai boss Kya jabrdast hai yr...,not-Tamil,not-Tamil,not-Tamil
Maaasssssssssss da Surya annaaaaaaaaaaaaaa... Veraaaaaa level da enga Surya Anna,Not_offensive,Not_offensive,Not_offensive
2:06 waaaa... All in one frame... Sema..,Not_offensive,Not_offensive,Not_offensive
"0.43,1.21,1.41 யுவன் வேற லெவல்..கொல மாஸ் பிஜிஎம்..",Not_offensive,Not_offensive,Not_offensive
Innum 1 Vaarathukku Naanga Trending,Not_offensive,Not_offensive,Not_offensive
Evan da music nu keka thonuchu..Pradeep..well done..soul stirring..,Offensive_Untargetede,Not_offensive,Offensive_Targeted_Insult_Group
Boys nalla oru action pack maattiyirikku. Full enjoyment dha.,Not_offensive,Not_offensive,Not_offensive
National award kedikum nu nenikirivinga like podunga,Not_offensive,Not_offensive,Not_offensive
thala I really lv you thala...words from my heart.neenga 100 yrs nalla irukanu unmayana uzhaipukku palan kidaikum,Not_offensive,Not_offensive,Not_offensive
இந்த படத்தின் நாயகன் தல அஜித்தின் மச்சான்... தல ரசிகர்கள் சார்பாக வாழ்த்துக்கள்,Not_offensive,Not_offensive,Not_offensive
4K left for 500K likes,Not_offensive,Not_offensive,Not_offensive
58K left for 600K likes,Not_offensive,Not_offensive,Not_offensive
Hello You Tube Ennassu Irukkireenkala? Allathu Seththupoddinkala??,Offensive_Untargetede,Not_offensive,Not_offensive
SARKAR FDFS Leaks SARKAR TEAM,Offensive_Targeted_Insult_Individual,Not_offensive,Not_offensive
like it mysskin fans from telangana,Not_offensive,Not_offensive,Not_offensive
Annan kidukki Trailer Marana Mass Annaa ummaaa waiting for December 16,Not_offensive,Not_offensive,Not_offensive
"Psyco 1960 Hollywood la vandhuruku. Andha moviya remake pannitananunga Pola,",Offensive_Targeted_Insult_Group,Not_offensive,Offensive_Untargetede
இப்படம் வெற்றி பெற வாழ்த்துக்கள். Thanks to Mohan.G,Not_offensive,Not_offensive,Not_offensive
இது தலித் எதிரான படம் மட்டும் அல்ல தோழர்களே ஒட்டுமொத்த பென் இனத்தையே கேவலப்படுத்தும் படம் தலித் இளைஞர்களை(மக்களை) பொது மைய நீரோட்டத்தில் இருந்து புரந் தள்ள வேன்டும் என்பது அவர்களது கனவு அதர்க்காக தன் சமூக அக்கா தங்கைகளை இப்படிய அசிங்கபடுத்த வேண்டும் த்து...,Offensive_Targeted_Insult_Group,Not_offensive,Not_offensive
Vijay Always Mass... Sema Thalaivaaaaaaaa!!! Sure Hit Super Hit,Not_offensive,Not_offensive,Not_offensive
Who is watching after seeing movie? Indha madhri pichayedukara velai yenthanai peru kelamirukinga??,Offensive_Untargetede,Not_offensive,Not_offensive
Bangam bangam bangam... Reflecting true situation,Not_offensive,Offensive_Targeted_Insult_Group,Not_offensive
தமிழ் சினிமாத்துறையில் எப்பொழுதும் உயர் சாதிக்கு எதிராக திரைப்படம் வந்து கொண்டிருந்த வேளையில் அதைப்பார்த்த எண்ணற்ற இளைஞர்கள் மனவேதனை அடைந்த போது அவர்களின் மனவலியை போக்க இந்த படத்தை அர்ப்பணித்த மோகன் அண்ணா அவர்களுக்கு நன்றிகள்,Not_offensive,Not_offensive,Not_offensive
Sandhanam sir Rompa naatkal wait pantrom sikkiram release panunga,Not_offensive,Not_offensive,Not_offensive
Dislike pottavan yellam rajini fan pola..20varusam kalichu solvanga idhu 96 dhana nu...appo therium,Offensive_Targeted_Insult_Group,Not_offensive,Offensive_Untargetede
Sema yaa iruku trailer.wait this movie,Not_offensive,Not_offensive,Not_offensive
Bhavesh Joshi enna Hindi padam mathiri irukke,Offensive_Targeted_Insult_Individual,Offensive_Untargetede,Offensive_Targeted_Insult_Individual
"2.0, KGF, Simbba & Petta",Not_offensive,Not_offensive,Not_offensive
Why she is looking like sushma sawaraj ji,Not_offensive,Not_offensive,Not_offensive
Today pathavan mattum like ah podu,Not_offensive,Not_offensive,Not_offensive
திரைபடத்தின் வெற்றிகாக நம் மக்கள் அனைவரும் ஒன்று கூடுவோம் இது நம்மாண பிரச்சினை,Not_offensive,Not_offensive,Not_offensive
Am vjs Anna fan Anna am waiting sangatamilan mass pannuga ji super ji super ji super ji,Not_offensive,Not_offensive,Not_offensive
படம் வெற்றியுடன் வாழ்க வளமுடன் நன்றி தமிழ் மக்களே,Not_offensive,Not_offensive,Not_offensive
I love jayam Ravi semma actor,Not_offensive,Not_offensive,Not_offensive
Agar jarurat pada to Kangana ko kuchh weight gain karna chahiye tha...par ye Kya cartoon jesa dikha rahe he🤦,not-Tamil,not-Tamil,not-Tamil
Mass... intha unlike panravanuga vaitherichal pudicha setup sappa star kujay fans uh than irupanuga,Offensive_Untargetede,Offensive_Untargetede,Not_offensive
Tahala vivegam asaar movies 24.8.2017 i mis you,Not_offensive,Not_offensive,Not_offensive
Apna mental giri dikha di yahan bi kanchana radawat,not-Tamil,Not_offensive,not-Tamil
72K left for 600K likes speed up guys,Not_offensive,Not_offensive,Not_offensive
"Trailer massaa irukku,2 scenela ennoda face varuthunu ninaikkumpothu kani sirkku thanks",Not_offensive,Not_offensive,Not_offensive
Thalaiva padam eppa varum kandippa varum parunga,Not_offensive,Not_offensive,Not_offensive
thala taker massa pa waiting for 24 date,Not_offensive,Not_offensive,Not_offensive
பெண்களை இவனிங்க சொத்தா பாக்காங்களாம்.. முதல்ல உணர்ச்சி உள்ள சக உயிரினமா பாருங்கடா அப்பர செண்டிகளா...,Not_offensive,Offensive_Targeted_Insult_Group,Offensive_Targeted_Insult_Group
Indha padamavadhu Vikram ku odanumnu nenaichen...trailer paatha udane andha aasaiyum pochu...che,Offensive_Untargetede,Not_offensive,Not_offensive
worst teaser!! enna da kuppai lorry ah otaran...? lol varlam va varlam va lol:P thu,Offensive_Untargetede,Not_offensive,Offensive_Targeted_Insult_Group
a.r rahman sir music vera level.,Not_offensive,Not_offensive,Not_offensive
Trailer semmaaaa... kandipa 1st day continuous ah 3 show paakanum...,Not_offensive,Not_offensive,Not_offensive
அனைத்து கோனார்கள் சார்பாக இந்த படம் வெற்றி பெற வாழ்த்துக்கள்,Not_offensive,Not_offensive,Not_offensive
Super se bhi upar Hai...2.0 Waiting for 2.0... Favorite...rajnikant sir..and akshay Kumar...@LYCA2.0#OFFICIALTRAILAR.#,not-Tamil,not-Tamil,not-Tamil
TR pls my lord. Yella pugazhum un oruvarukeh,Not_offensive,Not_offensive,Not_offensive
Intha pundaiku than built up da,Offensive_Untargetede,Not_offensive,Offensive_Targeted_Insult_Group
Ending speech mass thalivaaaaaaakola kandula iruken,Not_offensive,Not_offensive,Offensive_Untargetede
Heros அ மட்டும் பார்த்துட்டு வெறி ஆவாதீங்கடா.. ஒக்காலி bgm தெறிக்குது dawww ARR DAWW 1:02 நீ வந்து சென்றனை... பூமி பூமி சுத்தும் சத்தம் ஆழி ஆழி கத்தும் சத்தம் மனிதன் மனிதன் யுத்தச்சத்தம் இதில் எங்கே கேட்கும் குயிலின் சத்தம்..,Offensive_Targeted_Insult_Group,Offensive_Targeted_Insult_Group,Not_offensive
Suriya sir ea kola mass uhh,Not_offensive,Not_offensive,Not_offensive
0:14Ulla ponavan yellam உல்லாசமாதான் இருக்குரானுக velila irukkuravanga than sethukittu irukkanga,Offensive_Targeted_Insult_Other,Not_offensive,Not_offensive
Da suriya kulapaya nee police ah,Offensive_Targeted_Insult_Individual,Not_offensive,Not_offensive
பல்லவ தேசத்தின் சார்பில் வெற்றி பெற வாழ்த்துக்கள்,Not_offensive,Not_offensive,Not_offensive
அப்பாடா கடைசியா யோகி பாபு தலை சீவி நல்ல getup ல நடிக்க வச்சிருக்கானுக,Not_offensive,Offensive_Targeted_Insult_Individual,Not_offensive
என்ன மாஸ் சாங்டா... தக்காளி இத மிஞ்ச இனி எவன்டா...,Not_offensive,Not_offensive,Not_offensive
சக்திமான் 90's kids super hero.. Sk 2k kids Super Hero..,Not_offensive,Not_offensive,Not_offensive
Nice trailer...வெற்றி பெற வாழ்த்துக்கள் from thalaphathy fans,Not_offensive,Not_offensive,Not_offensive
Asuran enga ooru usilampatti theater la makkalae ootaa vidala.ahaana indha padam kandipa 100 nalu,Not_offensive,Not_offensive,Not_offensive
just waiting 4 d novie...haters poi saavungada...,Offensive_Untargetede,Offensive_Untargetede,Offensive_Untargetede
3k dislikes from அரசியலுக்கு வருவது உறுதி' fans... பாவத்த,Offensive_Targeted_Insult_Group,Offensive_Targeted_Insult_Group,Offensive_Untargetede
சாதிவெறி தேவிடியா பையலுகளா எழுதிவச்சிகோங்க டா இன்னும் 30 வருடம் தான் அப்பறம் உங்க சாதி புண்டலாம் ஒழிஞ்சிடும் உலகம் எப்படி வளருதுனு தெரியல குண்டு சட்டில குதிரை ஓட்டிட்டு கதறிட்டு இருக்கானுங்க...,Offensive_Targeted_Insult_Group,Not_offensive,Offensive_Targeted_Insult_Group
lovedd as looott justb say out standinggggg malayalam ITH AVANEMEDAAA TRAILLERRRR,Not_offensive,not-Tamil,Not_offensive
U1 master bgm god,Not_offensive,Not_offensive,Not_offensive
Yetho inimeyavathu nalla stories a choose panna sari,Not_offensive,Not_offensive,Not_offensive
"Romba Kevalamana VFx, Short flim la Kuda ipalam Semaya VFX panni podranga",Not_offensive,Not_offensive,Not_offensive
Ngk is makkal kural Suriya is our thalaivar,Not_offensive,Not_offensive,Not_offensive
படம் முழுமையான வெற்றி அடைய வாழ்த்துக்கள் மோகன்,Not_offensive,Not_offensive,Not_offensive
விஜய தல மூத்திரத்த வாங்கி குடிக்க சொல்லுங்க,Offensive_Untargetede,Not_offensive,Not_offensive
Mass ah eruku. Waiting for FDFS...,Not_offensive,Not_offensive,Not_offensive
Engga innathodaa aadai yalllam isai raja,Not_offensive,Not_offensive,Not_offensive
100 likes venum suriya fans come on do it,Not_offensive,Not_offensive,Not_offensive
Pengale thadavi nadikaravanukkum...pengal urimai kkga nadikaravarukkum niraiya different irukku...thala for real hero,Not_offensive,Not_offensive,Not_offensive
THALAPATHI First Look varattum,Not_offensive,Not_offensive,Not_offensive
Theri trailer iis semma sharp and Awsome this april vijay anna gonne rock...Thanks Atlee & GV anna...Audio already rocking hit...Thanks For this awsome trailer best wishes for Entire THERI TEAM...Theeeeeeeeeeeeeeeeeeeeeeeeeeeeeeeeeeeeeeeeeeeeeeeeeeeeeeeeerrrrrrrrrrrrrrrrrrrrrrrrrrrrrrrrrrrrrrrrrrrrrrrrrrrrrrrrrrrrrrrrrrrrrrriiiiiiiiiiiiiiiiiiiiiiiiiiiiiiiiiiiiiiiiiiiiiiiiiiiiiiiiiiiiiiiiii...,Not_offensive,Not_offensive,Not_offensive
உத்திரமேரூர் ஆரானி செங்கல்பட்டு வானிய செட்டியார் சார்பாக படம் வெற்றி பெற வாழ்த்துக்கள்.,Not_offensive,Not_offensive,Not_offensive
Padathula enna vena pesalam Nijathula onnum nadakaadhu,Offensive_Targeted_Insult_Group,Offensive_Targeted_Insult_Group,Not_offensive
Indha padattha patthukkuttu irukkum podhu un ootu ponna thookkikittu poira porano patthu siringada...,Offensive_Untargetede,Not_offensive,Offensive_Targeted_Insult_Group
Enum nala Pani irukalaam orginal pink trailer Pathu compare pana it's ok only,Not_offensive,Offensive_Untargetede,Not_offensive
சூப்பர். இந்த படம் சரி தவறு என்பதை மக்கள் தான் முடிவு செய்ய வேண்டும்.,Not_offensive,Not_offensive,Not_offensive
When AJITH fans turn into Broker Mama for Kaidhi...Dai Mama's Kaidhi yum Engaluku Jeikanum #THALAPATHY64,Offensive_Untargetede,Not_offensive,Offensive_Targeted_Insult_Individual
SURIYA வெறியர்கள் யார்? இங்க வந்து ஒரு Like podunga... Suriya forever...,Not_offensive,Not_offensive,Not_offensive
Original: Kickin' it old skool (2007),Offensive_Targeted_Insult_Group,Not_offensive,Not_offensive
1:34 kodumbathoda serndu naanga nadu road la ninaalum Seri -RJ Ananthi sogattha kooda evlo alaga semmaya raagathoda sollirkaanga la,Not_offensive,Not_offensive,Not_offensive
Teaser onnum avala paingaramala Illa average than,Not_offensive,Offensive_Targeted_Insult_Group,Not_offensive
Teaser semmaya irrukunu soldravanga like pannunga,Not_offensive,Not_offensive,Not_offensive
December 20...naan starwars pooren... Hero vum,Not_offensive,Not_offensive,Not_offensive
"ஈரோடு கொங்கு வேளாளக் கவுண்டர்கள் சமூகம் சார்பாக வாழ்த்துக்கள்... கவுண்டர், வன்னியர், தேவர்,நாடார், நாயக்கர் உள்ளிட்ட பெரும்பான்மையான மக்களின் இத்தனை நாள் ஏக்கம், வேதனையான,வலியை இந்த Trailer பிரதிபலிக்கிறது... வாருங்கள் அனைவரும் இணைவதற்கான நேரம் வந்துவிட்டது... இணைந்து அந்த நாடக காதல் பற தேசிகளுக்கு பாடம் புகட்டுவோம்... சிறுத்தைகளை காயடிப்போம்",Not_offensive,Not_offensive,Not_offensive
better luck next time!:D:D:D,Offensive_Targeted_Insult_Other,Not_offensive,Not_offensive
Enna bro... Trailer la yae suspense ah odachutaanga... Konjo suspense vitrukalam... But.. the rest... Tharam,Not_offensive,Not_offensive,Not_offensive
Eppa ethuku evulo dislike? Poramaiya?,Offensive_Untargetede,Offensive_Untargetede,Offensive_Untargetede
நான் காட்டு கத்து கத்துறேன் ஒருத்தனும் கண்டுக்றல ஆனா தல கம்முனு இருக்காரு எல்லோரும் கடவுளா நினைக்குறானுக. சீமான் மைன்ட்வாய்ஸ்,Offensive_Targeted_Insult_Individual,Offensive_Targeted_Insult_Individual,Not_offensive
Manju Warrier Fans Like Here... She is Our Pride,Not_offensive,Not_offensive,Not_offensive
Ivana pakkum pothu Ellam jallikattula pathila odiponathu than niyabhagam varthu... Ivan intha rj balaji... Chai worst fellows da ninga,Not_offensive,Offensive_Targeted_Insult_Individual,Offensive_Targeted_Insult_Group
WAITING FOR NADIPPIN NAYAKAN SURYA KAAPPAAN,Not_offensive,Not_offensive,Not_offensive
Mohanlal dialogue delivery Summaar thaan irukk... Oru Punch kidakkamaattirinke...,Offensive_Targeted_Insult_Group,Not_offensive,Not_offensive
Wow..pls do movie like this..dont go for movie like kaala or kabali..,Not_offensive,Not_offensive,Not_offensive
Thala veetla irundhu nera camera munnadi vadhu nipparu pola! Makeup avathu mannavadhu! Ever Handsome,Not_offensive,Not_offensive,Not_offensive
Love u thala hit like if u like thala,Not_offensive,Not_offensive,Not_offensive
Thalaivaaaaaaaaa and vijaysethupathiiii vedhaaaaaaaaaa pahhhh no chance,Not_offensive,Not_offensive,Not_offensive
Yarellam Padam paathutu vandhu trailer ah notice panninga?,Not_offensive,Not_offensive,Not_offensive
"Surya fan from Karnataka, teaser",Not_offensive,Not_offensive,Not_offensive
நல்ல மெலடி song... நடுவுல வருது...who are noticed?,Not_offensive,Not_offensive,Not_offensive
Oru vela intha movie bigil ku mundai vandhu irundha atlee inum konjam nala yeduthu iruparu pola...!!,Not_offensive,Offensive_Targeted_Insult_Individual,Offensive_Untargetede
Andha last 2:20 sec le vara kurumba pakaveee waiting Thalaivaaaaaa,Not_offensive,Not_offensive,Not_offensive
6 days ah srilanka la trending 4 kulla thaan itukku,Not_offensive,Not_offensive,Not_offensive
Kaipulla Vijay Twitter la Trending agudhu,Not_offensive,Not_offensive,Not_offensive
Vijay sethupathi fans hit like here,Not_offensive,Not_offensive,Not_offensive
theriiiiii trailer 1 crore views guarantee,Not_offensive,Not_offensive,Not_offensive
"True va na jiiva fan oru hit kaga wait pannrommm nanga but gypsy,seeru romba trust panrom nambika irukka annan nenga vanga anna",Not_offensive,Not_offensive,Not_offensive
Vijay...kumar... Vera level pa...,Not_offensive,Not_offensive,Not_offensive
a treat for all fans lets enjoy,Not_offensive,Not_offensive,Not_offensive
140 k views 160 k views how,Not_offensive,Not_offensive,Not_offensive
UNAKENNAPA KUTTY MOONJI FANS #HITS LIKE🤷‍,Not_offensive,Not_offensive,Not_offensive
திருநெல்வேலி மாவட்ட தேவர்கள் நாடார்கள் சார்பில் திரைப்படம் வெற்றியடைய வாழ்த்துக்கள்,Not_offensive,Not_offensive,Not_offensive
Likes and views check panravanga like poduga,Not_offensive,Not_offensive,Not_offensive
Surya Anna semma mazzzzzz all team marana mazzzz movie ya iruka poguthu,Not_offensive,Not_offensive,Not_offensive
visvasam trailer parugga semmaya irukku like podugga,Not_offensive,Not_offensive,Not_offensive
Surya anna fans selavaragavan fans approm yuvan fans like pannuga ienga mass work good team work,Not_offensive,Not_offensive,Not_offensive
Yaru lam valimai movie kku wait panringa,Not_offensive,Not_offensive,Not_offensive
Aiyooooooo theivameeeeeeeeeeeee tnqqqq karthiik suburaj sir,Not_offensive,Not_offensive,Not_offensive
adeiii bangam semmmmmaaa masss da deei,Not_offensive,Offensive_Targeted_Insult_Group,Not_offensive
Ponugala kaapathanum Mathikanumna.. muthala ponna boga porula kaatura cinema va olikanum.. Yecha pasangala.. Cinemena dangerous for society,Offensive_Untargetede,Not_offensive,Offensive_Untargetede
Naagha #thala fans ila..family daa,Not_offensive,Not_offensive,Not_offensive
Kammalar samuthayam sarbaga padam vetripera vazhlthukkal,Not_offensive,Not_offensive,Not_offensive
Joaquin Phoenix:DEI AADHI DAA(Baasha bai moment),Not_offensive,Offensive_Untargetede,Not_offensive
Kavin Anna thambi like here...,Not_offensive,Not_offensive,Not_offensive
yogi babu hairstyle sema...nenaikaravinga like podinga...,Not_offensive,Not_offensive,Not_offensive
Sirappana tharamaana padatha pongal annaiku paakaporeenga,Not_offensive,Not_offensive,Not_offensive
Gonna be 90's kid movie. Thalaivaaaaaaa vera level thalaivaaaa,Not_offensive,Not_offensive,Not_offensive
Bigil ah vida 100 %. Super hit kaithi,Offensive_Targeted_Insult_Individual,Offensive_Targeted_Insult_Individual,Offensive_Targeted_Insult_Individual
Verithanama irukku trailer Varuvathu Thalaivar petta Parak..,Not_offensive,Not_offensive,Not_offensive
Nanum rajini rajigantha enakku vayasu 27tha.evaru namakellam ethathu nallathu panduvara vote podalama vendamanu therila,Not_offensive,Not_offensive,Not_offensive
Ye kya look hai bhai Plastic ki gudiya kangana how can u do this,not-Tamil,not-Tamil,not-Tamil
"அடக்குனா, அடங்க கூடாதுனு எங்க சரக்கு மிடுக்கு அண்ணன் சொல்லி௫க்கார்...",Not_offensive,Not_offensive,Not_offensive
விழுப்புரம் மாவட்டத்தில் இருக்கும் வன்னியர் சார்பில் படம் வெற்றி பெற வாழ்த்துக்கள் இப்படிக்கு செஞ்சி பசங்க,Not_offensive,Not_offensive,Not_offensive
தலைவா போய் கிழவா ஆய்ட்டார்....Nice Toappa...,Offensive_Targeted_Insult_Individual,Not_offensive,Not_offensive
Neenga trailer.. Pakkama irupingalaa...never,Not_offensive,Not_offensive,Not_offensive
THALA DA VERA EVEN DA,Not_offensive,Not_offensive,Not_offensive
போராடுறது தப்புனா போராடுற சூழ்நிலைய உருவாக்குனதும் தப்பு தான...தரமான டயலாக்,Not_offensive,Not_offensive,Not_offensive
Antha aalu ethai thottaalum vetry'than super star,Not_offensive,Not_offensive,Not_offensive
Thalaivaaaa...vera level thalaivaa...mass styles semma semma.. waiting for movie thalaivaa,Not_offensive,Not_offensive,Not_offensive
Evadra vadu dislike kottinadhi...chuuuth salaaa... Terroristss,not-Tamil,Offensive_Untargetede,Offensive_Untargetede
அய்யா ஆசியுடன் வெற்றி பெற வாழ்த்துக்கள்,Not_offensive,Not_offensive,Not_offensive
Komjor dilwalo ye video link pe clik na kare u just can't tolerate,not-Tamil,not-Tamil,not-Tamil
Yaenda potta nayungala yevanda adhu trailer KU dislike potadhu..,Offensive_Untargetede,Offensive_Targeted_Insult_Group,Offensive_Untargetede
now watching again this trailer... mass Thalaivaaaaaaaa,Not_offensive,Not_offensive,Not_offensive
"சிறப்பான தரமான சம்பவத்தை இனிமேல் தான் பார்க்க போரிங்க...,",Not_offensive,Not_offensive,Not_offensive
"Str, Aravindasamy super & Thyagarajan Sir Mass Look...Waiting...",Not_offensive,Not_offensive,Not_offensive
0.18 to 0.22 1.08 to 1.14,Not_offensive,Not_offensive,Not_offensive
god of bgm raja sir wowwwwwwwwwww 2020 happy new yearrrrrr,Not_offensive,Not_offensive,Not_offensive
Surya annna mass mass pakka mass,Not_offensive,Not_offensive,Not_offensive
Last dialogue... my mind voice: mmkum athu enga ingutuu nextuuu,Not_offensive,Not_offensive,Not_offensive
Asuran trailer is asura vadham 🤩,Not_offensive,Not_offensive,Not_offensive
BIRTHDAY MASHUP OFFICIAL TEASER #suriya =COMING SOON=,Not_offensive,Not_offensive,Not_offensive
Yaaru rajinikanth fan o oru like podunga,Not_offensive,Not_offensive,Not_offensive
"நான் தலித் தான் என் காதல் மனைவி வன்னியர், நாங்க நல்ல தான இருக்கோம் சென்னைல, அவங்க famalium நாங்களும் இந்த ஜாதி எல்லாம் பட்டிக்காட்டு பக்கம் தான் ப்ரோ மனுசன மாறுங்க ப்ளிஸ்",Not_offensive,Not_offensive,Not_offensive
Evanukavathu pontatti kolantha kutty sentiment (viswasam) iruntha apdiyea oodi pooiru...! kola kandu la iruken mavaney kollama vidamaten,Offensive_Untargetede,Offensive_Untargetede,Offensive_Untargetede
"242,820 likes on time now 7.48pm",Not_offensive,Not_offensive,Not_offensive
Vera level Vfx just killing it,Not_offensive,Not_offensive,Not_offensive
Thaliva ni vera Laval... Love you anna,Not_offensive,Not_offensive,Not_offensive
Rangaraj pandey sir fans like here,Not_offensive,Not_offensive,Not_offensive
Ye kis tarah makeup kiya hai lag raha hain koi futle ko khada kar diya hain.toda role k liye moti hi ho jaty.dangal k amir khan ki tarah,not-Tamil,not-Tamil,not-Tamil
நாயக்கர் சமுதாயம் சார்பாக வெற்றி பெற வாழ்த்துகள்,Not_offensive,Not_offensive,Not_offensive
Paaaaaaaaa love you raja sir & mysskin sir,Not_offensive,Not_offensive,Not_offensive
Yes thalaivar kolai kandula irukaru irangna adiknum,Offensive_Untargetede,Not_offensive,Offensive_Untargetede
கண்டிப்பா படத்தை முதல் நாள் முதல் காட்சியில் பார்ப்பேன்...,Not_offensive,Not_offensive,Not_offensive
#thala teaser la ye therikka vitrukapla,Not_offensive,Not_offensive,Not_offensive
Enada lawyer sanda podran🤣 tamil cinema tamil cinema thaanya... Nama aluga enaki dha thirundhu vangalo,Offensive_Untargetede,Offensive_Untargetede,Offensive_Targeted_Insult_Group
STYLIST STAR SURIYA,Not_offensive,Not_offensive,Not_offensive
நான் அரசியலுக்கு வருவது உறுதி தலைவா உன்ன போற வர்றவன்லாம் கலாய்க்குறான் தலீவா...,Offensive_Untargetede,Not_offensive,Not_offensive
last 10 - 15 secs... ennnnnna energy... 68 vayasu nu sonnaaa yaarum namba maataanga...semmmaaaa...,Not_offensive,Not_offensive,Not_offensive
ThErI tHeRi THERI Thalaivaaaa? Semma Thalaiva Semma Thalaiva Semma,Not_offensive,Not_offensive,Not_offensive
Mokka da deiii ithelam Oru padama,Offensive_Targeted_Insult_Group,Offensive_Targeted_Insult_Group,Offensive_Untargetede
Teaser la errunthu onnu purithu ethu Oru nalla Tamil padam,Not_offensive,Not_offensive,Not_offensive
Comment படிக்கும் போது தான் தெரிகிறது 85% முட்டாள்கள் நாம் சமுகத்தில் இன்னும் இருக்கிறார்கள் என்று.,Offensive_Targeted_Insult_Group,Offensive_Targeted_Insult_Group,Not_offensive
No 2 trending in malaysia,Not_offensive,Not_offensive,Not_offensive
தன்ன அறியாமலே யாரெல்லாம் சிரிச்சீங்க. லைக் பண்ணுங்க 🤙,Not_offensive,Not_offensive,Not_offensive
Thala and yuvan veriyan on,Not_offensive,Not_offensive,Not_offensive
Aiiiyoooo semma da.etha trailer pakka avalo nal waiting...,Not_offensive,Not_offensive,Not_offensive
aiyoo again like panna button illayada... thala semma,Not_offensive,Not_offensive,Not_offensive
Thala fight scene la maja va irukku,Not_offensive,Not_offensive,Not_offensive
Is it pink Hindi movies remake?,Not_offensive,Not_offensive,Not_offensive
Super star Super star Super star super Super star Super star Super star Super super Super star,Not_offensive,Not_offensive,Not_offensive
Dai ranjith... Ippo pesuda...,Not_offensive,Offensive_Targeted_Insult_Individual,Offensive_Untargetede
Shruthi Haasan poojai vaaaasuuuu Now Akshara vasuuuu,Not_offensive,Not_offensive,Not_offensive
Irumugan maathiri feel aachu solluravan like poodu,Offensive_Untargetede,Not_offensive,Not_offensive
Jeyalalitha VA photo la yaachum paarthurukeengala,Offensive_Targeted_Insult_Group,Not_offensive,Not_offensive
1:13 Looks Like Thalaivar Prabhakaran Uniform,Not_offensive,Not_offensive,Not_offensive
Thalapathy vijay anna fans like here...,Not_offensive,Not_offensive,Not_offensive
Super trailer. As a as oooooopppppppoooooooooooooooowwwwwwwwwwwwwwwwwwwwwwwwwwwwwwwwwwwwwwwwwwwwwwww,Not_offensive,Not_offensive,Not_offensive
Yogi babu pakarathuku vvlue satta mathri iruku...,Not_offensive,Not_offensive,Not_offensive
Rajniya vachu senjing in last bit,Offensive_Targeted_Insult_Individual,Not_offensive,Offensive_Targeted_Insult_Individual
AAr rocking music bgm vera level padam marana waiting enakku pidicha ellam hero irukkanga,Not_offensive,Not_offensive,Not_offensive
Neengal thalayel erunthu peranthavargal nangal kalil erunthu peranthavargal magaparadham solgeradhu ok nangal nadagam kadhal seivadhillai nadagathel thathan kadhal perakkudhu,Offensive_Targeted_Insult_Group,Not_offensive,Not_offensive
Thalaya screen LA parka Yarellam Marana waiting comment pannunga thala rathangale ‍‍‍‍‍‍‍,Not_offensive,Not_offensive,Not_offensive
Gotha dislike panna pundaiyellam pannada badatha irukkum,Offensive_Targeted_Insult_Group,Not_offensive,Offensive_Untargetede
Sirapana tharamana sambavamlam inimaetu than pakkaporom...petta parak...,Not_offensive,Not_offensive,Not_offensive
Pakathana pora pongalugu inntha kalliyoda attatha,Offensive_Untargetede,Offensive_Untargetede,Not_offensive
Remek movie 3 trading le eruku evalo like vangiruku Next movie alluvitru,Not_offensive,Not_offensive,Not_offensive
"Super nadippin hero chiyaan. Kamal fans like me,",Not_offensive,Not_offensive,Not_offensive
"STR looks stunning, keep rocking",Not_offensive,Not_offensive,Not_offensive
நெல்லை மாவட்டம் சார்பாக படம் வெற்றி பெற வாழ்த்துக்கள்,Not_offensive,Not_offensive,Not_offensive
Bigil kaithi vijay ajith nu.. chai Tamil cinema la ipathan konjam nalla padam la varuthu athu sanda,Not_offensive,Not_offensive,Offensive_Targeted_Insult_Individual
Chinna vayusaula erila kuzhipola Anga Pola Adhu Mela than nadakurom,Offensive_Targeted_Insult_Group,Not_offensive,Not_offensive
Teaser pathutu olu otavanungala oora vitu odungada,Offensive_Untargetede,Not_offensive,Offensive_Untargetede
Dislike Vida Comments Adhigam வெறித்தனமான like அனைத்து மக்களின் ஆதரவு கமென்ட் பாக்ஸ் ல தெரியுது அனைவருக்கும் வன்னியர் சார்பாக நன்றி நண்பர்களே...,Not_offensive,Not_offensive,Not_offensive
viewers plz take a 10 million views,Not_offensive,Not_offensive,Not_offensive
Oru raksha illa Mone kaithiii uff,not-Tamil,Not_offensive,Not_offensive
Friends na life ah kodukkanum Amma photo illaya.. athaan anna irukkan la... Rompa palaya sentiment Rompa palaya scenes.. Anyway good luck jeeva,Not_offensive,Not_offensive,Not_offensive
அனைத்து மக்களும் பார்த்து பா.ராஞ்சித் முகத்தில் காரி துப்பவும்,Offensive_Targeted_Insult_Individual,Not_offensive,Not_offensive
Perumalpuram Thevar community saarbagaa vazlthukalll,Not_offensive,Not_offensive,Not_offensive
யாதவர் சமுதாயத்தின் சார்பாக மனமார்ந்த பாராட்டுக்கள்... வெற்றியடைய வாழ்த்துகிறோம்...,Not_offensive,Not_offensive,Not_offensive
Poi appa character iruntha nadika solluga setaaa agala 2.o mass ithu pushhh,Offensive_Untargetede,Offensive_Targeted_Insult_Individual,Not_offensive
Sathiyama solra intha padam 200 theatre kuda odathuda ithu eannoda saval daaa saval eanna da odathu aavalotha,Not_offensive,Not_offensive,Offensive_Targeted_Insult_Group
நீங்க சீண்டிகிட்டு இருக்கிறது அமைதியா படுத்துகிட்டு இருக்கிற புலிய பாய ரெம்ப நேரம் ஆகாது,Not_offensive,Offensive_Targeted_Insult_Group,Not_offensive
dai movie la ega da nerya scen kanummm,Offensive_Targeted_Insult_Group,Offensive_Untargetede,Offensive_Untargetede
Waiting 2 see in big screen...,Not_offensive,Not_offensive,Not_offensive
94K likes for 300K likes less then 3hrs,Not_offensive,Not_offensive,Not_offensive
Naan yaaru ennurudha eppavume naan mudivupanuruthilla... En edhurula nigakaravanga thaan mudivupanuvanga... Naan avangalluku naanban-ah illa ethiri-ah...,Offensive_Untargetede,Not_offensive,Not_offensive
Did rajini sir was so old in 1996. Bosadeke,Offensive_Targeted_Insult_Individual,Not_offensive,Not_offensive
Neenga viswasam ah irukkurathukku mathavangala yan asinga paduthuringa...#Thala...Vera level...,Not_offensive,Not_offensive,Not_offensive
மண்ணும் பொன்னும் ஒன்னா அப்போ விலை அதிகமா கொடுத்தா ரெண்டையும் வித்திருவிங்களா,Not_offensive,Not_offensive,Offensive_Targeted_Insult_Group
இதுல தலைவர் ரஜினி பத்தி ஜெயம் ரவி ஒன்னும் தப்பா சோல்லலையே உண்மைய சொன்னது ஒரு தப்பா,Not_offensive,Not_offensive,Not_offensive
KK na KK na yaare...? King of Kollywood,Offensive_Untargetede,Not_offensive,Not_offensive
"Kanna indha 1, 2 ellam Papa vilayatu. Inga epavume thalaivar than 1.. super one...",Not_offensive,Not_offensive,Not_offensive
கதை தெரியவில்லை இருந்தாலும் மாறுபட்ட சிந்தனை வாழ்த்துக்கள் பறையர் சார்பாக நன்றி மோகன் ஜி,Not_offensive,Not_offensive,Not_offensive
All kerala chiyaan fans like here,Not_offensive,Not_offensive,Not_offensive
Ootha ungala Elam thirutha mudiyathu da sathi sathi nu ethana naal dhan pirinchi nippinga?? Ena da mel sathi keel sathi nu frst indha madhiri padam edukura naai ha adikanum da.thuuuu youngster ha makkal ha sathi nu pirikikurangaa... naam elarum thamizhargal da sathi ha vitu thamizhar nu nillunga,Offensive_Targeted_Insult_Group,Offensive_Targeted_Insult_Group,Offensive_Targeted_Insult_Group
style a irukena? paaaah 90s rajni is back! Thalaivaaaa Thank you so much karthik anna,Not_offensive,Not_offensive,Not_offensive
அடங்க மறு...அத்து மீறு...இப்போ comments la itthana சமூகம் அவுத்து காமிக்கரணங்...என்ன பண்ண போற?,Not_offensive,Offensive_Targeted_Insult_Group,Not_offensive
Market illatha dog la vaai pesuthu pannada Ravi,Offensive_Targeted_Insult_Individual,Not_offensive,Offensive_Untargetede
Sama music sam cs super trailer Vara level ku thariya bgm karanam super ji,Offensive_Untargetede,Not_offensive,Not_offensive
கொலா மாஸ் சூர்யா அண்ணா யுவன் செல்வராகவன் கம்போ செம்மா...,Not_offensive,Not_offensive,Not_offensive
Rajni eppo da 1996 la arasiyalukku varenu sonnaru... I think Comali team eh 1996 la comala irundhu Vera yaro solra thappana thagavala kettu padam eduthu irukkangalo... Oruthangala pathi therinjittu olarama padam edukka try pannunga team...,Offensive_Targeted_Insult_Group,Offensive_Targeted_Insult_Individual,Not_offensive
k harsha sry but antha rajesh punda avanku ena payriya pundanu naynapa thayoli,Offensive_Targeted_Insult_Individual,Offensive_Targeted_Insult_Individual,Offensive_Targeted_Insult_Individual
Arun Vijay and aishwariyarajes super...manirathnam sir padam kandipa Romantic ku panjam irukathu...,Not_offensive,Not_offensive,Not_offensive
I am thala fan da soodhaaa rajini mass mass doopa hair rs/6000,Not_offensive,Not_offensive,Not_offensive
Teaser kandittu ithu marana mass iteam aayirikkum jillayill vannna lalettan aayirikkillllaaaaa... Athu pole thannne nammude swantham suryiayude pwoli performanceum kaanumwaitingggggggg...,not-Tamil,Not_offensive,Not_offensive
your voice kambiramma irukku sema super thala,Not_offensive,Not_offensive,Not_offensive
திருமாவளவனையும் ராமதாஸையும் கைது செய்து கட்சிகளை தடை செய்தால் தமிழகம் அமைதி பூங்காவாக மாறும்... தமிழினம் காப்போம்...,Offensive_Targeted_Insult_Individual,Offensive_Targeted_Insult_Group,Not_offensive
சிவகங்கை கோனார் சமுதாயம் சார்பாக இந்த திரைப்படத்தை குடும்பத்துடன் சென்று பார்க்க வேண்டுகோள் வைக்கிறேன்.,Not_offensive,Not_offensive,Not_offensive
Veveru vayasula antha kadhaloda unarchi edhirpaarpu kurumbuthanam idhellam epdi irukumnu intha padathula nalla terium polaye...love @different stages @different status,Not_offensive,Not_offensive,Not_offensive
124k likes in one hour Thala bloods hit like,Not_offensive,Not_offensive,Not_offensive
Paaaaahhhhhh This isn't not a Remake THALA nail it,Not_offensive,Not_offensive,Not_offensive
22k dislikes oru vela visay pans a irupanugalo,Offensive_Targeted_Insult_Individual,Offensive_Targeted_Insult_Group,Offensive_Untargetede
வெகுநாட்களாக இப்படி ஓரு படம் எடுக்கமாட்டார்களா எனக் காத்திருந்தவர்கள் சார்பாக வாழ்த்துகிறேன்...,Not_offensive,Not_offensive,Not_offensive
Trailer nalaa thaa iruku anaa ungalaa mari nangalaum trainkuu bomb vaichaaa KAAPPAANUU solla matrangaa THALIBAANUU soluvangalayee 🤣🤣🤣🤣🤣🤣,Offensive_Targeted_Insult_Group,Not_offensive,Not_offensive
Idu oru short flim da kekka bekka,Not_offensive,Not_offensive,Not_offensive
s3 got 10m views...surya fans did it...,Not_offensive,Not_offensive,Not_offensive
தெகிடி அசோக் செல்வன் comeback...sema டீசர்,Not_offensive,Not_offensive,Not_offensive
மனிதநேயமிக்க மனித குல சார்பாக படம் வெற்றிபெற வாழ்த்துக்கள்,Not_offensive,Not_offensive,Not_offensive
2m views in 4hrs! Adra adraaa...,Not_offensive,Not_offensive,Not_offensive
Rajini mass forever Hit like if you agree,Not_offensive,Not_offensive,Not_offensive
Thalaivaaaaa Marana Mass celebration 🥰🤗🧨,Not_offensive,Not_offensive,Not_offensive
"Intha katha neja valkaiyila unmma, Anna intha nelema athiriki kudda varakhudathe 🤕",Not_offensive,Not_offensive,Not_offensive
Love u dhanush anna semma massss,Not_offensive,Not_offensive,Not_offensive
Padam confirm floppu sorry no disrespect,Offensive_Targeted_Insult_Group,Not_offensive,Offensive_Targeted_Insult_Group
semma mass pakka family entertainerah irruka poguthu,Not_offensive,Not_offensive,Not_offensive
s3 teaser in 3 weeks 7.5million views but bairavaa got 10million views in 3 weeks,Not_offensive,Not_offensive,Not_offensive
Teasereya peramandrama irukeya trailer atha Veda Hmm sema,Not_offensive,Not_offensive,Not_offensive
படம் பெயர் mental nu வச்சி இருக்கலாம்,Offensive_Untargetede,Offensive_Targeted_Insult_Individual,Not_offensive
காசுக்காக காதலித்தால் அந்த லூசுகளுக்கு கல்லரைதான் #திரௌபதி,Not_offensive,Not_offensive,Not_offensive
Kajal Agarwal fans hit like here,Not_offensive,Not_offensive,Not_offensive
Nee engitta vilayaada la yeman kitta,Offensive_Untargetede,Offensive_Untargetede,Offensive_Targeted_Insult_Individual
சீறு திரைப்படம் வெற்றிபெற தல ரசிகர்கள் சார்பாக வாழ்த்துக்கள்...,Not_offensive,Not_offensive,Not_offensive
Vuffff that bgm 🥰🥰 semaya iruku,Not_offensive,Not_offensive,Not_offensive
Appu gelah ipol lam pombelah kadike kastum.. Kadichethu vechi santosama irugeh,Not_offensive,Offensive_Targeted_Insult_Individual,Offensive_Untargetede
Ranjith vanthu karthik suburaj kita vangi kudi da.. Ithan padam.. Ithu than trailer,Offensive_Targeted_Insult_Individual,Not_offensive,Not_offensive
Triler ivalo komedy appo padam,Not_offensive,Not_offensive,Not_offensive
Thalabathy rasikanda... Hai இன்டைக்கு நிரைய பேர்ட்ட இல்லாத கெட்டபலக்கம் ஏங்கிட்ட இருக்குது... Vlayadalama...,Not_offensive,Not_offensive,Not_offensive
"After nadodigal 2 relese review- nadodigal 1 tha best, Antha alavuku ilai, sasikumarum anjaliyum kathikitae irukaga",Offensive_Targeted_Insult_Group,Not_offensive,Not_offensive
Kal 3 packet noodles khayi thi BC tab bhi isse kam tatti kari aaj,not-Tamil,Not_offensive,not-Tamil
Thalaivar Paraaak!! Make way for Superstar,Not_offensive,Not_offensive,Not_offensive
Ellorum video ku like pannunga...,Not_offensive,Not_offensive,Not_offensive
முக்குலத்து சார்பாக படம் வெற்றி பெற வாழ்த்துக்கள் சாமி பா‌ண்டிய‌ன்,Not_offensive,Not_offensive,Not_offensive
ATB from Pawan Kalyan fans thala da,Not_offensive,Not_offensive,Not_offensive
Thalaiva Ni padam Mattum Nadi adhuvae podhum...arasiyal vendam... Niyae paran Ni Evlo masssss ha erukanu,Not_offensive,Not_offensive,Not_offensive
Vera 11 vjs anna fans like podunga🤩,Not_offensive,Not_offensive,Not_offensive
Padam pattu trailer vachu compare pannravaga yaarum irukingala,Not_offensive,Offensive_Untargetede,Not_offensive
Na arasiyaluku varathu vuruthi dei bangam paniteenga da,Offensive_Targeted_Insult_Group,Offensive_Targeted_Insult_Group,Offensive_Untargetede
படம் வெறித்தனமாய் இருக்கும் போல பிகில் கூட இருந்தா நல்லா இருக்கு,Not_offensive,Not_offensive,Not_offensive
poradakudathu nuu sonna rajni lusu pundayaa...karnataka kee thorathee adipom...ini tamil Nada tamizhan thaan aalaanum,Offensive_Targeted_Insult_Individual,Not_offensive,Offensive_Targeted_Insult_Group
padam climax la thalapathy(Micheal) vantha epdi irukum,Not_offensive,Not_offensive,Not_offensive
"Thalaivaaaaaa chance illa my god enna style, mass, gethu, nakkal ohh body fulla adurudu...Love u Thalaivaaaaaaa",Not_offensive,Not_offensive,Not_offensive
teaser.. Suma paka massss...ajak fans vairu eritha,Offensive_Targeted_Insult_Group,Not_offensive,Not_offensive
"சாதிகள் இல்லையடி பாப்பா, சாதிச்சலுகை மட்டும் வேண்டுமடி பாப்பா...",Not_offensive,Not_offensive,Not_offensive
சக்திமான் காப்பாற்றுவார் என நினைத்து கீழே விழுந்ததில் கோமாவுக்கு பொய்டாறோ...,Not_offensive,Not_offensive,Offensive_Targeted_Insult_Group
Kgf miss panniten...na theatre la pakka pora 1st kannada film ASN ah iruka pogudhu,Not_offensive,Not_offensive,Not_offensive
Thala Phoenix Paravai!!! Poradameh avan pogamaatan!!! YOU WILL SEE MY RAGE!!! PHAITIYAM PUDIKIRA MATIRI IRUKE!!! THAALLAAAA SIKIRAM VANGA!!!,Not_offensive,Not_offensive,Not_offensive
"ஒரு ஜாதியை சொல்லி அரசியல்,அராஜகம் பண்ணும் பரதேசிகளுக்கு இந்த படம் ஒரு சவுக்கடி,இதுபோல சவுக்கடிகள் இனி தொடர்ந்து விழும்,,,,",Offensive_Targeted_Insult_Group,Offensive_Targeted_Insult_Group,Not_offensive
Comments eathanum adha Vida like kandipa eariyae aganum pa 1.5m cross pananum,Not_offensive,Not_offensive,Not_offensive
ungaluku vaiyasagala...solli 15 varusam irukum...rocking thalaiva...,Not_offensive,Not_offensive,Not_offensive
thalaiva comedy king nee vaa thalaiva,Not_offensive,Not_offensive,Not_offensive
Oscar award ku mela award erutha thagada enga thalaivan actioning evalo mass eruku,Not_offensive,Not_offensive,Not_offensive
Enna da hip hop Thalapathy padathukku srikkura thala padathukku srikka matraa,Offensive_Targeted_Insult_Individual,Not_offensive,Not_offensive
Hindi language main q nhi release hotii hai yrr,not-Tamil,not-Tamil,not-Tamil
Mokka Thu... Ena solradhu coffee sollunga thatha kum pethikum loves...,Offensive_Targeted_Insult_Group,Offensive_Untargetede,Offensive_Untargetede
allu vittruchu thalaivaaaaaaaaaaaaaaaaaa... ithu than marana mass... mathavanellam waste...,Not_offensive,Not_offensive,Not_offensive
Semma padam Vera level vara podhudhanush&vetri maran semma combination,Not_offensive,Not_offensive,Not_offensive
Enaku ennamo cinematography serial la vara mari thonuthu 🤔,Not_offensive,Not_offensive,Not_offensive
Cinematography... At peak.. love nirav sha,Not_offensive,Not_offensive,Not_offensive
உன் கூட இருக்கிறது சந்தோஷம் எங்கிறதை விட நீ தான் என் சந்தோஷமா இருக்க..,Not_offensive,Not_offensive,Not_offensive
"Pangali gala Thala Ajith oda 60 movie ethuvaraikum paaka tha alavuku verithanama irukanum, yenna na sollurathu",Not_offensive,Not_offensive,Not_offensive
Make up konjam kooda illa but semma mass vj anna,Not_offensive,Not_offensive,Not_offensive
2:00 vaseekaran turns into akshay kumar,Not_offensive,Not_offensive,Not_offensive
"Intha Deepavali Ku Oru tharamana padam varapoguthu, so kandippa thalapathi Ku adutha padam tharamana kathai ah irukkum #LokeshKanagaraj",Not_offensive,Not_offensive,Not_offensive
sambhavam? sir etha mean pannurenga,Offensive_Untargetede,Not_offensive,Not_offensive
என்ன மயிரு ட்ரைலெர்ட்டா இது ஒன்னும் புரியல 🤦‍,Offensive_Untargetede,Not_offensive,Not_offensive
Ohh.. Vera level hip hop broe,Not_offensive,Not_offensive,Not_offensive
Kannadiga and tamizhans like here,Not_offensive,Not_offensive,Not_offensive
"இயக்குனரை வன்மையாக கண்டிக்கிறேன். நாடக காதல் என்கிறீர்கள், அதற்கான ஆதாரத்தை உங்களால் காட்ட முடியுமா. உண்மை தெரியாமல் படமெடுத்துள்ளான் முட்டாள் இயக்குனர்.. காதலில் சாதியை புகுத்தி மனிதர்களை பிரிக்காதீரீகள்.",Not_offensive,Not_offensive,Not_offensive
Sir trailer please Hindi mein dubbing karao,not-Tamil,Not_offensive,not-Tamil
By today 13.2M views n 511K likes,Not_offensive,Not_offensive,Not_offensive
"Saavaratha irunthalum sanda pottu saaganum, bayanthu kaalla vizhunthu saaga kudathu. #Tharam",Offensive_Untargetede,Offensive_Untargetede,Offensive_Untargetede
Tharamana sambavam great vetri maran and dhanush,Offensive_Targeted_Insult_Individual,Not_offensive,Not_offensive
Oohhhyoyo Avara screen'la kovama paakra sugame thaniii,Not_offensive,Not_offensive,Not_offensive
Kaapan trending no 1 any surya anna fans like here,Not_offensive,Not_offensive,Not_offensive
Iron man ku voice koduthu. Movie ah kevalapaditala. Entha movie flop aerum,Offensive_Untargetede,Offensive_Targeted_Insult_Individual,Offensive_Targeted_Insult_Group
Avalavu nalla illai.. I'm not a superstar hater. kooda Complex aakurangaloonu ninaikuran,Offensive_Untargetede,Offensive_Untargetede,Offensive_Untargetede
Padam pathathukku appuravum trailer pathavunge like podunge fan from kerala,Offensive_Targeted_Insult_Other,Not_offensive,Not_offensive
THALA 6O ku aavathu atleast pre announcement pannunga,Not_offensive,Not_offensive,Not_offensive
சூர்யா அண்ணா செம்ம குத்து ட்ரெய்லர் என் ஜி கே வேற லெவல் நடிகரை படம் எல்லாமே ஹிட் தலைவா ட்ரெய்லரை வச்சு செஞ்சுரி செஞ்சிருக்கீங்க சூர்யா அண்ணா,Not_offensive,Not_offensive,Not_offensive
"vera level thala, en channel ku oru sub podunga thala veriyarkala, ungaluku kodi nandrigal",Not_offensive,Not_offensive,Not_offensive
Thala naa Mass Thala naa Class Thala naa Gethu daa,Not_offensive,Not_offensive,Not_offensive
Seeman annana bakkara mathiriaa Eruku ungala batha super suriya,Not_offensive,Not_offensive,Not_offensive
Intha movie yathu thalaivanuku come back ah irukanum,Not_offensive,Not_offensive,Not_offensive
1.41 bgm ku yaru lam addict Naan aagiten ‍ Neeinga?,Not_offensive,Not_offensive,Offensive_Untargetede
goosebums yaaaa eppaa enna traioleru norukungada like buttonaa,Not_offensive,Not_offensive,Offensive_Untargetede
Trailer bangam youv shankar yepaya ni ippadi oru padam rajini vechi yeduka pora yepapar robo gobo ni poya,Offensive_Untargetede,Offensive_Targeted_Insult_Group,Offensive_Targeted_Insult_Individual
400K left for 15M views,Not_offensive,Not_offensive,Not_offensive
Padam release aagradhukula pathu million views varanum,Not_offensive,Not_offensive,Not_offensive
Padathu padam best actor nu jayam ravi prof pannitey irukaru,Not_offensive,Not_offensive,Not_offensive
vjs nna dialogueaa venam andha oru sirrippu andha getha oru sirippu merattita brother,Not_offensive,Not_offensive,Not_offensive
"I am Pawan kalyan fan and also like vijay movies,",Not_offensive,Not_offensive,Not_offensive
Teaser la ye thalaivar payangaram kattitaru,Not_offensive,Not_offensive,Not_offensive
Thalaiva marana waiting... Super star mass nu katringa...,Not_offensive,Not_offensive,Not_offensive
Adei dhaadi vacha aala paatha anbumani ramadoss maathri iruke,Not_offensive,Offensive_Targeted_Insult_Individual,Offensive_Untargetede
Intha padathula varum jaathi karuthukkalaal India 2020 Abdul Kalam aasai niraivu adaya vaalthukkal,Not_offensive,Not_offensive,Not_offensive
"என்ன எல்லா பொட்ட பசங்கலும் ஒன்னு கூடுரீங்க போல., உங்க வீரத்த பொல்லாச்சி ரேப் நாய்கலிடம் காட்டுங்க டா,. ஓத்தா சுல்லி பொருக்குர நாய்ங்க பெரிய பணக்கார பருப்பு மாதிரி ஓலா ஓட்டுவான்க..",Offensive_Targeted_Insult_Group,Offensive_Targeted_Insult_Group,Offensive_Targeted_Insult_Group
Manusha vera level la irukaru,Not_offensive,Not_offensive,Not_offensive
Super munadi veyra yedumay Ella..,Not_offensive,Not_offensive,Not_offensive
இவனுங்க இன்னும் 40 வருடம் பின்னாடி தான் போரணுக..,Not_offensive,Not_offensive,Not_offensive
Sir releg movie in Hindi also,Not_offensive,Not_offensive,Not_offensive
Super thaliva intha mathiri padangal kandippa varanum...padam vetri pera vaazhththukkal,Not_offensive,Not_offensive,Not_offensive
"Petta padathukku wait pannravanga like pannuga, VISVASAM waiters comment pannuga...please",Not_offensive,Not_offensive,Not_offensive
Nan intha book ippo than padichukittu irukken,Not_offensive,Not_offensive,Not_offensive
Thala rocks sema smart pa,Not_offensive,Not_offensive,Not_offensive
கமண்ட்ல கூட சாதி கூதி னு வாழ்த்து சொல்ல வந்துதானுங்க..,Offensive_Targeted_Insult_Group,Not_offensive,Not_offensive
"Namba orrula dhaanda pei dance aadum, romance pannum, fight pannum, football aadum...",Not_offensive,Not_offensive,Not_offensive
singam 2 is better. Idhu over scene'uu...!,Not_offensive,Not_offensive,Not_offensive
மானங்கெட்டவங்களா! சாதிய ஒழிக்கலாம் ன்னு இங்க போராடிட்டு இருந்தா இந்த தேவடியாப்புள்ளிங்க வளக்குறதுலயே குறியா இருக்கானுங்க,Offensive_Targeted_Insult_Group,Offensive_Targeted_Insult_Group,Not_offensive
Sirappana tharamana sampavankalai inimedha pakka pora,Not_offensive,Not_offensive,Not_offensive
As usual vijay movie. Let see,Not_offensive,Not_offensive,Not_offensive
நாடார் சமுதாயத்தின் சார்பாக இந்த திரைபடம் மிக பெரிய வெற்றி அடைய வாழ்த்துக்கள்,Not_offensive,Not_offensive,Not_offensive
"#Nerkondaparvai padam citizen,vidhi padathirkku piragu oru arumayana Court scene ah irukkumunnunnu பட்சிசொல்லுது",Not_offensive,Not_offensive,Not_offensive
வன்னியர் பேரவை சார்பாக இந்த படம் திரைக்கு வருவதற்கு எல்ல சட்ட சிக்கலும் தீர்ப்பதற்கு உதவி செய்வோம் எத்தனை லட்சங்கள் செலவு செய்தாவது படத்தை திரை இடுவோம்.,Not_offensive,Not_offensive,Not_offensive
Enangada NKP theme music ah potu vachirukinga,Offensive_Untargetede,Not_offensive,Offensive_Untargetede
Last hope for Suriya after NGK,Not_offensive,Not_offensive,Not_offensive
121k like 92k views enna வெறித்தனம்,Offensive_Untargetede,Not_offensive,Not_offensive
Hope it is not Rekka 2,Offensive_Targeted_Insult_Individual,Not_offensive,Not_offensive
Nearing 4M views... semma allu for dhukka deepavali fans...,Offensive_Targeted_Insult_Group,Not_offensive,Not_offensive
Daii Suriya ku heroine enga daw???,Offensive_Targeted_Insult_Other,Not_offensive,Offensive_Targeted_Insult_Individual
Arjun sir and sk padam yeppadi irukkum,Offensive_Targeted_Insult_Other,Not_offensive,Not_offensive
வந்தவாசி சட்டமன்ற தொகுதி சார்பாக வாழ்த்துக்கள் வெற்றி,Not_offensive,Not_offensive,Not_offensive
Indha movie la yaar hero,Not_offensive,Not_offensive,Not_offensive
masssssssss na thalapathy theriiiiiiiiiiiiiiiiiiiiiiiiiiiiiiiiiiiiiiiiiiiiiiiiiiiiiiiiiiiii i am waiting,Not_offensive,Not_offensive,Not_offensive
"வன்னியர், உடையார்,கவுண்டர்,நாடார்,செட்டியார்,சவ்ரஷ்ட்ரா,தேவர்,பிள்ளைமார்,அனைவரும் இப்படத்தை வரவேற் கிறார்கள் ஒரு சாதியை தவிர அது SC.",Not_offensive,Not_offensive,Not_offensive
karthick subburaj movie nale maas ah thaan irukum,Not_offensive,Not_offensive,Not_offensive
seemanனின் தாக்கம் இருக்குது படத்தில்...எனது வாழ்த்துக்கள்... surya sir...,Not_offensive,Not_offensive,Not_offensive
Kennedy club - Aan adakkanum song ah appadiye bgm Ku use Panna Maari irukku,Not_offensive,Not_offensive,Offensive_Targeted_Insult_Individual
Pongal ku tharamaana sirapaana sambavam irukku,Not_offensive,Not_offensive,Not_offensive
Thala always gethu dha,Not_offensive,Not_offensive,Not_offensive
Kerii vaa THALAIVAA.. #SURYABLOODS KERALA,Not_offensive,Not_offensive,Not_offensive
Super super super super music and bgm.,Not_offensive,Not_offensive,Not_offensive
THALAPATHY KU NERAYA SIRIKIRAN 🤣 THALA KI KAMMI AH SIRIKIRAN 🤣 ADHA YAARU KAVANISHINGA,Offensive_Targeted_Insult_Group,Offensive_Targeted_Insult_Individual,not-Tamil
இப்போதான் அங்க ஒருத்தன் குத்துது குண்டி எரியுதுன்னு சொல்லிட்டு வருவான்,Offensive_Targeted_Insult_Individual,Not_offensive,Offensive_Targeted_Insult_Group
Kaappaan tha kapathanum meendu va singame,Not_offensive,Not_offensive,Not_offensive
Soorarai pottru teaser paathutu vanthavanga like podunga,Not_offensive,Not_offensive,Not_offensive
எத்தனை பெற்றவர்களின் வயிற்றில் அடிக்கும் பணியை செய்து இருப்பர்,Not_offensive,Not_offensive,Not_offensive
vera vera vera mathri panitinga broooo,Not_offensive,Not_offensive,Not_offensive
வாவ்...தளபதி... நாயகன்..அக்னி நட்சத்திரம் வரிசையில் செக்க சிவந்த வானம்...செம,Not_offensive,Not_offensive,Not_offensive
Hip hop tamizhakku disease varathu because Vaai vittu sirithal noi vittu povum,Offensive_Targeted_Insult_Individual,Not_offensive,Not_offensive
Na oru thalaivar veriyan...intha padam pakanum innu nenaichen...ahna trailer pathuttu mudivu pannitten..kandippa padam pakka matten.,Offensive_Targeted_Insult_Group,Not_offensive,Not_offensive
Mass Katringa ponga,Not_offensive,Not_offensive,Not_offensive
Hey bro nd sis thappa eduituikadinga solluranu unga caste layum nallavanga kettavanga iruikanga avnga caste layum nalllavanga kettavnga iruikanga ada vida highlite ungala vachi arasiyal seryiruga,Not_offensive,Not_offensive,Not_offensive
Aiyooo thookam kuda varamatikidhu da.. Thala ya paathute irukanum pola oru feel uh,Not_offensive,Offensive_Untargetede,Not_offensive
படம் வேற லெவல் ஆ இருக்கபோகுது படம் பாக்க மரன வெயிட்டிங்ல இருப்பவங்க லைக் பன்னுங்க,Not_offensive,Not_offensive,Not_offensive
தனிப்பட்ட சாதி அடையாளங்கள் எதற்கு!!!? மனிதனை மனிதனாய் பார்க்க பழகுவோம்... தவறு செய்தவர்கள் யாராக இருந்தாலும் தண்டிக்க பட வேண்டும்.. பிரிவினை வேண்டாம் மனிதர்களே,Not_offensive,Not_offensive,Not_offensive
"Ayioooooo THALA,, SEMA, AM EXCITED TO UR SCREEN,,,,,,,",Not_offensive,Not_offensive,Not_offensive
Excellent visuals.. Tease looks excellent.. Congrats to #vaazhl team,Not_offensive,Not_offensive,Not_offensive
Omg...kannkana looks like absolutely amma,Not_offensive,Not_offensive,Not_offensive
Raana Anna semma na neega super trailer na,Not_offensive,Not_offensive,Not_offensive
"மதுரை முக்குலத்தோர் சார்பாக வாழ்த்துக்கள். டிரெய்லர் சிறப்பு மிகச்சிறப்பு...,,,",Not_offensive,Not_offensive,Not_offensive
5 m Super 10 millon varathukku help pannunga pleas,Not_offensive,Not_offensive,Not_offensive
Vijay fans like here for Thalaivar petta parrak,Not_offensive,Not_offensive,Not_offensive
thalaiva unaku epadhan vayasu agum?,Offensive_Targeted_Insult_Individual,Not_offensive,Not_offensive
Nalla velea thalapathiya mattum thaan intha padathulea kaatuniganaa kadupu airupan nalla velea enga kadavul thalayaiyum kaati irrukinga itthukagavea padathuku povom..,Not_offensive,Not_offensive,Not_offensive
Bgm Vera level.. Yuvan rocks,Not_offensive,Not_offensive,Not_offensive
Surya annan vijay annante pillerdu vijayasamsakal...From kerala,not-Tamil,not-Tamil,Not_offensive
Big fan of akshay Kumar hit like,Not_offensive,Not_offensive,Not_offensive
Idhuvaraikkum vivegam trailer ku like pannatha Ajith fans like podunga,Not_offensive,Not_offensive,Not_offensive
கோயமுத்தூர் கவுண்டனின் சார்பாக இந்த படம் வெற்றி அடைய வாழ்த்துக்கள்னு மாத்தரோ சொல்லி முடிச்சர போரது இல்ல படம் திரைக்கு வந்த அந்த நாள் முழுவதும் திரையரங்குலதா இருக்க போற எவ்வளவு முறை படத்த போடுராங்களோ அவ்வளவு முறையு பாக்க போற,Not_offensive,Not_offensive,Not_offensive
திருவண்ணமலை அகமுடையார் சார்பாக படம் வெற்றி பெற வாழ்த்துக்கள்.,Not_offensive,Not_offensive,Not_offensive
2.O lot looks likes ready player one,Not_offensive,Not_offensive,Not_offensive
ஒரு திருட்டு நாய்க்கு இந்த வீடியோ போட்டு காட்டுங்க...,Offensive_Targeted_Insult_Other,Not_offensive,Offensive_Targeted_Insult_Group
Pettai release aana odane tamilrockers illana isaimini le paaka poravunga hit like here,Not_offensive,Not_offensive,Not_offensive
Dei intha soori innum intha comedyellam vidalayaada,Offensive_Untargetede,Offensive_Targeted_Insult_Individual,Offensive_Untargetede
Karnataka Rocky Bhai (Yash) Fans Hit likes,Not_offensive,not-Tamil,Not_offensive
Masss bigil enna etha parungka pa,Not_offensive,Not_offensive,Offensive_Targeted_Insult_Individual
Trailer nala iruku patam mu nala iruku nu yathir pakara,Not_offensive,Not_offensive,Not_offensive
Kola verila erukan...ranjith mela...kolaama vidamaten avana...,Offensive_Targeted_Insult_Individual,Offensive_Untargetede,Offensive_Untargetede
"Vera level i,m waiting for comaliiiiiii",Not_offensive,Not_offensive,Not_offensive
Otha padam vera level ah irukum pola.thala mass,Not_offensive,Not_offensive,Not_offensive
Marana mass nu ninaikkiravanga mattum like pannunga,Not_offensive,Not_offensive,Not_offensive
Hollywood allaviku irakku paravailla pada nallairukkam nanikka,Not_offensive,Not_offensive,Not_offensive
கொங்கு வேளாளக்கவுண்டர் சமூகத்தின் சார்பாக இத்திரைப்படத்தை வெற்றிபடமாக்க சபதமேற்போம்,Not_offensive,Not_offensive,Not_offensive
கவரா நாயுடு மக்கள் சார்பாக படம் வெற்றி பெற வாழ்த்துக்கள்,Not_offensive,Not_offensive,Not_offensive
I am sorry Adhi Bro Na mudhala Dravupathii Padathukuu DHA povan sorry,Not_offensive,Not_offensive,Not_offensive
Draupathi sollitu Vikram vedha bgm potturukkanga,Not_offensive,Not_offensive,Not_offensive
Not an selvaragavan film...it's an Suriya film,Not_offensive,Not_offensive,Not_offensive
Movie savadi vera level poo..thalaivar thalaivar thaa..mass,Not_offensive,Not_offensive,Not_offensive
தென் மாவட்ட நாடார்கள் சார்பாக படம் வெற்றி பெற வாழ்த்துக்கள் கண்டிப்பாக இந்த படத்தை நண்பர்களுடன் தியேட்டரில் சென்று பார்ப்போம்,Not_offensive,Not_offensive,Not_offensive
thala pola varuma!!! thala dawwww,Not_offensive,Not_offensive,Not_offensive
Kakaikku than kunju PON kunju thala racigan da,Not_offensive,Not_offensive,Not_offensive
Teaser paatha mattum pathathu... Share pannanum mukkiyama download panni share pannama link ah share pannunga frds,Not_offensive,Not_offensive,Not_offensive
bila india hina polis malaysia...kita tunggu pula malaysia buat filem hina polis india yg rasuah teruk pulak...jelaka punya penerbit,not-Tamil,not-Tamil,not-Tamil
கருணாநிதி குடும்பத்தின் கதையை பேயர் மாற்றி எடுக்கின்றனர் வாழ்த்துக்கள் இதை உன்னிப்பாக கவனித்து பாருங்கள் தெரியும்,Not_offensive,Not_offensive,Not_offensive
duniya ka sabse bda admi shah rukh khan zero best 2.0 bekar,not-Tamil,Not_offensive,not-Tamil
ethirile evan vanthalum eeri methichitt poyitte iruppe,Offensive_Untargetede,Not_offensive,Not_offensive
Starting music mild aah aarambichu poga poga mass aah kaatitenga...thala daaa...waiting for viswasm,Not_offensive,Not_offensive,Not_offensive
Asurathanamaana acting padathula paatha apram varavanga mattum like pannunga pa Vera level verithanam nanpa 🤩🤩🤩,Not_offensive,Not_offensive,Not_offensive
VERIYETHANUM LIKES REACH 4LAKS GIVE MORE VIEWS,Not_offensive,Not_offensive,Not_offensive
ALL BOYS BAAHUBALI TRAILER RECORD VIEWS= 8 CRORE LIKES= 7 LAKS SO 2 DAYS BEAT PANNA LIKE PANNU GIVEUP,Not_offensive,Not_offensive,Not_offensive
Comment panna adutha nimsamey like varudhu thala fans vera leval,Not_offensive,Not_offensive,Not_offensive
நாடோடிகள் பார்ட் 1 போல இந்த படமும் ஹிட் அடிக்கிறது கஷ்டம் தான் பா sorry,Offensive_Targeted_Insult_Group,Not_offensive,Not_offensive
Thalaiva ne than gethu... varum paar...,Not_offensive,Not_offensive,Not_offensive
"Adikara veyiluku senthil, goundamani, vadivelu, Santhanam Ella hero va theriaranga,,",Not_offensive,Not_offensive,Not_offensive
Dislike பன்னுன அனைவரும் அடங்கமறு குருமா பாய்ஸ்தான் இருக்கனும் நெனெக்கிறேன்,Not_offensive,Offensive_Targeted_Insult_Group,Offensive_Targeted_Insult_Group
Unga jathi perumaiya katta yenda adutha jathi karangala kevala paduthuringa... ottumothama tamizhana perumai paduthara mari padam edukkama jathi vaariya pirichi padam edukuranunga... inthanala thanda varavan poravan la nammala seruppala adikiran...,Not_offensive,Not_offensive,Not_offensive
Aravind samy: unaku yaaravdhu pazhaiya friend irukangla??! Nambathey..,Not_offensive,Not_offensive,Not_offensive
Yeneke yennomo intha trailer kinemaster la edit panna mari irruke editor namba alla irrepare pola,Not_offensive,Not_offensive,Offensive_Untargetede
Mgr - Rajini - vijay... justified,Not_offensive,Offensive_Targeted_Insult_Individual,Not_offensive
Mass iruku eppo entha padam varum I love u vikram,Not_offensive,Not_offensive,Not_offensive
Thala super thala i love u,Not_offensive,Not_offensive,Not_offensive
okkkala oli... finishing la vara bgm... vayiru kalakirchu vera level,Offensive_Targeted_Insult_Group,Not_offensive,Offensive_Untargetede
"entta ipti sathi sathinnu sinna vattathukulla adanchu irukinga, atha vittu veliya vanga da, adayalaththa thoranthu ella nattulayum poi valara mari irukanum",Not_offensive,Not_offensive,Offensive_Targeted_Insult_Group
hiooo padama ithuuuu vera levelu trailera epaaaa thaaallllllaaaaaa patha aganum samaa,Not_offensive,Not_offensive,Not_offensive
Ongammala kuttu va pundaila vadai sudurom,Offensive_Untargetede,Not_offensive,Offensive_Targeted_Insult_Group
"Stupids.. Rajini 1996'le Sonnathu Vera. Aana Ippo Varaikkum Rajini'ye Target Panringee. Mr Jayam Ravi..Its Not Your Vijay. Its Rajini.Sonathe kandippa seivaru. Vijay mathiri Fans kitte Kaasu Vangikittu, taanam tarmam seiyarathu",Offensive_Targeted_Insult_Individual,Offensive_Targeted_Insult_Individual,Offensive_Targeted_Insult_Group
1:40 sec Intha scene kagavey movie ku polamnu soldravanga podra likes eh,Not_offensive,Not_offensive,Not_offensive
எங்களுக்கு மண்ணு பொண்ணு ரெண்டுமே முக்கியம்அதுல எவன் கைய வெச்சாலும் வெட்டுவோம்தரம்vera levelEagerly waiting for this movie,Not_offensive,Not_offensive,Not_offensive
Massssssssss Movieeeeeee...Waiting to see in big screen,Not_offensive,Not_offensive,Not_offensive
Padipa mattum namma kitta irunthu eduthuka mudiyathu la oru Varthai thalaiva,Not_offensive,Not_offensive,Not_offensive
comali na coma VA da,Offensive_Targeted_Insult_Group,Offensive_Targeted_Insult_Group,Offensive_Untargetede
4 dislike potta antha arrivali ga yaru,Not_offensive,Offensive_Untargetede,Offensive_Untargetede
Super thala...semaaaaaaaaaa...I love u my dear Thala,Not_offensive,Not_offensive,Not_offensive
வீர வன்னியர் சார்பாக இப்படம் மாபெரும் வெற்றி பெற வாழ்த்துக்கள்,Not_offensive,Not_offensive,Not_offensive
Therikum trailer of 2019...NGK la Surya mass kaaturaru...Surya fans hit like,Not_offensive,Not_offensive,Not_offensive
ரொம்ப நாளைக்கு அப்புறமா ஒரு மாஸ் டிரைலர் குமாரா வாடா நீ,Not_offensive,Not_offensive,Not_offensive
super Anna pataiya kelapudhu I m waiting for movie,Not_offensive,Not_offensive,Not_offensive
Enakku bgm pudikkala waste bgm old bgm,Offensive_Untargetede,Offensive_Targeted_Insult_Group,Not_offensive
#திரௌபதி கொங்கு வெள்ளாளர் கவுண்டர் சார்பகா இந்த திரைப்படம் வெற்றியடைய வாழ்த்துகிறோம் By NR Brothers Hosur,Not_offensive,Not_offensive,Not_offensive
"inga ore oru super star dhan,,,adhu enga thalaivar mattum dhan",Not_offensive,Not_offensive,Not_offensive
"Ennapa GV, bgm viswasam matri iruku.. athukula copy adicha epudi..",Offensive_Untargetede,Offensive_Untargetede,Offensive_Untargetede
Evlo girls intha trilar pathutu like potinga... link share paninga... like panunga,Not_offensive,Not_offensive,Not_offensive
I'm klaudias daughter I'm Indian and egiptston,Not_offensive,Not_offensive,Not_offensive
Sorry to say Action king Arjun sir kaagaa movie pakka poren,Not_offensive,Not_offensive,Not_offensive
BEST WISHES FROM MEGASTAR MAMMOOTTY FANS KERALA,Not_offensive,Not_offensive,Not_offensive
உண்மைக்கு மிக நெருக்கமான ஒரு படைப்பாக இந்த திரௌபதி தீப்பந்தம் ஏந்தி வருகிறாள்! நீதி வெல்லட்டும்!,Not_offensive,Not_offensive,Not_offensive
Last sounds looks like kathi tunnel out sound,Offensive_Targeted_Insult_Individual,Not_offensive,Not_offensive
Ranjith edutha dhan puratchiii padama???... Idhuvum puratchiii padam dhann... Waitinggg... Tharama sambavam irukuuu diii,Not_offensive,Not_offensive,Not_offensive
"Singam illa asingam, Marana mokka trailer",Offensive_Targeted_Insult_Group,Offensive_Targeted_Insult_Individual,Offensive_Untargetede
yepavum single star thaaa athu..enga super star thaaaaa,Not_offensive,Not_offensive,Not_offensive
Ennaa daa sedhukki vechirukkeenga frame by frame...,Not_offensive,Not_offensive,Not_offensive
Ivaru periya jokeru ellathukum sirikiraru poda dei,Offensive_Untargetede,Offensive_Targeted_Insult_Individual,Offensive_Targeted_Insult_Individual
Jeeva ku trailers mattum release aguthu..,Not_offensive,Not_offensive,Not_offensive
Adei AL Vijay. Thalaivaa padathukku unnaiyum Vijaiyaiyum vachi senjadhukku badhiladi kodukkara polarukku. Adhuvum andha Amma sethadhuku apuram.,Offensive_Targeted_Insult_Group,Offensive_Targeted_Insult_Group,Not_offensive
Sanda pootu saaganum... Sema ending,Offensive_Untargetede,Offensive_Untargetede,Not_offensive
Intha comment section la type pannuna anaivarum avanga jaathi ponna thavira Vera yaarayum sight kooda adika maatanga. Apdi sight adicha Avan oru aambala thevidiyaa,Offensive_Targeted_Insult_Group,Offensive_Targeted_Insult_Group,Not_offensive
Ith polikkum jayan ravi kidukki Frm kerala Waiting miruthan 2,not-Tamil,Not_offensive,not-Tamil
Surya sir live pathutu trailer pakuravange irukingala #ngk on fire may 31,Not_offensive,Not_offensive,Not_offensive
As A Thalapathy Fan.. Goiyaale.. Padam Kandippa Block Buster daa!,Not_offensive,Not_offensive,Not_offensive
6 million views in just one day,Not_offensive,Not_offensive,Not_offensive
Story belong to Devandra kulam vellalar,Not_offensive,Not_offensive,Not_offensive
Ipa varaikum star na athu saratharana visiyam illa...,Not_offensive,Not_offensive,Not_offensive
Yaralaa 1.5 gb video pakuruku pathame pogudhu,Not_offensive,Not_offensive,Not_offensive
Thala Ena Thala ketta mass ah irukiyae,Not_offensive,Not_offensive,Not_offensive
எங்க வீட்டு பெண்கள் தான் எங்களுடைய கௌரவம். என் வீட்டு பெண்ணை தொட்டா கண்டிப்பாக வெட்டுவேன். ஒடுக்கப்பட்ட சமூகம் என்ற போர்வைக்குள் அவர்கள் செய்யும் அநியாயங்களை தட்டிக்கேட்கும் இந்தத் திரைப்படம். தஞ்சை - கள்ளர் மறவர் அகமுடையார் ஆகிய முக்குலத்தோர் சார்பாக இத்திரைப்படம் வெற்றி பெற வாழ்த்துகிறேன். பசும்பொன் முத்துராமலிங்கத் தேவர் தெய்வமாக துணை நிற்பார் வாழ்த்துக்கள்,Offensive_Targeted_Insult_Group,Not_offensive,Not_offensive
Thala u r alwayz vera level...,Not_offensive,Not_offensive,Not_offensive
Padam Partha piragu Niraya Per like Poduvanga Pola.,Not_offensive,Not_offensive,Not_offensive
Ithokke dislike adikkan vendi kure myrukal,Offensive_Targeted_Insult_Other,Offensive_Untargetede,Offensive_Untargetede
Bgm and scene vere levele sink aayirukku...feel like ratsasan movie,Not_offensive,Not_offensive,Not_offensive
Indh domer eniki kathuratha nipatrano aniki dha urupaduvan!!!chaiii,Offensive_Untargetede,Not_offensive,Offensive_Targeted_Insult_Individual
Thala rasigan endru solluda Thalai nimirnthu nilluda,Not_offensive,Not_offensive,Not_offensive
Tamil mindunna oru PM. Ayale kakkan varuna oru Tamil MIndunna black cat. Villain Mar okke Tamil MIndunnu. First half avar hero ine adikkunu. Second Half hero thirichadikunu. 5 fight. 4 paatu. OK padam.,Offensive_Targeted_Insult_Group,Not_offensive,Not_offensive
coming soon thala ne Vera leval semaaaa..,Not_offensive,Not_offensive,Not_offensive
இந்த டிரைலருக்கு வாழ்த்து சொல்லும் எல்லோரும் தவறான வழியில் பிறந்தவர்கள் என்று சொன்னால் அது மிகையாகாது...,Offensive_Targeted_Insult_Group,Not_offensive,Not_offensive
Vijay Anna rocks IlaiyaThalapathy Vijay rocks I'm Waiting Thalaiva,Not_offensive,Not_offensive,Not_offensive
மயிருக்கு கருமை தரும் கறிவேப்பிலையின் கருமை தமிழ் மூக்கனாங் கயிருக்கு அஞ்சா ௭ருமையின் திமிா் தமிழ்! அறிய மக்கள் தொலைக்காட்சி செய்திகளை யூ டியூப் ல் காணுங்கள் நன்றி.,Not_offensive,Not_offensive,Not_offensive
Dailyum thala ya pakkama irukka mudiyala,Not_offensive,Not_offensive,Not_offensive
indha padathukaprom aadhi sirikradhu na ena ney marandhruvar,Offensive_Targeted_Insult_Individual,Not_offensive,Not_offensive
Lalettan Surya Lalettan fans Surya fans undengil like,not-Tamil,Not_offensive,Not_offensive
Mass ivara minja yarum illa porakavum illa,Not_offensive,Not_offensive,Not_offensive
Akshay kumar 1st dialog olunga kekala... Ennadu paah adu??? Cell phone vechu irruka ovovruthanu...???,Offensive_Untargetede,Offensive_Untargetede,Offensive_Targeted_Insult_Individual
Ellarum oru tharava joora kai thattunga.,Not_offensive,Not_offensive,Not_offensive
"ஆகா சிம்பு விஜய்சேதுபதி காமினேஷன்!வைரமுத்து வரிகள்,ரகுமான் இசை,மணிரத்னம் இயக்கம்.ஜோ,அருண்விஜய் என நட்சத்திரக்கூட்டம்.மிகுந்த எதிர்ப்பார்பு மக்களிடத்தில்! சிம்பு இன்ட்ரோ சாங் அள்ளுது! ஏய்...தீ வந்து சென்றனை!...",Not_offensive,Not_offensive,Not_offensive
super 1.38..sc seen #TEMPLETEAM,Not_offensive,Not_offensive,Not_offensive
380 k view and 200k like awesome,Not_offensive,Not_offensive,Not_offensive
Super Ravi uncle My ultimate hero,Not_offensive,Not_offensive,Not_offensive
Wow. Ithu 96 yaara yamatha paakkura,Offensive_Untargetede,Offensive_Targeted_Insult_Group,Not_offensive
varalam varalam va bairavaa. superb. theri baby,Not_offensive,Not_offensive,Not_offensive
Video pakaraduku munadi like panta..sama trailer,Not_offensive,Not_offensive,Not_offensive
Music dev padthukku potu michamirukkuratha koduthirukkarunu serious ah nenaikkuren minus point of teaser music innum better ah irundirukkalam,Not_offensive,Not_offensive,Not_offensive
Thalaivaa vaa vaa...Thaa evanum kitta vara kudadhu,Not_offensive,Not_offensive,Not_offensive
Super bro rajinikanth rajinikanth rajinikanth rajinikanth,Not_offensive,Not_offensive,Not_offensive
Arjun sir hero level mass,Not_offensive,Not_offensive,Not_offensive
Joaquin Phoenix: Am I a joke to you,Not_offensive,Not_offensive,Not_offensive
Nta ponno vere level🤗 SURYA LALETTAN,Not_offensive,Not_offensive,Not_offensive
12 min 62k likes... Super,Not_offensive,Not_offensive,Not_offensive
G***mala thala tucker doi!!! Film blockbuster!!,Not_offensive,Not_offensive,Not_offensive
Trailer day sep 4 #kaappaan,Not_offensive,Not_offensive,Not_offensive
அரசியல் padam ந அது சர்கார் படம்தான் அரசியல் வாதி ga. மக்களை epdila முட்டால் laga yamathitu irukkanuga னு sarkar படத்துல தெள்ள தெளிவா kattirupanga sarkar movie ல வர Mathiri tha. ipo namma naadtoda nilama,Offensive_Targeted_Insult_Group,Not_offensive,Offensive_Targeted_Insult_Group
"அம்மனம் பெண்ணுக்கு மட்டும் தான் அசிங்கமா???உணக்கு இல்லையான்னு அந்த ஈனப் பிறவியை அம்மணமா கட்டிப்போட்டு உதைச்சிகிட்டே வசனம் பேசியதை, நேற்று நாள் முழுக்க கேட்டுக்கொண்டே இருந்தேன்.. சுமார் 300 முறைக்கு மேல் இருக்கும்",Not_offensive,Offensive_Targeted_Insult_Group,Offensive_Targeted_Insult_Group
222k lyks 8.5M views..gethu thalaivaa nee,Not_offensive,Not_offensive,Not_offensive
I am first like and viewer,Not_offensive,Not_offensive,Not_offensive
Maranama iereke...massa iereke... Petta parak... 🤙🤙,Not_offensive,Not_offensive,Not_offensive
ரஞ்சித் & மாரி செல்வராஜ் = மோகன் நீ வா அண்ணா நாகா இருக்கும் ( dai மாரி செல்வராஜ் & ரஞ்சித் உங்களுக்கு serupu அடி,Offensive_Targeted_Insult_Group,Not_offensive,Not_offensive
"வந்துட்டானுங்க தட்ட தூக்கிட்ட சாதி இல்லைனு பிச்ச எடுக்க. இப்ப தானேடா அடுத்த சாட்டைனு ஒரு Flop குடுத்திங்க, அதுக்குள்ள அடுத்து ஒன்னா",Offensive_Targeted_Insult_Group,Offensive_Targeted_Insult_Group,Offensive_Targeted_Insult_Group
என்ன மாதிரி காலையிலேயே View Check பன்ன வந்தவங்க யாரு...'''...,Not_offensive,Not_offensive,Not_offensive
Mysskin sir camera man ta vanguna work massss ah iruku trailer la,Not_offensive,Not_offensive,Not_offensive
Hey ithu 96 yaara eamatha pakkura ultimate,Not_offensive,Offensive_Untargetede,Not_offensive
varlan varlan va bairavaa... dhala fans enga aalaiyee kaanam...,Offensive_Targeted_Insult_Group,Not_offensive,Offensive_Targeted_Insult_Individual
Lowest investment then biggest Money earning offer Any one intrested msg me on whatsapp 7448660012 மிக குறைந்த முதலிடு மிக அதிகமான வருமாணம் விருப்பம் உள்ளவர்கள் தொடர்பு கொள்ள வேண்டிய Whatsapp எண்: 7448660012 நிங்கள் தரும் பணத்திற்கு Na Guarenty,Offensive_Targeted_Insult_Group,Not_offensive,Not_offensive
Kola gaandu la irukkan! Sweet sapadu porom! Style ah? Naturally...,Offensive_Untargetede,Offensive_Untargetede,Offensive_Untargetede
After this movie thalaiyoda level summa roket mari mela parakum neenga rumba nallayirukanam thala,Not_offensive,Not_offensive,Not_offensive
Surya fan ek like to bantahai,Not_offensive,Not_offensive,not-Tamil
Nadikrathukunu vanthta nadikanum...enniya ithu... old thala,Offensive_Targeted_Insult_Individual,Not_offensive,Not_offensive
Finally Kangana Assassinated Jayalalitha,Offensive_Targeted_Insult_Individual,Not_offensive,Not_offensive
Rangaraj pande ipodhan theridhu neenga en thandhi tv la irundhu vandhinga,Offensive_Targeted_Insult_Individual,Not_offensive,Not_offensive
Super star is back... Pakka blockbuster ## thank u karthik subbaraj,Not_offensive,Not_offensive,Not_offensive
Eppadithan super hero aakanum endu kadaisila kaanama peithiduvanga.,Offensive_Untargetede,Not_offensive,Not_offensive
"Hats off to Mohan, தைரியமா இந்த மாதிரி ஒரு கதைய எடுத்த துக்கு...இது பல சில இயக்குனர்களுக்கும், ஜாதி ஓட்டு வங்கர்துகு சில அரசியல்வாதி, நாய்களுக்கும் ஒரு செருப்படியா இருக்கும்... படம் வெற்றிபெற வாழ்த்துக்கள்...",Offensive_Targeted_Insult_Group,Not_offensive,Offensive_Targeted_Insult_Group
Unmai sonnal kasakkutho. Mohan avarkalin patham thottu vanangukiren,Not_offensive,Not_offensive,Not_offensive
waw unmaya Vera leval super star Rajinikanth mattum vera lavel,Not_offensive,Not_offensive,Not_offensive
Tharamana serupadi iruku silla naaygaluku sema,Offensive_Targeted_Insult_Other,Offensive_Untargetede,Not_offensive
ஹிட் ஆன படத்த பார்த்து ஃபலாப் ஆக போர படம் சிரிக்கக் கூடாது.,Offensive_Targeted_Insult_Group,Not_offensive,Not_offensive
01:23 peppy aa sema music U1,Not_offensive,Not_offensive,Not_offensive
Director name lae iruku...avaroda movie epdi nu...,Not_offensive,Offensive_Untargetede,Not_offensive
Finally I will see ponniyin selvan via chekka chivantha vaanam,Not_offensive,Not_offensive,Not_offensive
50 k views 88 k likes epdiya,Offensive_Untargetede,Not_offensive,Not_offensive
Ada pavingala nega ninaikura maari ithu caste ah perumaiya pesura padam ila da...padam patha than ungaluku puriyum...athukulaa cmt alluthu ponga..,Not_offensive,Offensive_Targeted_Insult_Group,Offensive_Targeted_Insult_Group
Thalada all India Thala kottai,Not_offensive,Not_offensive,Not_offensive
Because time travel time kadakumpothan nadakum,Not_offensive,Not_offensive,Not_offensive
Dislike pannavanungalam Jealous aghi Raththam kakki than saavanunga,Offensive_Untargetede,Offensive_Untargetede,Offensive_Untargetede
Pwolichu... vj... We r waitggggggggggggggg...!!!,Not_offensive,Not_offensive,Not_offensive
Enga erukura comments padikirapo pitchakaranuku support pitchankaran comedy than da neyabagam varudhu.. endha naai padathuku support panni ethana naai kathitu eruku,Offensive_Targeted_Insult_Group,Offensive_Targeted_Insult_Individual,Offensive_Targeted_Insult_Group
மத்த நடிகர்கள இதுவரை பொது வெளியிலோ முறைமுகமாகவோ தன் சினிமாவிலோ கேளியோ கிண்டலோ பண்ணமால் நடித்த ஒரே நடிகர் ரஜினிகாந்த அதானால தான் 40 வருஷமா NO 1 நாற்காலில உக்காந்து இருக்காரு நல்லதே நினை நல்லதே நடக்கும் அதான் தலைவர் #ரஜினி,Not_offensive,Offensive_Targeted_Insult_Individual,Not_offensive
Kichadi padhiri ella English padathaiyum mix panni irrukkan shankar. Vera level pavam,Offensive_Targeted_Insult_Individual,Not_offensive,Not_offensive
Ithu than rajini padam mathiri irukku,Not_offensive,Not_offensive,Not_offensive
Ipovae above 20 tyms ku mela paathavanga like pannunga,Not_offensive,Not_offensive,Not_offensive
Mohan. g s Real darbar!!!,Not_offensive,Not_offensive,Not_offensive
Padamna ithu pola jolly ah edungapa...be Happy,Not_offensive,Not_offensive,Not_offensive
Indha padam eduthu trailer vitinga paru AAMBALA ya neee... vazhthukkal Mohan G Tharamana sambavam,Not_offensive,Not_offensive,Not_offensive
varlam varlam va bairavaa were waiting for you thalivaaa..,Not_offensive,Not_offensive,Not_offensive
long time no see such a nice trailer! adipoli,Not_offensive,Not_offensive,Not_offensive
yarelllam Bigil Paathutu Kaithi Pakka POvinga,Offensive_Targeted_Insult_Group,Offensive_Targeted_Insult_Individual,Offensive_Targeted_Insult_Individual
Bgm seme... Its a selvaragavan movie.. Mass waiting. Epavume selvaragavana mass dhan... Selvaragavan fans,Not_offensive,Not_offensive,Not_offensive
திரௌபதி திரௌபதினு DPல Frame வச்சா மட்டும் போதாது படத்த தேட்டர்ல போயி பாக்கனும் படம் முக்கியம் மக்கா,Not_offensive,Not_offensive,Not_offensive
"Trailer... வேற லெவல்... பல நாடக காதலின் உண்மை முகத்தை தோலுரிக்கும் காவியம், பலருக்கு செருப்பை சாணியில் முக்கி அடிக்க காத்திருக்கிறது... First day first show Conform...",Offensive_Targeted_Insult_Group,Not_offensive,Not_offensive
தஞ்சாவூர் உடையார் சார்பாக படம் வெற்றியடைய வாழ்த்துக்கள்,Not_offensive,Not_offensive,Not_offensive
Tim tok se eder kon aaya,not-Tamil,not-Tamil,not-Tamil
Unlike pannava ava amma Ellam item tha,Offensive_Targeted_Insult_Group,Offensive_Targeted_Insult_Group,Offensive_Untargetede
Thalaiva.parunga epdi kindal pandranuganu...parthu panunga avlo than soluven,Offensive_Untargetede,Not_offensive,Not_offensive
வன்னியர் பெண்களுக்கு மட்டும் இல்ல நண்பா எல்லா சமூக பெண்களுக்கும் தான் நாடக காதலிலிருந்து நிறைய சமூகப் பெண்கள் பாதிக்கப்பட்டு இருக்கின்றார்கள் அவருக்கெல்லாம் இந்தப் படம் சமர்ப்பணம்,Not_offensive,Offensive_Targeted_Insult_Group,Not_offensive
நான் யருங்காரத எப்பவுமே நான் முடிவு பண்றதில்லை. என் எதிர்ல நிக்கரவங்கதான் முடிவு பண்ணுவாங்க..,Offensive_Untargetede,Not_offensive,Not_offensive
தேவன் நாயகன் கவுண்ட வன்னியன் னு நம்ம நீ பெரிய ஆலா நான் பெரிய ஆலா நமக்குள்ள எந்த ஒற்றுமை இல்லாமல் இருக்காரனால தான் டா கண்டவன் லாம் நம்ம விட்டு பொண்ணுங்க மூலமா நம்ம விட்டு குள்ள வரான்,Not_offensive,Not_offensive,Offensive_Targeted_Insult_Group
Kumbakonam la porantha oruthan... World level la padam edukkuraan..Hats off Shankar,Not_offensive,Not_offensive,Not_offensive
எவ்வளவு கமேண்ட்க்குதான் லைக் போடுறது.. லைக் போட்டு கை வலிக்குது.. கமேண்ட் படிச்சா சிலிர்க்குது.. திரௌபதி மிரட்டுகிறாள்..,Not_offensive,Offensive_Targeted_Insult_Group,Not_offensive
OMG ninaichi pakatha alavuku sema trailer ma...,Not_offensive,Not_offensive,Not_offensive
"Kathuravanga, semma semma nu paaraturavanga ipaye paaratikonga.. padam epdiyum odadhu.. odum nu nambika irundha indha comment ku padam 1 week odura varaikum reply pannadheenga.. 1 day dhaanduradhey romba kashtam nu nenacha matum ipaye reply pannu..🤭",Not_offensive,Not_offensive,Not_offensive
Yaara seruppala adikkanum nu thonuthu Like---kaithi Comment-Bigil nu poduravanayaa illa Like---Bigil Comment---Kaithi nu poduravanayaa Like for 1 Comment for 2,Offensive_Targeted_Insult_Group,Offensive_Targeted_Insult_Individual,Not_offensive
டிரைலர் நல்லா இருக்கு ப்ரோ படம் எப்ப ரிலீஸ் ஆகப்போகுது ப்ரோ நாங்க படம் பார்க்க ஆவலுடன் காத்திருக்கிறோம்,Not_offensive,Not_offensive,Not_offensive
Samuthirakani love ah ada amam sunaina cute girl,Not_offensive,Not_offensive,Not_offensive
Gommala ravi badu thevidiya paya rajini pola sappu,Offensive_Targeted_Insult_Individual,Offensive_Targeted_Insult_Individual,Offensive_Targeted_Insult_Individual
நிறைய பேர்கிட்ட இல்லாத ஒரு கெட்ட பழக்கம் என்கிட்ட இருக்குது,Not_offensive,Not_offensive,Not_offensive
Verithanam Dhanush anna Sambavam iruku...,Not_offensive,Not_offensive,Not_offensive
അകലെ film ee januvariyil viriyuma... Bgm,not-Tamil,not-Tamil,not-Tamil
Cell phone ah kaanoomaaaa appoooo Siva Kumar ah thaan keatkanum..oorela Iruka yellaa phoneayum veri thanama veattayaadraan yaaa🤣,Offensive_Untargetede,Not_offensive,Not_offensive
Indha moviekku wait pannuravanga comali commentukku like pannunga it's my cmt,Not_offensive,Not_offensive,Not_offensive
Daily 10 times ku intha trailer pakuran.,Not_offensive,Not_offensive,Not_offensive
Dislike panna eppadi dhN manasu varudho🤕🤕,Not_offensive,Not_offensive,Offensive_Untargetede
Odra atha Odra atha Vera level bangam,Offensive_Targeted_Insult_Group,Not_offensive,Not_offensive
0.42 killer look marana waiting,Not_offensive,Not_offensive,Not_offensive
Kekka bekka Short Film maaru Ungaluku Therinja Like Podunga,Not_offensive,Not_offensive,Not_offensive
Copy adikkalam aanea ippadi copy pannadhinga Hollywood a paathu,Offensive_Untargetede,Offensive_Untargetede,Offensive_Untargetede
thala meracle pannerukkaru sema sema sema masssssssssssss...thalada...,Not_offensive,Not_offensive,Not_offensive
Super...thala always mass...chancey illai...ethana time vaenaalum paathutey irukalaam,Not_offensive,Not_offensive,Not_offensive
"ஏற்கனவே ஊராட்சி தேர்தலில் வச்சு செஞ்சுட்டாங்க..அதிமுக மற்றும் திமுக கூட்டணியில் உள்ள அனைத்து கட்சிகளும் ஓரளவு சொல்லும்படியாக வெற்றி பெற்றுள்ளன,ஒரே ஒரு கட்சியை தவிர விசிக.இனி இந்த படம் வந்தால் கூட்டணி வைக்க ஆளே கிடைக்காது..",Not_offensive,Not_offensive,Not_offensive
"ѕírrrrrrrrrrrrrr plzzzzzzzz. tєlugu tєαѕєrrrr... plzzzzzzz,",Not_offensive,Not_offensive,Not_offensive
Dei ipo ithu ena pana trending no 1 varum...,Not_offensive,Offensive_Untargetede,Offensive_Untargetede
epa release I am waiting chiyaan Rasigan Da,Not_offensive,Not_offensive,Not_offensive
மாயா மச்சிந்தர் சமுதாயம் சார்பாக வாழ்த்துக்களை தெரிவித்துக்கொள்கிறேன்,Not_offensive,Not_offensive,Not_offensive
My first like for vijay's movie trailer,Not_offensive,Not_offensive,Not_offensive
Adei indha ulagathula siripu dhan nallathunu nenacha...!! Ini siricha pocha,Not_offensive,Offensive_Untargetede,Offensive_Untargetede
Omg thalaivaar pandey erukaraa vera level la eruku padam,Not_offensive,Not_offensive,Not_offensive
"தெரிஞ்ச எதிரிய விட, தெரியாத எதிரிக்கு தான் அல்லூ. வா வா வா தலைவா!!!",Not_offensive,Not_offensive,Not_offensive
Namma tha vedappu Selva + surya + yuvan + communism Vera enna venu,Not_offensive,Not_offensive,Not_offensive
vera level Film ah iruka podhu... suriya Yuvan Selva🤗,Not_offensive,Not_offensive,Not_offensive
Dislike pannavankalku koonjam kooda rasanai ae ila...thalaivar vera levelll,Offensive_Untargetede,Offensive_Untargetede,Offensive_Untargetede
ONE.AND ONLY SUPERSTAR SEMMA KALAKKAL...HAPPY PONGAL ALL STAR FANS AND SUPERSTAR FANS...,Not_offensive,Not_offensive,Not_offensive
"thala u r great, enna aasirvatham panuga",Not_offensive,Not_offensive,Not_offensive
Yuvan music vera level,Not_offensive,Not_offensive,Not_offensive
இந்த நாட்டுல ஒவ்வொண்ணும் ஒருவிதமான பைத்தியம்..\r \r அவனுக்கு... இந்த நாட்டுமேலயே பைத்தியம் WOW... what a FANTASTIC DIALOGUE...,Not_offensive,Not_offensive,Not_offensive
செமையா இருக்கு விஜய் சேதுபதி அரவிந்த்சாமி சிம்பு அருண் விஜய் செம செம மாஸ் மணிரத்தினம் படத்தோட சவாலான மூவி,Not_offensive,Not_offensive,Not_offensive
படம் வெற்றி பெற பொண்ஜாதி நண்பர்கள் சார்பாக வாழ்த்துகள்,Not_offensive,Not_offensive,Not_offensive
Haa bhai kidr gye vo log jo bolre the teaser ghatiya hai iska VFX faltu hai issss flimmm ke,not-Tamil,not-Tamil,not-Tamil
நாடககாதல் விசிக கும்பலுக்கும் தெருமாவளவன் போன்றவர்களுக்கு செருப்படி,Not_offensive,Offensive_Targeted_Insult_Group,Offensive_Targeted_Insult_Group
Thirumavalava dai otha... nanga vanniyakula satriyan da.,Offensive_Targeted_Insult_Individual,Offensive_Untargetede,Offensive_Untargetede
Thala veriyans intha video vaa paruga,Not_offensive,Not_offensive,Not_offensive
Inikki my birthday wish pannalaame nanbargale,Not_offensive,Not_offensive,Not_offensive
Ethu vera vera vera vera level trilore,Not_offensive,Not_offensive,Not_offensive
1:59 - 2:02 vasigaran turns into Akshay,Not_offensive,Not_offensive,Not_offensive
Thalapathy Fans Who likes Nadippin Nayakan Hit like...,Not_offensive,Not_offensive,Not_offensive
சாதி இருக்க கூடாதுனு தான் இந்த படம். கமென்ட்ல #சாதி சொல்லி போடாதிங்க,Not_offensive,Offensive_Targeted_Insult_Group,Not_offensive
Sema.... Kathirukirom... release kaga.,Not_offensive,Not_offensive,Not_offensive
நல்லா படிங்க இல்ல திறமையை வளர்த்து ஒரு நல்ல நிலைக்கு வந்த பிறகு காதல கம்பீரமா சொல்லுங்க. நாடக காதல் செய்து எதற்கு பெண் பிள்ளைகளின் மனதை கெடுத்து அவர்கள் வாழ்க்கையை கெடுக்கிறீர்கள். இதை பெண் பிள்ளைகளை பெற்ற தலித் பெற்றோர்களே ஒத்துகொள்வார்கள்.,Not_offensive,Offensive_Targeted_Insult_Group,Not_offensive
இது ஒரு மட்டமான படமாக தான் வரும்.. Blue சட்டை க்கு செம விருந்து,Not_offensive,Not_offensive,Not_offensive
தரமான செருப்படி சில நாடக காதல் கூட்டத்திற்கு மென்மேலும் வளர வாழ்த்துக்கள்,Offensive_Targeted_Insult_Group,Not_offensive,Not_offensive
"Vere level, katta waiting Lalettan surya",Not_offensive,Not_offensive,Not_offensive
Yuvan mattum thaa bgm King,Not_offensive,Not_offensive,Not_offensive
Ak unnudaiya thalai viduthlai paattu super,Not_offensive,Not_offensive,Not_offensive
200 k in just 7 hours!!!,Not_offensive,Not_offensive,Not_offensive
Ae.. Idhu 96'u.. Yara yaemathureenga,Not_offensive,Not_offensive,Not_offensive
Marana mass na idhu than rajini da,Not_offensive,Not_offensive,Not_offensive
Seriyana serupadi. Kutham panavam ninchu kuru kurunu irukum. Ponnuga life ha yamathi pala kudumbatha azijudu poravanku serupadi,Not_offensive,Offensive_Targeted_Insult_Group,Offensive_Targeted_Insult_Individual
Kothigala tamilaru nodi comments madtre bidro nivu yaakro over agi Tamil trailer nalli comments madta iddira,not-Tamil,not-Tamil,not-Tamil
I think antha last dialogue intha dislike pannavanungalukku thaan,Offensive_Untargetede,Offensive_Untargetede,Offensive_Untargetede
ஜாதி ஒழிக்க அடுத்தவன் வீட்டு பெண்னைக்கட்டனும் சொல்லுவான்...ஆனால் ஜாதியை ஒழிக்கனும் னா மொதல ஜாதி சான்றிதழ்யும் சலுகை ஒழிக்கனு சொல்லிப்பாரு வாய மூடிப்பான்... எல்லா சமூகத்திலும் ஏழைகள் இருக்கிறார்கள் சாதிப்பார்த்து சலுகை வழங்கக்கூடாது,Offensive_Targeted_Insult_Group,Not_offensive,Not_offensive
Teejay anna va nadika vachathuku thanks vetri maaran sir,Not_offensive,Not_offensive,Not_offensive
Wai Veri nice filam sir congraculation,Not_offensive,Not_offensive,Not_offensive
Sema நான்கு துருவங்கள் நச்சுனு விஜய் சேது அரவிந்த் சிம்பு அருண் விஜய்,Not_offensive,Not_offensive,Not_offensive
Nan arasiayaluku varuvathu uruthi... Hey ithu 96 uu yara yamatha pakarenga,Offensive_Targeted_Insult_Other,Offensive_Targeted_Insult_Group,Offensive_Untargetede
1:04 To 1:13 Dialogue Vera Level,Not_offensive,Not_offensive,Not_offensive
Wowwww adi dool..osm...semma mass pola ituku aishvarya rajesh srilankan pola tamil pesraga.nu nenikran,Not_offensive,Not_offensive,Not_offensive
Sema maran kola massss.director hand's up sir.,Not_offensive,Not_offensive,Not_offensive
Evanda antha moonu peru dislike pannuthu... Kirukanungaal... Super story...,Offensive_Targeted_Insult_Group,Offensive_Untargetede,Offensive_Untargetede
E A C T I O N,Not_offensive,Not_offensive,Not_offensive
Suryakku ethu hair stylum suitable anennu thonniyavar like adikkukuka..,Not_offensive,Not_offensive,Not_offensive
கேரளா நம்பூதிரி சார்பாக படம் வெற்றிபெற வாழ்த்துகள்,Not_offensive,Not_offensive,Not_offensive
Waah!!! Nadippin nayagan as a real thalaivaa!!,Not_offensive,Not_offensive,Not_offensive
Chumma like pottu vudunga kaasa panama,Not_offensive,Not_offensive,Not_offensive
Bollywood kalank se bhi better film hoga,not-Tamil,not-Tamil,not-Tamil
Yenada trailer ithu ippadi iruku - THALA na THALATHAndaaa mass daa,Not_offensive,Not_offensive,Not_offensive
Suriya Mass look hjr music Vera level paaaa,Not_offensive,Not_offensive,Not_offensive
Saagarathaa iruththalum senda seinchi saaganum diwali ku,Offensive_Untargetede,Not_offensive,Not_offensive
"Rajni vs vj sethubathi marana combo, I AM waiting",Not_offensive,Not_offensive,Not_offensive
After Watching first Song Promo... Gama Gama Gama Gama Samayal...,Not_offensive,Not_offensive,Not_offensive
Pa.ranjith mathiri aluka avanukala pathi soona Purachiyama nama panna athu jathiveriyama intha padam theatre la odalana entha padamum odakutathu,Offensive_Targeted_Insult_Individual,Not_offensive,Not_offensive
Enge pa Ammai Fans Ah Kannom? Close pannithu Poithangela? Naan Vayya Sonne... HAhahahaha... Poda Ammaingela,Offensive_Targeted_Insult_Group,Not_offensive,Offensive_Targeted_Insult_Group
90 s kids love vijaysethupathi,Not_offensive,Not_offensive,Not_offensive
NGK KERALA FANS SHOW TICKET HEAVY DEAMAND VEERITHANAM OVER LOADING,Not_offensive,Not_offensive,Not_offensive
Thalaiva #திரௌபதி trailer vera level current situation ku thevaiyana movie,Not_offensive,Not_offensive,Not_offensive
4 Million views 343k Likes #Vivegam mass Hollywood look thalaaaaa,Not_offensive,Not_offensive,Not_offensive
Only arjun sir & Ivana ga paka poran Nan,Offensive_Untargetede,Not_offensive,Not_offensive
நான் அரசியலுக்கு வருவேன் 🤣🤣 இணுமா நீ வர,Offensive_Targeted_Insult_Individual,Not_offensive,Offensive_Targeted_Insult_Group
Siddiqui and Rajni sir + sambalpuri music...superhit,Not_offensive,Not_offensive,Not_offensive
Padam pathadhuku apram pathavaga mattum like poduga papom,Not_offensive,Not_offensive,Not_offensive
டெல்டா மாவீரன் அழகுமுத்துக்கோன் பேரவை சார்பாக படம் வெற்றி பெற வாழ்த்துக்கள்,Not_offensive,Not_offensive,Not_offensive
Bgm lite ah vikram vedha movie bgm sync aaguthu...,Not_offensive,Not_offensive,Not_offensive
My aim is lawyer but enala aga mudiyala sila karanagala but En THALAya antha lawyerla pakkurapa romba happyyyaaaa iruku,Not_offensive,Not_offensive,Not_offensive
jaby Koay ka reaction aya rahega abhi tak,not-Tamil,Not_offensive,not-Tamil
Rajni kanth and Vijay sethupahi Maas.,Not_offensive,Not_offensive,Not_offensive
Anils ku vairu eriuthu pola,Offensive_Targeted_Insult_Individual,Offensive_Untargetede,Offensive_Targeted_Insult_Individual
Suriya Anna...Ethana getup... U r the one &only Nadippin Naayagan,Not_offensive,Not_offensive,Not_offensive
திரௌபதி திரைபடத்தை விரைவில் எதிர்பார்த்து நாடக காதல் கும்பலுக்கு இப்படம் ஒரு சவாலாக அமைய வேண்டும் இப்படத்தை எதிர்பவனெல்லாம் நாடக காதல் கும்பல சேர்ந்தவனாதான் இருப்பான் திருவாரூர் மாவட்ட தேவர்பேரவை சார்பாக திரைக்கு வந்து இப்படம் வெற்றியடைய வாழ்த்துக்கள்,Not_offensive,Not_offensive,Not_offensive
KEKKA BEKKA SHORT FILM...KATHAI ROMBA PALASU,Offensive_Targeted_Insult_Group,Not_offensive,Not_offensive
Ada Enna ma nee...KK na Kadaram Kondan...ithu kooda theriyatha,Not_offensive,Not_offensive,Offensive_Untargetede
Waiting for kaithi i am Karthi fan,Not_offensive,Not_offensive,Not_offensive
உங்க பொண்ணுங்க மேல உங்களுக்கே நம்பிக்கை இல்ல...,Not_offensive,Not_offensive,Not_offensive
likuu varanummm athu enkalukku mattumthan varanumm.. eppa sollunga nanga nallvangala kettavangala..,Offensive_Targeted_Insult_Individual,Not_offensive,Not_offensive
Suriya annan ishtam. Teaser and Trailer Vere level da machi... Naanka #kaaathiripom NGK...,Not_offensive,Not_offensive,Not_offensive
мaѕѕ waιтιng ғor ԹҽԵԵɑ,Not_offensive,Not_offensive,not-Tamil
Teaser konjam tha purium...main picture vera leval la irukumla...,Not_offensive,Not_offensive,Not_offensive
Irukku namakku vera level enjoyment irukku Trailer eh summa therikka viduthu,Not_offensive,Not_offensive,Not_offensive
Dhanush Anna Love u Anna,Not_offensive,Not_offensive,Not_offensive
Ennda Kathara Kathu Goi nguthu la Speaker ehh theva illada samy,Offensive_Targeted_Insult_Individual,Not_offensive,Offensive_Untargetede
Vergin ponnuga ippo 100%Ku ippo 5% irukkuthu thala sema correcta kettingaa,Not_offensive,Not_offensive,Not_offensive
Idukudan title aa naan sirital intu vachingala,Not_offensive,Not_offensive,Not_offensive
Tamil fans opinion nodana anta open madidre nive comment madidralro,not-Tamil,Not_offensive,not-Tamil
Sai pallavi and yuvan Shankar raja fans like ah podunga,Not_offensive,Not_offensive,Not_offensive
Ada paavingala first part la vandha tata sumo car ah Innum ah da maintain pandrenga!!!,Offensive_Targeted_Insult_Group,Offensive_Targeted_Insult_Group,Offensive_Untargetede
Ada paavingala keka baka keka baka movie scenes da 1st scene aaaa,Offensive_Targeted_Insult_Group,Not_offensive,Offensive_Untargetede
am waiting vj anna mass da,Not_offensive,Not_offensive,Not_offensive
Dhanush Anna Vera level.getup Ennu soldravinga mattum like podunga.,Not_offensive,Not_offensive,Not_offensive
varanoo mass varanoo,Not_offensive,Not_offensive,Not_offensive
Idhey mari na oru shortfilm pathurukaney,Not_offensive,Not_offensive,Not_offensive
NOTE IT ON RELEASING THIS MOVIE VIEWS 12M LIKES 255K SUBSCRIBE 72K COMMENTS 16K,Not_offensive,Not_offensive,Not_offensive
Pengalukku nadakkartha sollurathukkum jathikum enna pa sammatham??? ponnungaluku Support panra mathri jathi veriya katti irukkanga... Pollachila nadantha sampavam la arrest anathu entha castenu sollunga... Nalla irukkura tamil nattula jathi veriya kondu vandhu tanga.,Not_offensive,Not_offensive,Not_offensive
Konjam Irumugan Madhiri irukku...All the best...team,Not_offensive,Not_offensive,Not_offensive
இந்த ட்ரெய்லர் பலருக்கு புரியாமல் இருக்கலாம் அவர்கள் இந்த வீடியோவை பார்த்தால் புரியும். Video link படம் மாபெரும் வெற்றி பெற வாழ்த்துக்கள்,Not_offensive,Not_offensive,Not_offensive
"Ennnada ending la thee mugam song lite a keekuthu..,",Offensive_Untargetede,Not_offensive,Offensive_Untargetede
பாதிக்கப்பட்ட அனைத்து சமுதாய மக்களின் சார்பாக படம் வெற்றி அடைய வாழ்த்துக்கள்,Not_offensive,Not_offensive,Not_offensive
Zero faltu hain lekin 2.0 joss hain,not-Tamil,Not_offensive,not-Tamil
Padam full ahh night la eduthurukanga poola,Not_offensive,Offensive_Untargetede,Not_offensive
இந்த திரைப்படத் இயக்கிய இயக்குனர் அவர்களை மனதார பாராட்டுகிறேன் இந்த திரைப்படம் திரையிடபோது 500 பேரை அழைத்து சென்று என் சொந்த செலவில் அழைத்து செல்வேன்,Not_offensive,Not_offensive,Not_offensive
இராமநாதபுரம் மாவட்டம் தென்கிழக்கு மறவர் நலச்சங்கம் சார்பாக வாழ்த்துக்கள்,Not_offensive,Not_offensive,Not_offensive
Chennai la booking start aagiduchu movie ku,Not_offensive,Not_offensive,Not_offensive
முதுகெலும்பு சிதைந்தும் My game is beyond pain,Not_offensive,Not_offensive,Not_offensive
நல்லா படிச்சு முன்னுக்கு வாங்க டா..ஒழுக்கம் இருந்தாலே மதிப்பு தானா தேடி வரும்...,Not_offensive,Not_offensive,Not_offensive
Nobody can equal Surya even kamal,Offensive_Targeted_Insult_Individual,Not_offensive,Not_offensive
verithanam da..yevan vandhalum vettayadum singam da..,Offensive_Untargetede,Offensive_Untargetede,Not_offensive
Ithula jathiya thandi ponna pathi kathai ithu pakanum,Not_offensive,Not_offensive,Not_offensive
vera level... pakka blockbuster for sure...:) all d best anna (y),Not_offensive,Not_offensive,Not_offensive
"Sathiyama ithu ajith pada trailer ah...Kevalama iruku vera level la yethirpathen,,,, disappointing",Offensive_Targeted_Insult_Individual,Offensive_Targeted_Insult_Group,Not_offensive
Adichi oda da atha oda da atha oda da atha oda da atha oda da atha oda da atha oda da atha 🤣🤣,Not_offensive,Not_offensive,Offensive_Targeted_Insult_Group
வடக்கு வன்னியர் குல சத்ரியர்களின் சார்பில் படம் வெற்றி அடைய வாழ்த்துகிறேம்,Not_offensive,Not_offensive,Not_offensive
Sir nenga Enna than try pannalum Eli yaanai aagathu,Offensive_Targeted_Insult_Individual,Not_offensive,Not_offensive
ரஜினிகாந்த் அவர்கள் நல்ல வாழ்ந்து கெட்ட ஜமீந்தார் போல் வர்றவன் போறவன் எல்லாம் மண்டையில் கொட்றான். அரசியல இது எல்லாம் சாதாரண விஷயமப்பா...,Offensive_Targeted_Insult_Individual,Offensive_Targeted_Insult_Individual,Offensive_Targeted_Insult_Group
Trailer final shot bayangrama iruku,Not_offensive,Not_offensive,Not_offensive
Nice,Not_offensive,Not_offensive,Not_offensive
Rangaraj Pandey: kelviki Enna badil... Ajith: therikavidalamaaaaa!,Not_offensive,Offensive_Targeted_Insult_Individual,Offensive_Targeted_Insult_Individual
ஒரு வன்னியனாக பல வருடம் கடவுளை வேண்டினேன் இப்படி வன்னியர் இனத்திற்கு ஒரு படம் வரவேண்டும் என்று,Not_offensive,Not_offensive,Not_offensive
Ethu rajini padam illa Karthik padam,Not_offensive,Offensive_Targeted_Insult_Individual,Not_offensive
Vera level surya fans like hire,Not_offensive,Not_offensive,Not_offensive
Indha padathukku THERI tavera vera titel porunduma summa therikkudu...,Not_offensive,Not_offensive,Not_offensive
puducherry vanniargal sarbaga padam vetri pera vazhthukkal.director Mohan semma dhillu ji.,Not_offensive,Not_offensive,Not_offensive
Ad la vara mei trailer super... Surya ku arasiyal padam set avalaiyee boss mokkaya eruku...,Offensive_Targeted_Insult_Individual,Not_offensive,Offensive_Targeted_Insult_Group
Ithan padatha matum ranjith pathan vairu erum avanku aiyoo unmiya la solitangaleeee,Offensive_Targeted_Insult_Individual,Not_offensive,Offensive_Targeted_Insult_Individual
Hit like world wide Rajini Sir Fans,Not_offensive,Not_offensive,Not_offensive
Mudila daa ennala siripu adakama iruka mudila daa,Offensive_Untargetede,Not_offensive,Offensive_Targeted_Insult_Individual
96 to 2k16... Rajiniya otitingale gap LA,Offensive_Targeted_Insult_Individual,Not_offensive,Offensive_Targeted_Insult_Individual
"டேய் ஒண்ட ரெண்டு வாழை பழம் கேட்டேன் ஒன்னு இங்கருக்கு இன்னொன்னு எங்கருக்கு,, எனக்குத்தான் புறிலையா இல்லை உங்களுக்கு மா",Offensive_Untargetede,Not_offensive,Offensive_Targeted_Insult_Group
Keela irukkavana kelu da mass dialogue,Not_offensive,Not_offensive,Not_offensive
"views 27,likes 512, dislike 7 OMG fake world",Offensive_Targeted_Insult_Group,Offensive_Untargetede,Offensive_Untargetede
Me mhanto kay garaj hoti?,not-Tamil,not-Tamil,not-Tamil
smiran fans like podunga semma azhaga irukanga 15 yrs back pona mathiri,Not_offensive,Not_offensive,Not_offensive
Look like going to be nice movie.,Not_offensive,Not_offensive,Not_offensive
Vera level trailer December 20 ku waiting,Not_offensive,Not_offensive,Not_offensive
Pakka masss thalaiva Romantic scene ellam vera levela irukum pola,Not_offensive,Not_offensive,Not_offensive
Dai... idhu “Kekka Bekka Kekka Bekka” short film odaiya copy da...,Offensive_Targeted_Insult_Group,Offensive_Targeted_Insult_Group,Offensive_Untargetede
ஒரு தரமான சம்பவம் இருக்கு தரமான,Not_offensive,Not_offensive,Not_offensive
சாதிகளை களை எடுக்கும் காவியமாக இருக்க வாழ்த்துகிறேன்,Not_offensive,Not_offensive,Not_offensive
Inniki yarukellam sivarathiri thala dharisanam sollunga,Not_offensive,Not_offensive,Not_offensive
Nenga ippo tha sumo car aa parakka vitenga ana enga thalaivar eppavo parakka vittutaru #vishal da🤣🤣🤣,Offensive_Targeted_Insult_Group,Not_offensive,Not_offensive
"பரியேரும் பெருமாள்,அசுரன் மாறி 1000 பாடம் வந்தாலும் உங்களுக்கு அறிவு வராது டா... காந்தி சட்ட களுட்டனதுக்கும் Dr அம்பேத்கர் கோர்ட் போட்டதுக்கும் அர்த்தம் இருக்கு டா... ஒரு நாள் எங்க கை ஓங்கு டா...",Not_offensive,Not_offensive,Not_offensive
Guys please support our trailer...,Not_offensive,Not_offensive,Not_offensive
2:14 mission impossible scene suttutingale da...,Offensive_Untargetede,Offensive_Targeted_Insult_Group,Not_offensive
Siruthai shiva sir. Nandri. Idha edhir paarkave illa. Neenga engaiyo poiteenga. Thala mass.,Not_offensive,Not_offensive,Not_offensive
ஓவியம் வரைறவன் தன் புள்ளய்க்கு என்ன சொல்லி தருவான் -ஓவியம் வரைய Correct எங்க அப்பா military டா கோலி விளையாடவா சொல்லி தருவான் #NGKTrailer வெறித்தம்...,Offensive_Targeted_Insult_Group,Not_offensive,Not_offensive
Kettukanga Thala fans... oruthar mela katra visuvasathula matha vangala kevala paduthathinga,Offensive_Untargetede,Not_offensive,Not_offensive
Ratsasan team kita irunthu ipdi oru padam ah,Offensive_Targeted_Insult_Group,Not_offensive,Not_offensive
ha ha ha comedy movie de...,Not_offensive,Not_offensive,Not_offensive
செக்க சிவந்த வானம் கதை: அரவிந்தசாமி அவங்க அப்பாவ கொள்ள ஆளை அனுப்பி சுட்டான்.அனுப்புன ஆளைஅவனே சுட்டான்.அப்புறம் தியாகராஜன் மருமகனை சுட்டான்.அப்புறம் சிம்பு பொண்டாட்டி சாயாவை அருண் விஜய் சுட்டான்.அருண் விஜய் பொண்டாட்டிய அரவிந்தசாமி கஞ்சா கேஸ் ல மாட்டி விட்டான்.அப்புறம் அரவிந்தசாமி மாமனாரை அருண்விஜய் சுட்டான்.அரவிந்தசாமி பொண்டாட்டிய ஜோதிகாவை சிம்பு சுட்டான்.அப்புறம் அரவிந்தசாமி மன்சூரலிகானை சுட்டான்.அரவிந்தசாமியை அருண் விஜய் சுட்டான்.அருண் விஜயை சிம்பு சுட்டான்.கடைசில சிம்புவை விஜய் சேதுபதி சுட்டான்,Offensive_Targeted_Insult_Group,Not_offensive,Offensive_Targeted_Insult_Group
good luck thala from mahesh babu fan. spyder jindabad,Not_offensive,Not_offensive,Not_offensive
Inda trailer 1m lifetime likes kuda vaangadhu polaa,Not_offensive,Not_offensive,Not_offensive
May31 NGK... August 30 kaappaan... 2020 pongal surarai pottru...2020 Diwali suriya39,Not_offensive,Not_offensive,Not_offensive
Nithya menon potruklaam get suit agalada,Not_offensive,Not_offensive,Offensive_Untargetede
கமெண்ட்ஸ் அ பார்த்து ஊருக்குள்ள சிறுத்தை குட்டி லாம் செத்து போச்சி 🤭,Not_offensive,Not_offensive,Not_offensive
Mavamey kollama vidamate... ipo sweet sapaporom,Offensive_Untargetede,Not_offensive,Not_offensive
Movie nalla comedy ya irukum pola... 🤣,Offensive_Targeted_Insult_Individual,Not_offensive,Not_offensive
Yuvan bgm mass. By arr fan,Not_offensive,Not_offensive,Not_offensive
Surya romba naal kapparam nalla movie kudupparunu nambara so all the best NGK team,Not_offensive,Not_offensive,Not_offensive
I did not ever seen a worst movie like this...,Offensive_Targeted_Insult_Group,Offensive_Untargetede,Not_offensive
52K left for 600K likes,Not_offensive,Not_offensive,Not_offensive
Any. fan???,Not_offensive,Not_offensive,Not_offensive
Evalo Peru pink Trailer parthinga like podunga,Not_offensive,Not_offensive,Not_offensive
Ajith boss Veathalam for sister... Vivegam for wife... Visvasam for dauter #nerkonda paarvai PUBLIC ku,Offensive_Untargetede,Not_offensive,Not_offensive
Ajith fans manam ketta jenmangandradhukku indha 3k dislikes oru best example,Offensive_Targeted_Insult_Group,Offensive_Targeted_Insult_Group,Offensive_Untargetede
"ALWAYS KINGGG OF YOU TUBE,evanum mothanumnu nenachalum avanukku Manda bathirammm",Offensive_Untargetede,Not_offensive,Not_offensive
vera level thala unmaiyana ulaippukku epovum vetri da fake reviews thevagu,Not_offensive,Not_offensive,Not_offensive
rava rava rava anil rava birava,Offensive_Targeted_Insult_Individual,Not_offensive,Not_offensive
Viswasam 22m aachu ivaru enana 20 m Ku mukkuraru,Offensive_Targeted_Insult_Individual,Offensive_Targeted_Insult_Individual,Not_offensive
Intha padatha pathe aakanum Thalaivaa aaaaaa...,Not_offensive,Not_offensive,Not_offensive
Prabhu deva fans like me,Not_offensive,Not_offensive,Not_offensive
மண்ணுன்னா அந்த பஞ்சமி நிலமும் மண்ணுதானே அது திருப்பி கொடுத்துடலாமே ஆண்டைகளே அதுக்கெல்லாம் மானம் இருக்கனும்,Not_offensive,Not_offensive,Not_offensive
Kola MASSS vera level marana Waiting for movie,Not_offensive,Not_offensive,Not_offensive
"தமிழ்நாடு 'வீரசைவர்கள்'- (ஜங்கமர், லிங்காயத், பண்டாரம்) சார்பாக படம் வெற்றி பெற வாழ்த்துக்கள்",Not_offensive,Not_offensive,Not_offensive
நாங்களும் சாதியை ஒழிக்கத்தான் நினைக்கிறோம் நாங்கள் தாழ்த்தப்பட்டவர்கள் என்று சொல்லிக்கொண்டு பணத்திற்காக எங்க வீட்டு பெண்கள் மீது கை வைத்தால் என்ன செய்வது அதைத் தடுத்தால் நாங்கள் ஜாதி வெறியர்கள்?,Not_offensive,Not_offensive,Not_offensive
#comali jayam ravi fan,Not_offensive,Not_offensive,Not_offensive
waatha...Hari mass! surya mass! singham mass da!,Not_offensive,Not_offensive,Not_offensive
1:22 ennada panni vachi erukinga semma,Not_offensive,Offensive_Untargetede,Not_offensive
"பாச வெறி பிடித்தவர்களை விட, சாதி வெறி பிடித்தவர் அதிகாக இருக்கிறார்கள்",Not_offensive,Not_offensive,Not_offensive
Trailer super kandipa theatre la pakkern for jr,Not_offensive,Not_offensive,Not_offensive
இதுமாதிரி ஒரு படம் 10 ஆண்டுகளுக்கு முன்பு எடுத்திருந்தால் நிறைய நாடக காதலை தடுத்திருக்கலாம்...நிறைய இயக்குநர்கள் முன்வராத நிலையில் முன் வந்தமைக்கு நன்றிகள் ப்ரோ,Not_offensive,Not_offensive,Not_offensive
Thalaiva horse riding marana mass..chance ah ila...marana mass,Not_offensive,Not_offensive,Not_offensive
ட்ரெய்லர் நல்லா இருக்கு ஆல் த பெஸ்ட் சீரு டீம்,Not_offensive,Not_offensive,Not_offensive
Vikram sir pahhhhhhhh pahhhhhhhh pahhhhhhhh,Not_offensive,Not_offensive,Not_offensive
ennangada panni vechrukeenga enga pandy ve:P,Offensive_Untargetede,Not_offensive,Offensive_Untargetede
Thalaiva....semma..unlike panravan ratham kakki savaan,Offensive_Untargetede,Not_offensive,Not_offensive
Bgm reminds me of vikram vedha,Not_offensive,Not_offensive,Not_offensive
comment la edha kora soldradhukuney varanunga chi graphics seri ila soldrengaley indha graphics panavandha dha pubg uruvaknavan quantumfx studios.,Offensive_Untargetede,Offensive_Untargetede,Not_offensive
ஜீவா MASS மூவி யா அமையும் solravanga like,Not_offensive,Not_offensive,Not_offensive
Simran enabha trishava katlum younga iruku. Wow,Offensive_Targeted_Insult_Individual,Not_offensive,Not_offensive
mass vijay ah paathurupinga...actor n mass vijay ah idhula paapinga,Not_offensive,Offensive_Targeted_Insult_Individual,Not_offensive
Padam aruvam Mari agaama iruntha seri,Not_offensive,Not_offensive,Not_offensive
Yogi Babu hair style change panitaru yar lam watch panninga nalla 🤪🤪,Not_offensive,Not_offensive,Not_offensive
Mavena edhavadhu haters irundha odi poiru kola kandula irukkaen padam paakama vidamataen,Offensive_Untargetede,Offensive_Untargetede,Offensive_Untargetede
Yuvan Fans Hit Like,Not_offensive,Not_offensive,Not_offensive
thala ajith avarkal sarbaga padam vetri adaya valuthukal...,Not_offensive,Not_offensive,Not_offensive
Ennangada bgm idhu..baga baga baga🤣🤣 yentha kena paya da music director,Offensive_Targeted_Insult_Group,Offensive_Targeted_Insult_Group,Offensive_Targeted_Insult_Group
Thala intha Mari Padam panunga antha Siva kita povathinga,Not_offensive,Not_offensive,Not_offensive
Something special nu namba vaikuthu vijay sir kethu paapum,Not_offensive,Not_offensive,Not_offensive
Yanga thalivar padathala teejay iruka yaravathu kandupidecha commant panunga,Not_offensive,Not_offensive,Offensive_Untargetede
48k dislike ungaluku thanda Thala last dialogue vachirukaru *tha,Offensive_Untargetede,Offensive_Untargetede,Offensive_Untargetede
சூர்யா +செல்வா+யுவன் = கலையின் மூவேந்தர்கள்,Not_offensive,Not_offensive,Not_offensive
nalla Vela twinkle twinkle little star nu rhymes edhuvum solla la,Offensive_Targeted_Insult_Individual,Not_offensive,Not_offensive
Sema Sema sema Mass mass mass,Not_offensive,Not_offensive,Not_offensive
மண்ணும் பொண்ணும் எங்களுக்கு ரெண்டும் ஒண்ணுதான்,Not_offensive,Not_offensive,Not_offensive
"வீர வன்னியர் குல சத்திரிய வம்சம், படையாச்சி,வீரப்பன்கவுண்டர் வம்சம் சார்பில் திரௌபதி படம் வெற்றிப் பெற வாழ்த்துக்கள் இவண் சேலம் மாவட்டம், மேட்டூர் வட்டம் 🤛",Not_offensive,Not_offensive,Not_offensive
Osm all d best from PK fans,Not_offensive,Not_offensive,Not_offensive
"Adapaavihala,, asuran bgm apdiye pottu vachurukan 🤣🤣🤣",Offensive_Targeted_Insult_Other,Offensive_Untargetede,Offensive_Untargetede
o rasik raja tomar valobasa,Not_offensive,Not_offensive,not-Tamil
Aathiii trailer eh epdi na... padam epdiyo,Offensive_Untargetede,Not_offensive,Not_offensive
3 Language milake bhi nhi tod paya record zero ka,not-Tamil,not-Tamil,not-Tamil
தேனி மாவட்டம் நாயுடு இளைஞர் பேரவை சார்பாக எங்களுடைய வாழ்த்துக்கள் சிறந்த முயற்சி இப்படம் வெற்றிபெற எங்களுடைய வாழ்த்துக்கள்,Not_offensive,Not_offensive,Not_offensive
Yuvan BGM vera level...Only for Yuvan... Love yuvan...,Not_offensive,Not_offensive,Not_offensive
Sema teaser Surya anna vera level,Not_offensive,Not_offensive,Not_offensive
Surya sir look semaya eruku and yuvan theme super waiting for NGK,Not_offensive,Not_offensive,Not_offensive
Kadisila teejay vumah gv music vera level pa,Not_offensive,Not_offensive,Not_offensive
vijay sethupathikaga trailer pathavangala like potu ponga,Not_offensive,Not_offensive,Not_offensive
Entha movie ku award kodutha nalla irukum. Ellarume avaga avaga character valthu nadichu irukaga. Valthukal ellarukum.,Not_offensive,Not_offensive,Not_offensive
Str da..goyala str fans da,Not_offensive,Not_offensive,Not_offensive
ஹிப் ஹாப் BGM மரணமா இருக்கு,Offensive_Targeted_Insult_Individual,Not_offensive,Not_offensive
தெலுங்கு கொல்ட்டி சமுத்திர கன்னி உன் நாயக்க சாதி வெறிய ஒழி.,Offensive_Targeted_Insult_Individual,Not_offensive,Not_offensive
வட தமிழக மக்கள் சார்பாக வாழ்த்துக்கள்.. TN 73,Not_offensive,Not_offensive,Not_offensive
பிற்படுத்தப்பட்டோர் சார்பாக படம் வெற்றி பெற வாழ்த்துக்கள்.,Not_offensive,Not_offensive,Not_offensive
Vera level fight sequence la summa tharama irukkum pola,Offensive_Untargetede,Not_offensive,Not_offensive
Trailer laam nalla than irruku... thalaivare... kaatru veliyadai or kadal madhiri irundhudhu... tension aayiduvan... suna pana...,Not_offensive,Not_offensive,Offensive_Untargetede
Vera level pa trailer... Viswasam mudichitu kandipa petta porom,Not_offensive,Not_offensive,Not_offensive
i love u sk anna en anna vera level mass than,Not_offensive,Not_offensive,Not_offensive
அகில இந்திய விஜய் மக்கள் இயக்கம் சார்பாக NGK வெற்றி பெற வாழ்த்துகள்,Not_offensive,Not_offensive,Not_offensive
intha padathuku vera vara soli soluvangalae,Offensive_Untargetede,Not_offensive,Offensive_Untargetede
Visuals lam vera level periya budget padam maari iruku,Not_offensive,Not_offensive,Not_offensive
Thalapathi pongal bairava terikapothu theri baby,Not_offensive,Not_offensive,Not_offensive
Whatopened Innum 1m like varala innum therika vidunga Thala bloods,Not_offensive,Not_offensive,Not_offensive
சத்தம் போடமல் கதையை சொல்லும் ஒருவர் சத்தியமா மறுக்க முடியாத ஒருவர் இவர்களுடன் ஞானி ஒருவர் என்ன ஆகப்போகிறது தமிழ் சினிமா,Not_offensive,Not_offensive,Not_offensive
NGK going to benmark for selvaragavan like puthupettai Wishes from STR fans,Not_offensive,Not_offensive,Not_offensive
Ghibran ku aaagavey padam hit aaganum,Not_offensive,Not_offensive,Not_offensive
Jiski jiski hasi nikal gayi LIKE MARO🤣,not-Tamil,Not_offensive,not-Tamil
THALA FILM KU VERITHANAMANA MUSIC BGM KODUKARATHU YUVAN AGREE?,Not_offensive,Not_offensive,Not_offensive
குமாரபாளையம் கொங்கு வெள்ளாளர் மக்கள் சார்பாக இந்த படம் மாபெரும் வெற்றி பெற வாழ்த்துக்கள்,Not_offensive,Not_offensive,Not_offensive
After 0:43 rocked... Suriya anna U1 selva g,Not_offensive,Not_offensive,Not_offensive
I think kanithan story konjam varuthu anyway movie nalla vantha sari,Offensive_Targeted_Insult_Other,Offensive_Targeted_Insult_Other,Not_offensive
Confirm 1M likes varumnu soldravange like podunge machanzz,Not_offensive,Not_offensive,Not_offensive
brammaaandatha paarthu brammippaaaagardhu yenbadhu yidhuthaaanoa...woooooooowwwwwww many times watched but still want to watch...hats off to d team 2.0,Not_offensive,Not_offensive,Not_offensive
என்னடா இது bru காபி விளம்பரம் மாதிரி இருக்கு,Not_offensive,Offensive_Targeted_Insult_Group,Not_offensive
hit like petta for super hit,Not_offensive,Not_offensive,Not_offensive
Thalapathy vijay saarbaga padam vetri pera vaazhthukal...,Not_offensive,Not_offensive,Not_offensive
This is fucking disgrace kolaya Enna da nyaya paduthringa jaadhi veri pidicha pundaigala..,Offensive_Targeted_Insult_Group,Offensive_Targeted_Insult_Group,Offensive_Untargetede
மதுரை மாவட்ட்ட யாதவர் சமுதாயம் சார்பாக வாழ்த்துக்கள்!,Not_offensive,Not_offensive,Not_offensive
its time for a pakka masssssivetime...superb... vijay Annan ki jaiiiiii...BHAIRAVA DAAAAAA...,Not_offensive,Not_offensive,Not_offensive
கோனார் சமுதாயத்தின் சார்பாக திரௌபதி திரைப்படம் மாபெரும் வெற்றி பெற வாழ்த்துகள்,Not_offensive,Not_offensive,Not_offensive
"Suriya anna,,NGK NGK NGK,,,nee vaaa anna kandipa pakkromm,,,,",Not_offensive,Not_offensive,Not_offensive
எப்படியோ படம் ஓடாது 🤣🤣🤣 அக்னி குஞ்சு புஹா ஹா ஹா,Not_offensive,Not_offensive,Not_offensive
Friends adhukaka naanga veeram illamalum illa nama onnairrupom caste political namaku vena,Not_offensive,Not_offensive,Not_offensive
Harris jayaraj ja yen daw music director ta potinga 🤦‍,Offensive_Targeted_Insult_Individual,Offensive_Targeted_Insult_Individual,Not_offensive
"I am Vijay's fan, I love to see vibrant...vivegam",Not_offensive,Not_offensive,Not_offensive
இந்த மாதிரி படத்தை தான் எதிர்பார்த்தோம்.நீ கலக்கு தலைவா,Not_offensive,Not_offensive,Not_offensive
படங்களே உங்களிடம் உள்ள ஒற்றுமையை சிதைக்கிறது... பொழுதுபோக்காக பாருங்கள்...,Not_offensive,Not_offensive,Not_offensive
Intha padam Vera level ah erukum nu,Not_offensive,Not_offensive,Not_offensive
Audio oda music loud ah eruku,Offensive_Targeted_Insult_Group,Offensive_Untargetede,Offensive_Untargetede
Trailer ku 820k likes varuthu but agalaathey songku een likes varamaduthu?,Offensive_Untargetede,Offensive_Untargetede,Offensive_Untargetede
Vetri anna ungla la matum than enga dhanush anna va vera vera dimetiontionla katta mudiyum realy hat's of anna,Not_offensive,Not_offensive,Not_offensive
Kola Kaandu... Thalaiva waiting Thalaiva...,Not_offensive,Not_offensive,Not_offensive
"Trailer nalla dhan iruku, theva illama en #BIGIL kooda clash-u.",Offensive_Targeted_Insult_Individual,Not_offensive,Offensive_Untargetede
"Trailer pee punda madhiri irukku. Dei kelattu ajith naaye, nee lam edhukku da innu nadichu engala kolra. 100 k dislikes ku kola waiting",Offensive_Targeted_Insult_Individual,Offensive_Untargetede,Offensive_Untargetede
"வேளாளர் ( பிள்ளைமார்,முதலியார்,கவுண்டர்) சார்பாக வாழ்த்துக்கள்",Not_offensive,Not_offensive,Not_offensive
Mani ratinam sir touch...srilankan tamil of aiswarya rajesh,Not_offensive,Not_offensive,Not_offensive
"இப்ப தான் சாதி *தி னு வருவாங்க... மக்களுக்காக ஒரு பிரச்சன வரும் போது ஒரு நாயும் வர மாட்டாங்க... இந்த ஹைட்ரோகார்பன், விவசாயம் சார்ந்த போராட்டம் பண்ணும் போது லம் இந்த உயர் சாதி னு சொல்லிட்டு திரியுறவங்க எங்க போவங்களோ தெரியல... அங்க வந்து உங்க வீரத்த காட்டுனா நல்லா இருக்கும்...",Offensive_Targeted_Insult_Group,Not_offensive,Not_offensive
Love u frm Pakistan surya bahi,not-Tamil,Not_offensive,Not_offensive
"இந்த திரைப்படத்தை நான் நிச்சயம் தியேட்டர்ல தான் பார்ப்பேன். ஒரு சார்பு சாதி கொடுமை கதைகளை மட்டும் பார்த்து பார்த்து வெறுத்து போன என்னைப்போல ஆட்களுக்கு அந்த ஆணவ படுகொலையின் பின்னால் இருக்கும் நியாயமான பண்பாடு கலாச்சார உணர்வுகளயும் தெரிந்து கொள்ள வேண்டும். நாம் பாசமாக வளர்க்கும் ஒரு நாய்க்குட்டியை கூட கட்டிப்போட்டு ட்ரைனிங் கொடுத்து, கண்டிப்போட வளர்க்கும் சமூகம் தான், பெற்ற பிள்ளைகள அவர் விருப்பபடி விட வேண்டும் என சொல்வது இரட்டை நிலைப்பாட்டின் உச்சம்.",Not_offensive,Not_offensive,Not_offensive
Rajini look sema mass but trailer mass flop,Offensive_Untargetede,Offensive_Targeted_Insult_Individual,Offensive_Targeted_Insult_Individual
Same bgm in marvel Morbius movie,Not_offensive,Not_offensive,Not_offensive
chinta mani kola case Remake,Not_offensive,Not_offensive,Not_offensive
Movie msg Vera level eruka pokuthu,Not_offensive,Not_offensive,Not_offensive
Marana waiting 2009 ku apro lose idatha ippo pudika porom,Not_offensive,Not_offensive,Not_offensive
Response koreva irukku nu nenaikkathingge after movie release vera level le block buster agum,Not_offensive,Not_offensive,Not_offensive
Indha padathula sc caste pathi sollave illa...pothuva kadhalichi emathura karuthadhane sollirkanga...apram en matra jaadhiyinar...kuripitta jaadhiya mattum thaakureenga...indha trailer comments ah padichale podhum...thamizh naadu endha alavuku pirinji irukunu theriyudhu...namma iruka porathu 60 oh 70 varushamo...apram edhuku indha jaathi Veri pidithu suthureenga...saga makkaloda Anba irukaradhudhana vaazhkai,Not_offensive,Not_offensive,Not_offensive
தேவேந்திர குல வேளாளர் சமூகத்தின் சார்பாக படம் வெற்றி பெற வாழ்த்துக்கள்,Not_offensive,Not_offensive,Not_offensive
Ivana mathri Nalla nadigana vittu சிவகார்த்திகேயன் ah thukuringaleda..,Not_offensive,Offensive_Targeted_Insult_Individual,Not_offensive
Bhai itni achhi teaser to hai. Make up me kya kharabi hai. Pura transformation kiya hai. Itni daring role karne ke liye India me aur koi actor nahi milega. It's Kangana,not-Tamil,not-Tamil,not-Tamil
எனக்கு GVM story சாயல்ல இருக்கு it's good to see,Not_offensive,Not_offensive,Not_offensive
Mr bean la vara tune mathiriye irukku,Not_offensive,Not_offensive,Not_offensive
"Thara Ra,Thara Ra,Thara Ra Raa...1:37 vera level",Not_offensive,Not_offensive,Not_offensive
Unaku yaravadu pazaya friendu theriyuma??? Nambadha!!! Got Goosebumps bcoz naan yerkanave anubava patruken...,Not_offensive,Not_offensive,Not_offensive
Ithe nadodigal 2 vaa yare emathirengge dei nenggelam nala varuvengge da,Offensive_Targeted_Insult_Group,Not_offensive,Offensive_Untargetede
5.3 M views 635k likes No 1 in trending...Thala da,Not_offensive,Not_offensive,Not_offensive
3.மேதைகள்..மீண்டும் தமிழர்களின்..ஆங்கிலம் படம்.இனையாக. எடுக்க பட்ட. பிரமாண்டாம்...செம.மாஸ்,Not_offensive,Not_offensive,Not_offensive
Sema Violence.. Naangale A certificate tharom... Seekarama release panunga..,Offensive_Untargetede,Not_offensive,Not_offensive
நல்ல வேல அம்மா இத பாக்க இப்ப இல்ல..,Not_offensive,Not_offensive,Not_offensive
Sagadikanum ponnugala emathi kootinu pora naigkaa 100 trailer sema,Offensive_Targeted_Insult_Group,Not_offensive,Not_offensive
Sirappana Taramana padatha Neenga initan Paaka Poreenga@Petta Parak Vera level... Trailer@Repeat Mode,Not_offensive,Not_offensive,Not_offensive
All The best Ajith Anna... And Thala fans Trailer Semaiya iruku Naanum August 24 ku waiting... Therika vidalama...,Not_offensive,Not_offensive,Not_offensive
Indha maadhiri niraya padangal edhir paakurom,Not_offensive,Not_offensive,Not_offensive
yaaraa yaaraa vaa varalaa BAIRAVAA,Not_offensive,Not_offensive,Not_offensive
Inimey paruda youtupe trending 1 vandheuchu ela,Offensive_Untargetede,Offensive_Untargetede,Offensive_Untargetede
5 M + views real time #Kaappaan,Not_offensive,Not_offensive,Not_offensive
@1:55 thirumba thirumba kekanum pola irukku,Not_offensive,Not_offensive,Not_offensive
Kathir chlm thooda girls fanlaa oru like pootunga,Not_offensive,Not_offensive,Not_offensive
Best look chiyaan Vikram love from Bangladesh,Not_offensive,Not_offensive,Not_offensive
தன் ஜாதி சார்பா வாழ்த்து சொன்ன கிறுக்கு கூதிகள்ளா ஊம்பிட்ட போனும்னு நினைக்குறவங்க இங்க லைக் பண்ணுங்க.... ஜாதிய பத்தி பேசுரதுதான் படம்னா படம் ஓடாது ஓய்,Offensive_Targeted_Insult_Group,Not_offensive,Offensive_Targeted_Insult_Group
Mohanlal..laleten fans ille keriva makale,not-Tamil,Not_offensive,not-Tamil
Surya sir looking sema cute osm trailer intha surya sir tha naaga kettum,Not_offensive,Not_offensive,Not_offensive
andha cenna ponnu nadippu supar supar,Not_offensive,Not_offensive,Not_offensive
அடுத்து புள்ளிங்கோ னு ஒரு படம் எடுங்க,Not_offensive,Offensive_Targeted_Insult_Group,Not_offensive
Ram Prasad are you blind,Not_offensive,Not_offensive,Not_offensive
WHO ALL R WAITING FOR 1 MILLION LIKES,Not_offensive,Not_offensive,Not_offensive
Oruthavanga mela visvasam katrathukaga inoruthavanga yen asinga paduthuringa,Offensive_Untargetede,Offensive_Untargetede,Not_offensive
sotta paya nadicha padam peeta,Offensive_Untargetede,Offensive_Targeted_Insult_Individual,Not_offensive
Antha end paaaa sirikathavan yarum irukka matanga... Ithu 96 uh yara ematha pakuringa..,Not_offensive,Not_offensive,Offensive_Untargetede
Movie trailer look like Godfather movie in Hollywood.,Not_offensive,Not_offensive,Not_offensive
Motha padathayum trailer la pota... Padathla Ena da irkum?!,Offensive_Targeted_Insult_Group,Offensive_Targeted_Insult_Individual,Offensive_Untargetede
இங்க கதர நாய்கள் யாருள பரியேரும் பெருமாள். அசுரன் படத்துக்கு ஜால்ரா அடிச்ச பயளுக தான்,Offensive_Targeted_Insult_Group,Offensive_Targeted_Insult_Group,Offensive_Targeted_Insult_Group
"தமிழ்நாட்டுல பறையன் தாழ்ந்தவன்...இந்தியாவில் தமிழன் தாழ்ந்தவன்...உலக அரங்கில் இந்தியன் தாழ்ந்தவன்... அவளோ தா bro... இப்படிக்கு, நீங்கள் கூறும் உயர் சமுகத்தை சேர்ந்த நான்... மேலும் என் சமூகம் என்னவென்று தெரிய வேண்டும் என்றால்?",Offensive_Targeted_Insult_Group,Not_offensive,Not_offensive
Karthi Anna sema mass.intha diwali kaithi than first pakkanum.kola Massa iruku trailer,Not_offensive,Not_offensive,Not_offensive
எங்களிடம் இருந்த மன குமுரல்களை\r கொட்டி தீர்ப்பதாகவே தெரிகிறது...உங்களை போல ஒரு டைரக்டர் வர வேண்டும் என்பதே எங்கள் நீண்ட நாள் ஆசை...உங்கள் படம் கண்டிப்பாக நல்ல மாற்றத்தை உண்டு பண்ணும்..படம் வெற்றி பெற என் மனமார்ந்த வாழ்த்துக்கள்.. உங்களின் துணிச்சலுக்கு பாராட்டுக்கள்...,Not_offensive,Not_offensive,Not_offensive
Baatsha style la yae irukku paaa,Offensive_Targeted_Insult_Individual,Not_offensive,Not_offensive
2009 AYAN 2019 KAAPPAAN Vera level movies,Not_offensive,Not_offensive,Not_offensive
மற்ற சமூகத்தில் யாரும் எந்த பெண்களையும் ஏமாற்ற வில்லையா குறிப்பிட்ட சமூகத்தை மட்டும் குறிப்பிட்டு எடுப்பதற்கான காரணம் என்ன தவறு அனைத்து சமூக இளைஞர்களும் செய்கின்றனர் ஏதோ இவர்கள் எல்லாம் ஒன்றும் தெரியாத குழைந்தகள் போலவும் குறிப்பிட்ட சமூகம் மட்டும்தான் தவறு செய்வது போலவும் ஒரு பிம்பத்தை ஏற்படுத்துகின்றனர் உண்மையாக காதலித்து திருமணம் செய்து கொண்டாலும் ஆணவகொலை செய்து வாழ விடாமல் உங்கள் ஜாதி வெறியை தீர்த்து கொள்கின்றனர் நீங்கள் சொல்லும் குறிப்பிட்ட சமூகத்தில் உண்மையாக காதலித்து திருமணம் செய்து கொண்டு வாழத்தான் செய்கின்றனர் மற்ற சமூகத்தில் நாடக காதல் செய்யவில்லையா இங்கு காதலிப்பது பிரச்சனையா இல்லை அவர்கள் உங்கள் பெண்களை காதலிப்பது பிரச்சனையா,Not_offensive,Offensive_Targeted_Insult_Group,Not_offensive
"From Andhra, I love myskin movies",Not_offensive,Not_offensive,Not_offensive
Draupathi Mohan G sema Anna,Not_offensive,Not_offensive,Not_offensive
Ready sir kitna mast bolA h,not-Tamil,Not_offensive,not-Tamil
Thala na mass uh...thala fans like podu,Not_offensive,Not_offensive,Not_offensive
comments paakum pothu thaamba theriuthu ethana jaathi irukunu 🤣🤣🤣🤣,Not_offensive,Not_offensive,Not_offensive
திருநெல்வேலி... நாடார் சமுதாய மக்களின் சார்பாக படம் வெற்றி பெற வாழ்த்துக்கள்...,Not_offensive,Not_offensive,Not_offensive
Maranam.maasu maranam athukkula namma thala tahn screen la varanum,Not_offensive,Not_offensive,Not_offensive
Trailer Kathisi scene aga indha padatha confirm pakannum,Not_offensive,Not_offensive,Not_offensive
Thala post ah maathu thala 2million cross panni poitu irukkom,Not_offensive,Not_offensive,Not_offensive
Pakkathana pore intha Kali oda aadathaaa,Offensive_Untargetede,Offensive_Untargetede,Not_offensive
Was ist mit den verdammten YouTube Trends los?!?,Offensive_Targeted_Insult_Group,Not_offensive,Not_offensive
i am marana waiting in tha kaali yooda aattatha pakka mass thalaiva,Not_offensive,Not_offensive,Not_offensive
முதல்முறையாக இதுபோன்ற ஒரு படம் வெளிவருகிறது..‌ இது போன்ற பல படங்கள் வருவதற்கு இது தொடக்கம்.. வாழ்த்துக்கள் படக்குழுவினர் அனைவருக்கும்..,Not_offensive,Not_offensive,Not_offensive
Engada next Gopi / Varun 🧐,Not_offensive,Offensive_Untargetede,Offensive_Untargetede
படம் சூப்பர் ஹிட் ஆக வேண்டும் சூர்யா ரசிகன்,Not_offensive,Not_offensive,Not_offensive
"Vazhaila Una Edhirta Kooda Nee thotthu Polam!!! Ana, ORU second kooda nee un Kita thotthu Poga koodadhu!!!",Not_offensive,Offensive_Targeted_Insult_Individual,Offensive_Targeted_Insult_Group
Trailer pudikalana like eh podu Tariler pudicha comment pannu,Not_offensive,Not_offensive,Not_offensive
Actor meena panni irundha nalla irukum nu ninaikiren yaar yaar ok nu solringa,Not_offensive,Not_offensive,Not_offensive
தமிழ்நாடு இரஜ்புத்திரர்கள் சார்பாக படம் வெற்றி விழா காண வாழ்த்துக்கள்.. ஜெய் பவானி ஜெய் இரஜ்புத்னா.. - R.R. Rajesh Singh Rajput,Not_offensive,Not_offensive,Not_offensive
"பரியேறும் பெருமாள், அசுரன் படம் பார்த்த பிறகு புத்தி வந்து எடுக்கின்றனர் அந்த படங்களில் இருக்கும் குறைந்த பட்சம் நேர்த்தி, நாகரிகம் கூடஇந்த படத்தில் இருப்பதாக தெரியவில்லை. தெளிவும் அறிவும் பிறரை பார்த்தும் வரவில்லை என்றால் படம் எடுத்து என்ன பயன்? படம் பாடமாக இருக்க வேண்டும்... வன்மத்தையும் வன்முறையையும் விதைக்க கூடாது விஷமிகளே...",Not_offensive,Not_offensive,Not_offensive
"intha mari padam la enimel varanuna, intha movie ya nalla oda vaiganu so plese support this movie",Not_offensive,Not_offensive,Not_offensive
நேற்று முன்தினம் தர்மபுரியில் மீண்டும் ஒரு நாடக காதல் அரங்கேறியுள்ளது. பெண்ணை திருமணம் செய்ய மறுத்த இளைஞன் 70 லட்சம் வரை பேரம் பேசியுள்ளார். தர்மபுரி காவல்துறையின் உதவியை கொண்டு அப்பெண்ணை மீட்டோம்... வாழ்த்துக்கள் படம் வெற்றி பெற...,Not_offensive,Not_offensive,Not_offensive
thalaivar na... summa va... thalapathy anna da...,Not_offensive,Not_offensive,Not_offensive
dai ajith kelatu naaye intha madri films nee panite vantha ommala kamal Hassan madri neeyum kaanama poiduva da,Offensive_Targeted_Insult_Individual,Offensive_Targeted_Insult_Individual,Offensive_Targeted_Insult_Group
ஒவ்வொரு கமெண்டும் மாஸ் படிக்க படிக்க உணர்ச்சி பொங்குது இத்துணை சமூதாயபெண்களை நாடக காதல் கம்பெணி இழிவு படுத்துகிறது சூப்பர்டூப்பர் ஹீட் மோகன் G அண்ணா லவ்யூ லவ்யூ,Not_offensive,Not_offensive,Not_offensive
Dislike podravanga Ena dashku video pakuringa,Offensive_Targeted_Insult_Other,Offensive_Untargetede,Offensive_Untargetede
Bgm is killing 1:47 to 2:00,Not_offensive,Not_offensive,Not_offensive
அருவி அற்புதம் நேரடியாக வாழ்த்த முயற்சி செய்தும் முடியவில்லை. நிச்சயம் வாழ் படமும் அப்படி இருக்கும் என்று நம்புகிறேன்,Not_offensive,Not_offensive,Not_offensive
Deyh asith kena punde kannadi pundeye mattum kaletiratha kevalama iruku,Offensive_Targeted_Insult_Individual,Offensive_Targeted_Insult_Group,Offensive_Targeted_Insult_Individual
enna kandraavi da idhu thalapathy barathan vaazhgaaa,Offensive_Targeted_Insult_Individual,Offensive_Targeted_Insult_Individual,Not_offensive
anna ι aм waιтιng na ѕυммa adυrυdυllaι тнerι ѕтyle la ѕollalυмna va va va ιppo va вaιravaa... ιdυ тнalapaтнy ĸoттaι da... vj anna rυмвa cυтe нa ιrυĸarυ тнerι waιтιng ғor вaιravaa,Not_offensive,Not_offensive,Not_offensive
Tollywood going great and Bollywood,Not_offensive,Not_offensive,Not_offensive
சிவகங்கை மாவட்டம் முக்குலத்தோர் சார்பாக படம் வெற்றி பெற வாழ்த்துக்கள் இது போன்ற படம் தமிழ்நாட்டுக்கு மிகவும் முக்கியம் Thanks Mohan J,Not_offensive,Not_offensive,Not_offensive
Yenna ya summa summa Gun vechi suttutu irukkaru🤷‍,Not_offensive,Not_offensive,Not_offensive
En IdaiyaThalapathy <3 My bro <3,Not_offensive,Not_offensive,Not_offensive
கொங்கு வேளாளர் கவுண்டர் சமுதாயம் சார்பாக படம் வெற்றிபெற வாழ்த்துக்கள்...,Not_offensive,Not_offensive,Not_offensive
வார்த்தைகள் ஆக பேசுன பிரச்சினைதீராது வாள் எடுத்த தா பிரச்சினை தீரும்,Offensive_Targeted_Insult_Group,Not_offensive,Not_offensive
தேவடியா பசங்களா.. சாதி வெறிய வளத்துறீங்களாடா சுன்னிகளா,Offensive_Targeted_Insult_Other,Not_offensive,Offensive_Targeted_Insult_Group
Thalapathy kaga paaka vanthavangala like podunga 🤩,Not_offensive,Not_offensive,Not_offensive
Bigil ku conform tough kudukum kandipah,Not_offensive,Offensive_Targeted_Insult_Individual,Offensive_Targeted_Insult_Individual
Thala I am waiting... ana dhanush...,Not_offensive,Not_offensive,Not_offensive
Avunga Avangaloda Firstlook Celebrate Panatum Namma Namaloda Trailera Celebrate Pannalam,Not_offensive,Not_offensive,Not_offensive
Unlike ah pathaley theridhu Anil s velanu katharunga Da kathariye savunga Da,Offensive_Untargetede,Offensive_Targeted_Insult_Group,Offensive_Untargetede
Trailer semmaiya iruku apa movie super hit than,Not_offensive,Not_offensive,Not_offensive
Pengalukku support ta pesuna movie odathu unmaiya pesanu petra magalaye jathi veriyala yaaru kola seiranu nattukke therium ellarume jathi veriye eppothu vidukirirkalo appothu jathiya padangal varuvathu thanaga nirutha padum (pothuvana manitharkal mattum rply pannunga jathi veriyarkal rply pannathirkal,Not_offensive,Not_offensive,Not_offensive
"Great vfx, ugly protaginist... Looks like a joke!",Offensive_Untargetede,Not_offensive,Not_offensive
Vera leval trailer apo pollachi mettar eppadi neenga pakkuringa bro avanga ellam neenga solra alunga illaye ungalukku oru sattam engalukku sattamma saathi Veri mattum than ungalukku karumam ithula vazhthukkal vera tha,Not_offensive,Offensive_Targeted_Insult_Group,Not_offensive
Sema sk anna and arjun sir,Not_offensive,Not_offensive,Not_offensive
Mokka mokka sema mokka movie,Offensive_Untargetede,Offensive_Untargetede,Offensive_Untargetede
Ada deeeiiiii thalaivar eh vechi senjitangale Kadasila,Offensive_Targeted_Insult_Group,Not_offensive,Offensive_Untargetede
Thala super Thala love u soooooooo much,Not_offensive,Not_offensive,Not_offensive
#Asuran FDFS WAIT PANDRAVAGA MATTUM LIKE PODUGA..,Not_offensive,Not_offensive,Not_offensive
Malaysia Tamil fans waiting Jeyam Ravi & Kajal agarwal combo,Not_offensive,Not_offensive,Not_offensive
innekku niraya perkittai illatha ketta pazhakkam enkitte irukkithu...,Not_offensive,Not_offensive,Not_offensive
Joker:I have a condition Adhi: vaanga sirikalam🤣,Not_offensive,Not_offensive,Not_offensive
Woww Rajini garu Rajiji fans hit like,not-Tamil,not-Tamil,Not_offensive
Trailer la yae padatha paathutan da...dei,Not_offensive,Offensive_Untargetede,Offensive_Untargetede
யுவன் யுவன் யுவன் செல்வா செல்வா செல்வா வெயிட்டிங்,Not_offensive,Not_offensive,Not_offensive
Orutharmela irukkura viswasatha kaatta innoruthara yen asingapaduthuringa... Semma dialogue... Verithanama waiting panren...,Not_offensive,Not_offensive,Not_offensive
GV prakash in Bgm padathuku extra strength,Not_offensive,Not_offensive,Not_offensive
நாமக்கல் கொங்கு வேளளாள கவுண்டர்கள் சார்பாக வெற்றி பெற வாழ்த்துக்கள்..,Not_offensive,Not_offensive,Not_offensive
"Bro ore music thirumba thirumba varudhu pa. Etho solla varangappa. Ippo seeman, vaiko, thirumavalavan, thirumurugan Gandhi, veeramani, mathimaran ellaam mouna viradham.",Not_offensive,Not_offensive,Not_offensive
இப்படத்தின் கரு அருமை.பெண்ணை பெற்றவர்களின் வலியையும் கோவத்தையும் அற்புதமாக சித்தறிக்கிறது.பெண்பிள்களை காப்போம்.இப்படம் அனைவரையும் சேர வேண்டும்.,Not_offensive,Not_offensive,Not_offensive
1:08 Ashok Selvan and Makkal Selvan in one frame 🥰,Not_offensive,Not_offensive,Not_offensive
indha madhri classy style lam josappu nadikka inum 10 varusham aagum... and indha madhri trailer panradhe andha josappu ku kashtam,Offensive_Targeted_Insult_Individual,Not_offensive,Not_offensive
Innum ye trending la varla3.4 m views,Not_offensive,Offensive_Untargetede,Not_offensive
Endha Hair Style Vachalum Supera Sootakuthu Surya Anna Ku...,Not_offensive,Not_offensive,Not_offensive
கவுண்ட மூதியா இத பாக்க முடில கேவலமான படம் ச்சை த்தூ,Not_offensive,Not_offensive,Offensive_Targeted_Insult_Group
Thala-Thalapathi.. scenes.. bhasha rajini laughing dubsmash! Reference illana tamil padamey illaya 🤔 Evalavu thaan story fight vandhalum.. nalla story irukura padamey varamatengudhey 🤔,Offensive_Untargetede,Not_offensive,Not_offensive
Elam girls um trailer ah patha maari movie ya kandipaa parungaa...,Not_offensive,Not_offensive,Not_offensive
Kaapan audio launch paathuttu vanthavanga like podunga,Not_offensive,Not_offensive,Not_offensive
Padam eppadiyo mayir mari than irukka povuthu..,Offensive_Targeted_Insult_Other,Not_offensive,Not_offensive
Naan thala fan than but teaser sema music bangamm,Not_offensive,Not_offensive,Not_offensive
Marana maasssss thala love you #srilankan thala fansss,Not_offensive,Not_offensive,Not_offensive
"ஒரு சாதியனாக அல்ல ஒரு தகப்பனாக நாம் பார்த்து, ஆதரிக்க வேண்டிய படம். சமூக அவலத்தை துணிச்சலுடன் காட்டிய இயக்குனருக்கு நன்றி.",Not_offensive,Not_offensive,Not_offensive
Oruthar mela viswasatha katurathukaga innoru thara en asinga padithuringa...,Not_offensive,Offensive_Untargetede,Not_offensive
Mass lam assaut a pandrapla,Not_offensive,Not_offensive,Not_offensive
wowwww!!! 9.8 m I am waiting for 10 m views varala varala va varla vaaa!!!,Not_offensive,Not_offensive,Not_offensive
Neenga enna mairu movie kooda direction pannikonga but youngrs ah keduthutathinga oorula ellarum aruva vachitu suthitu irukanga,Offensive_Untargetede,Offensive_Targeted_Insult_Group,Offensive_Targeted_Insult_Group
semma semma semma semma mass thalaiva:-):-):-),Not_offensive,Not_offensive,Not_offensive
Surya sir ooda block buster films la idhuvum no 1 aah irukum,Not_offensive,Not_offensive,Not_offensive
Thala semma!!! Love you thala,Not_offensive,Not_offensive,Not_offensive
பெண்களை காதலித்து ஏமாற்றுபவர்கள் அனைத்து சமூகத்திலும் இருக்கிறார்கள்...அந்த தண்மையை கொண்ட ஆண்களிடமிருந்து பெண்கள் தற்காத்து கொள்ளும் விழிப்புணர்வு கதையை படைக்களாம்...அல்லது அந்த மாதிரி கீழ் புத்தி உடைய மனிதன் தன்னை உணரும் விதமாக கதைக்களம் அமைக்களாம்...ஆனால் இது போன்ற காப்பாற்றுவது என்ற பெயரில் களவரம் தூண்டுவதும் ஒரு விதமான சாதிய அரசியல்தான்...மொத்தத்தில் அனைவரும் மனிதர்கள்தான் என்ற இயல்பான கருத்துடன் கதைகளம் இருக்க வேண்டும் அன்பே சிவம்,Offensive_Targeted_Insult_Group,Not_offensive,Not_offensive
Dai Surya.. idhulam velaikke avadhu. Poi gautham Menon kitta surrender agidu..,Offensive_Targeted_Insult_Individual,Not_offensive,Offensive_Untargetede
waiting laiyee verii eruravanga like podu...,Not_offensive,Not_offensive,Not_offensive
பார்க்கவகுல சார்பாக படம் மாபெரும் வெற்றி பெற வாழ்த்துக்கள்...,Not_offensive,Not_offensive,Not_offensive
தல் நீ வா மஸு கொலை waiting தல டா வேரா எவன் டா thala daa vijay oruthan thaan wigamaati oora emathuran,Offensive_Targeted_Insult_Individual,Not_offensive,Not_offensive
Nkp parthu mirandu ponavanga oru likepodugaaaaaa,Not_offensive,Not_offensive,Not_offensive
Chiyaan Vikram sir HOLLYWOODla nadikka veendiya Aalu,Not_offensive,Not_offensive,Not_offensive
நாமக்கல் மாவட்டம் கொங்கு வேளாளர் கவுண்டர்கள் சார்பாக திரௌபதி படம் வெற்றி பெற வாழ்த்துக்கள்,Not_offensive,Not_offensive,Not_offensive
"Mass hero subject unaku set avathu kumaru, hayoo",Offensive_Targeted_Insult_Other,Not_offensive,Offensive_Targeted_Insult_Individual
#வரலாம் #வரலாம் வா #பைரவா #விளையாடலாமா,Not_offensive,Not_offensive,Not_offensive
mass na vjiay vjiayna mass bythalafans,Not_offensive,Not_offensive,Not_offensive
raja Rani - mouna ragam theri - satriyan,Not_offensive,Not_offensive,Not_offensive
Str fans vj fans treat erku,Not_offensive,Not_offensive,Not_offensive
கடலூர் மாவட்ட பிராமண சமூக மக்கள் சார்பாக இத்திரைப்படம் வெற்றிபெற வாழ்த்துக்கள். இயக்குனர் திரு.G.மோகன் அவர்களுக்கும் எங்கள் நன்றி கலந்த வணக்கங்கள்.,Not_offensive,Not_offensive,Not_offensive
seri kadaisiya varrathu rajiniyaa illa ms baskar aah,Not_offensive,Offensive_Targeted_Insult_Group,Not_offensive
கேஸ் போடுரவங்களுக்கு ஒன்னு சொல்றேன் படத்தை படமா பாருங்கட.படத்தை பார்த்துட்டு கேஸ் போடுங்கடா முட்டா பசங்க மாரி டிரெய்லரை பார்த்துட்டு கேஸ் போடாதிங்கடா...,Not_offensive,Not_offensive,Offensive_Targeted_Insult_Group
Dei ingaum evanavathu seemanku support panni vanthiga na suicide pannikiven..,Offensive_Untargetede,Offensive_Untargetede,Offensive_Untargetede
UYa hooo my name is Narayanaa,Not_offensive,Not_offensive,Not_offensive
Always super star mass thalivaa naa unga kuda eppoma irupan,Not_offensive,Not_offensive,Not_offensive
intha padam pudikala na enna sollurathu nu theriyala,Not_offensive,Offensive_Untargetede,Not_offensive
Nalla per irunthale padam psyco mari irukum ithula pere psycona epudi irukummmm. We r waiting miskin sir,Not_offensive,Not_offensive,Not_offensive
"Jai surya jai jai surya, proud to be surya fan",Not_offensive,Not_offensive,Not_offensive
தர்மபுரி மாவட்டம் வன்னியர் சார்பாக படம் வெற்றி பெற வாழ்த்துக்கள் மோகன் அண்ணா கோடான கோடி நன்றி இனி நம்ம பொண்ண பார்க்க கூட கூடாது திரெளபதி அவதாரம் தான்,Not_offensive,Not_offensive,Not_offensive
Trailer a Vida comment Vera level nu ninaikravanga like a podunga...ovor like um nadaga company Ku verupethunga...ji...,Not_offensive,Not_offensive,Not_offensive
Not good film...zero is far better,Offensive_Untargetede,Offensive_Untargetede,Not_offensive
"Vj,s super",Not_offensive,Not_offensive,Not_offensive
மக்களே please எல்லாரும் போய் படத்த பார்க்கணும் இதை ஒரு வெற்றி படமா நாம ஆக்கணும்.,Not_offensive,Not_offensive,Not_offensive
Waste Moka nu solravanlam Moka pasanga moka movie paakuravanunga,Offensive_Untargetede,Offensive_Targeted_Insult_Group,Offensive_Untargetede
Hindi dubbed kyu nahi nikalto ho???,not-Tamil,not-Tamil,not-Tamil
Vara laval songvara laval trailer waiting movie,Not_offensive,Not_offensive,Not_offensive
2:21 same Arun vijay from yennai arindhal,Not_offensive,Not_offensive,Not_offensive
Ippa trailer parkuravanga oru comment pannunga ‍‍‍‍‍,Not_offensive,Not_offensive,Not_offensive
vikram oru maga nadigan its true,Not_offensive,Not_offensive,Not_offensive
Suthama suit ye aagala ya..yow... modhala padatha release pana vidrangala nu parunga...,Offensive_Targeted_Insult_Group,Not_offensive,Not_offensive
Thalaivar Vera level mass maranaa mass,Not_offensive,Not_offensive,Not_offensive
nan thalapathy fan unga hard work ku salute,Not_offensive,Not_offensive,Not_offensive
Saavanumnu irunthaalum sanda pottu saavanum. Bayanthu Kaalla vizhunthu saava koodaathu,Offensive_Targeted_Insult_Other,Offensive_Untargetede,Offensive_Untargetede
surya rockzzz again.. waiting for Harris jayaraj music after maattrraan by surya rasigan da,Not_offensive,Not_offensive,Not_offensive
ஆண்ட பரம்பரை எல்லாம் பேசிட்டு இருக்கும் போது இந்த பள்ள பயக ஏன் நம்மட்ட கூட வந்து கத்துறானுவ..,Offensive_Targeted_Insult_Group,Not_offensive,Not_offensive
Intha padam surya siradeyum enke lalettenteyum first 500cr movie aaakumenna nanikkaravanga mattum like podunge,Not_offensive,Not_offensive,Not_offensive
Na arasiyaluku varuvathu uruthi.. hey Ithu 96 yaarai emathureenga.. Semma trailor..,Not_offensive,Offensive_Targeted_Insult_Group,Not_offensive
Apdi la nadakathu Nadakavum kudathu (1.33)... Aphaaa veral level... Thalaiya rmb naal ku aprma kovama screen la pakran...,Not_offensive,Not_offensive,Not_offensive
"Anji vaati padam paarthen Idhuku maele evalo'vaati paarkureno But will watch Dhanush semma acting Amitabh, Nana Patekar, Al Pacino level'la nadichirkaaru",Not_offensive,Not_offensive,Not_offensive
Morning ezhundhavudan ngk trailer paakavandhavanga like this ngk fever,Not_offensive,Not_offensive,Not_offensive
poi antha maavu mandaiyana kootitu vaa,Offensive_Targeted_Insult_Individual,Offensive_Targeted_Insult_Group,Not_offensive
"திரௌபதி படம் திரைக்கு வந்ததும், நான் முதல் ஆளாக பார்க்க வேண்டும் - மருத்துவர் அய்யா. எங்கள் ' ஆண்டவனே ' சொல்லிட்டார்; இனி, தடைகள் உடைபடும், எதிர்ப்புகள் பொசுங்கும், பகைமைகள் நசுங்கும்! மதிப்புமிக்க மோகன் ஜி ஷத்ரியரே...! வீறுகொண்டு வாருங்கள்! வாழ்த்துக்கள்!",Not_offensive,Not_offensive,Not_offensive
podu semmmma...i love it all!,Not_offensive,Not_offensive,Not_offensive
tamil la.. ipo than etho konjam nalla try pani irukanga...,Not_offensive,Not_offensive,Not_offensive
இந்த மண்ணுதான் #business vera lvl str...,Not_offensive,Not_offensive,Not_offensive
Sirapana tharamana sambavam may 31 paapom,Not_offensive,Not_offensive,Not_offensive
aM wit FOr mOvie Annaa...,Not_offensive,Not_offensive,Not_offensive
Dis like adichavare. Athyam video kanne ennite dis like adikketaa,Not_offensive,Offensive_Untargetede,Offensive_Untargetede
AKSHAY AMIR aur SHAHRUKH ki latest movies main se aapko kiska trailer JABARDAST lga,not-Tamil,not-Tamil,not-Tamil
#Thalapathy64 kola mass ah irukka podhu #ThalapathyVijay #Lokesh,Offensive_Targeted_Insult_Other,Not_offensive,Not_offensive
Cute Fight |en nenjil vandhu song|WhatsApp status,Not_offensive,Not_offensive,Not_offensive
semma teaser thalapathy sema mass வரலாம் வா வரலாம் வா வா வா #பைரவாTeaser Semmaa ***Thaaaaaa,Not_offensive,Not_offensive,Not_offensive
Semma waiting for movie 90's kids,Not_offensive,Not_offensive,Not_offensive
திரௌபதி gang bang mom அருமையாக நடித்துள்ளார்கள் சகோ,Not_offensive,Not_offensive,Not_offensive
Trending No. 1,Not_offensive,Not_offensive,Not_offensive
Yaarukulaam sk suit um bikeum pidichuruku for me only ah🤩,Not_offensive,Not_offensive,Not_offensive
Semaaaa massss thalaivaaaaaa marana waitinggggg thalaivaaaaaa,Not_offensive,Not_offensive,Not_offensive
varlulan varulan vaa varulan vaa bairavaa,Not_offensive,Not_offensive,Not_offensive
ஐயோ இவனா? இவன் கத்தி கத்திப் பேசியே ஆளைக் கொன்னுடுவானே?எல்லோரும் வேகமாக ஓடுங்கள்!ஒரு விசித்திரமான மிருகம் நம்மை நோக்கி வந்துகொண்டிருக்கிறது!,Offensive_Targeted_Insult_Individual,Offensive_Targeted_Insult_Group,Offensive_Targeted_Insult_Group
"தமிழகத்திற்கு தேவையான ஒரு படம், வெற்றி பெற வாழ்த்துக்கள்",Not_offensive,Not_offensive,Not_offensive
Bgm comady irunthalum keke thunuthu funnya irukku,Not_offensive,Not_offensive,Offensive_Untargetede
Asuran partha hangover eh innum mudila adhukula Kaithi... I bet Kaithi will be a blockbuter too...,Offensive_Targeted_Insult_Individual,Offensive_Targeted_Insult_Individual,Offensive_Targeted_Insult_Individual
You kena tunggu lama lagi untuk tosaaaaaa,Not_offensive,not-Tamil,not-Tamil
"எட்டு வருடத்துக்கு முன்னாடி எல்லாம் அஜித் அவர்களின் படத்தின் பாடல் எந்த டீவி சேனல்களிலும் ஒளிபரப்பமாட்டார்கள்.. அஜித் அவர்களுக்கு எந்த விளம்பரமும் செய்யமாட்டார்கள் அவர்களை அனைத்து டீவி சேனல்களும் ஓரங்கட்டினார்கள்.. சினிமா வட்டத்தில் இருந்து ஒதுக்க தொடங்கினார்கள்.. நடிகர் மோகன் அவ்ர்களை ஒதுக்கியது போல் ஆனால் இப்ப? இவரின் பெயர் சொல்லி சொல்லியே பல டீவி சேனல்களின் டிஆர்பியை அதிகப்படுத்திக்கொள்கிறார்கள் அதுதான் தல, அவர்களின் உழைப்பு தன்னம்பிக்கை. தனிவழி. தன்னடக்கம்",Not_offensive,Offensive_Targeted_Insult_Group,Not_offensive
Dey enaku viswasam scene sirichathu kuda enaku siripu varala.. 1:22 scene ah paatha udane loudly ah sirichiten da..ennada pani vachirukeenga,Not_offensive,Offensive_Untargetede,Offensive_Targeted_Insult_Group
10 varusham ula iruntha thana sir theriyum athuku munadi Ena panitu irunthanu theriyathula,Offensive_Untargetede,Offensive_Untargetede,Not_offensive
Idhula yaar ellam pink movie ya parthu irukeenga,Not_offensive,Not_offensive,Not_offensive
Surya Sir + Selva Sir + U1 = Verithanem,Not_offensive,Not_offensive,Not_offensive
Mokka nu solluravangalukku sister irukkathu irutha solla mattanganga,Offensive_Untargetede,Offensive_Untargetede,Offensive_Untargetede
Heyyyy yevanukkavadu pundati kolande kuttin sentiment gintiment irunda ippave odi poidu. Mavane semma gaand la irukka kollama vidamate.,Offensive_Untargetede,Offensive_Untargetede,Offensive_Untargetede
Happy to see #Ajith #VivekOberoi #Kajal #Akshra,Not_offensive,Not_offensive,Not_offensive
Sirapana tharamana sambavam from SUPERSTAR 🤩🤩🤩🤩🤩🤩,Not_offensive,Not_offensive,Not_offensive
சேலம் நாடர் சார்பாக இந்தப்படம் 100 நாள் ஓட வாழ்த்துக்கள்,Not_offensive,Not_offensive,Not_offensive
•10K Likes in 40Secs •50K Likes in 8 Mins •100K Likes in 28 Mins •120K Likes in 45Mins #Thala Vera leval #Trailer,Not_offensive,Not_offensive,Not_offensive
உன் சமூகத்த உயரத்தனும்னா நீ நல்லா படி உழைச்சு முன்னுக்கு வா நீ உயர்ந்தா உன் குடும்பம் உயரும் உங்க ஒவ்வொரு குடும்பமும் உயர்ந்தா உங்க சமூகம் உயரும்... \r \r உன் கிட்ட காசும் கல்வியும் இருந்து நீ தான்யா உசந்தவன்\r \r அத விட்டுட்டு மத்தவன் பொண்ண இழுத்து ஓடி ஜாதி ஒழிக்குறேன்னு நாடகம் போட்டா ஒரு நாள் மொத்த சமூகமும் உங்களை தூக்கி போட்டு மிதிக்கும்,Not_offensive,Not_offensive,Not_offensive
vettu vonda Ena pinngal mela kaiyavachinga savu adichuduve,Offensive_Targeted_Insult_Group,Offensive_Untargetede,Offensive_Untargetede
கீழ பதிவு செய்ய கருத்துக்கள் ஒன்னு நல்ல தெரியுது இங்க யாரும் ஒற்றுமையா இருக்க கூடாது அனைவரும் சாதி அடிச்சு கிட்டு சாகனும் அப்படியும் சிலர் தப்பி வந்துட்ட மதம் சொல்லி கொல்ல வேண்டும் ஆக மொத்தத்தில் தமிழர் என்ற இனத்தை அழிச்சி விடனும் நல்ல எண்ணம் சிக்கிரம் நடக்க வேண்டிக்கா அனைவரும்,Not_offensive,Not_offensive,Not_offensive
Vera level fun that Rajini arasiyaluku varuvathu uruthi scene,Not_offensive,Not_offensive,Not_offensive
Thalaiva vera 11 Love u Siva Anna,Not_offensive,Not_offensive,Not_offensive
தர்மபுரி மாவட்டம் வன்னியர் குல சிங்கங்கள் சார்பாக திரௌபதி படம் வெற்றி பெற வாழ்த்துக்கள்,Not_offensive,Not_offensive,Not_offensive
Sri lanka #2 trending thala ultimate,Not_offensive,Not_offensive,Not_offensive
🤣🤣 ama ama suyama sintheenga da... Batman ah en da ipdi copy adikirenga,Offensive_Targeted_Insult_Individual,Offensive_Targeted_Insult_Individual,Offensive_Targeted_Insult_Group
Me VIJAY fan but trailer vera leval,Not_offensive,Not_offensive,Not_offensive
Thaliva ne epavume vera level Mass...,Not_offensive,Not_offensive,Not_offensive
Vikram speak malay...you kena tunggu lebih lama lagi untuk tahu saya..,not-Tamil,not-Tamil,not-Tamil
adra adraaaaaaaaaaaaaaaaaaa... theri... THE SPARK... vera level... atleee... wahhhhhhhhhhh what a work...,Not_offensive,Not_offensive,Not_offensive
Ye movie india me sabka record tod degi,not-Tamil,not-Tamil,not-Tamil
Are vah mja aavse mara bhai nu movie aave che...,not-Tamil,not-Tamil,not-Tamil
She looks like a fat mannequin,Offensive_Targeted_Insult_Group,Offensive_Targeted_Insult_Individual,Not_offensive
Mokkaya erukku padam flop tha,Offensive_Untargetede,Offensive_Targeted_Insult_Group,Offensive_Targeted_Insult_Group
Atlee therikka vitrukkaaru nga superb. Extramly super maassss,Not_offensive,Not_offensive,Not_offensive
ஜாதியாவது கூதியாவது சுன்னிகளா... போட்ட தேவுடியா பெருசுங்களா,Offensive_Targeted_Insult_Other,Not_offensive,Offensive_Targeted_Insult_Group
K.v..niga isalamaai e'livu padudhirukka maatinganu ninaikuran.!!,Not_offensive,Not_offensive,Not_offensive
தேனி மாவட்டம் வீரபாண்டி வெள்ளாளர் முன்னேற்ற கழகம் சார்பாக வாழ்த்துக்கள்,Not_offensive,Not_offensive,Not_offensive
Sweet kadaiye sapta maari iruku thalaivaa,Not_offensive,Not_offensive,Not_offensive
Adappavigala moththa trailer layum last scene senjutinga Sirippu adakka mudila,Not_offensive,Not_offensive,Not_offensive
Kab aa rhi hai bhai ye movie hindi,not-Tamil,not-Tamil,not-Tamil
ena bgm da veri level overloaded,Not_offensive,Not_offensive,Not_offensive
96 ல ஆத வசனம் 2016 இல்,Offensive_Targeted_Insult_Group,Not_offensive,Not_offensive
TEASER HIITS 9 M NEE VAA THALAIVA,Not_offensive,Not_offensive,Not_offensive
Semma semma asuraa namakku thevana namadhan aditchi vanganum,Offensive_Untargetede,Not_offensive,Not_offensive
தரமான கருத்து அருமை அருமை அருமை அருமை அருமை அருமை அருமை அருமை அருமை அருமை அருமை அருமை அருமை அருமை அருமை அருமை அருமை அருமை அருமை அருமை அருமை அருமை அருமை அருமை அருமை அருமை அருமை அருமை அருமை அருமை அருமை அருமை அருமை அருமை அருமை அருமை அருமை அருமை,Not_offensive,Not_offensive,Not_offensive
எங்க ஊர் சேந்தமங்கலம் சார்பாக பாமக சார்பாக எங்கள் கிராம மக்களுக்கு திரையில் காட்டுவேம்,Not_offensive,Not_offensive,Not_offensive
Madras movie look alike with horror element,Not_offensive,Not_offensive,Not_offensive
vijay sethupathi & aravind swami,Not_offensive,Not_offensive,Not_offensive
U1 and Arujn Fan's Like,Not_offensive,Not_offensive,Not_offensive
Enada panni madhri kootama ivalo Peru irukkinga Singam single a tha varum viswasam Ajith a varum,Offensive_Untargetede,Offensive_Targeted_Insult_Individual,Offensive_Targeted_Insult_Group
நமக்கு மறுமலர்ச்சிக்கு அப்பரம் ஒரு விருந்தாக அமையும் இந்த படம்,Not_offensive,Not_offensive,Not_offensive
Mannu ponnu rendu mukkiyam...marana speech,Not_offensive,Not_offensive,Not_offensive
Sathiyama solera Dislike panrava manusaney kidaiyathuga,Not_offensive,Offensive_Untargetede,Offensive_Untargetede
"Yarellan 0:16 pause panni, slow panni paatheenga🤣🤣🤣",Not_offensive,Not_offensive,Not_offensive
Oru kunda poddu ellarayum kondudanum. Ivanukal ellaam oru manusarukal. Tamil nadu aliyanum aandava,Offensive_Targeted_Insult_Group,Not_offensive,Not_offensive
Yuvan BGM vera level and thala style vera level!!!,Not_offensive,Not_offensive,Not_offensive
அருந்ததியர் சமூகம் சார்பாக இந்த திரைப்படத்தை காரி உமிழ்கிறோம்,Offensive_Targeted_Insult_Group,Not_offensive,Not_offensive
Kaappaan Telugu Title Revealed By S S Rajamouli On June 27th 10AM,Not_offensive,Not_offensive,Not_offensive
உண்மையை உரைக்க சொல் மிரட்ட வருகிறாள் திரௌபதி மோகன் அண்ணா அருமை வாழ்த்துக்கள்,Not_offensive,Not_offensive,Not_offensive
Jo tik tok se aya h jldi like krrdo,not-Tamil,not-Tamil,not-Tamil
Vera level la... Semma combination... But I miss you Tamil...,Not_offensive,Not_offensive,Not_offensive
6 வருடங்கள் கழித்து செல்வராகவன் இயக்கத்தில் NGK திரையில் ரசிக்க போகிறேன்.. மே 31,Not_offensive,Not_offensive,Not_offensive
Hit the like button especially for the final dialogue.. யோகி பாபு: இது 2016 நம்பளனா இத பாரு. ர‌ஜினி: நான் அரசியலுக்கு வருவது உறுதி. ஜெயம் ரவி: ஏய் யாரா ஏமாத்த பாக்கற இது 96. Bangam yaa.. 🤣🤣,Not_offensive,Not_offensive,Not_offensive
Poda Sunni tavidiya talapathi tha Gath ponda sexe opp ponda,Offensive_Targeted_Insult_Individual,Offensive_Targeted_Insult_Individual,Offensive_Targeted_Insult_Individual
Padippu Mattum nammakitte yirunthu edukkamidiyathu Big salute,Not_offensive,Not_offensive,Not_offensive
I'm just now watching this movie Romba Nalaiku Appuram Aiyo Adhukkulla Padam Mudinjuruchana Feel Panna Vacha Movie... After Kgf,Not_offensive,Not_offensive,Not_offensive
கோயம்பத்தூர் சிங்ககுட்டிக்கு கிடைக்க போகுது ஹாட்ரிக் வெற்றிவாழ்த்துக்கள் ஹிப்ஹாப் தமிழா ஆதி அண்ணா🧡🧡,Not_offensive,Not_offensive,Not_offensive
Good arjun sarja fans hit like here,Not_offensive,Not_offensive,Not_offensive
"ஜெயம்ரவி இன்னொரு ஹிட் படம் தமிழில் புது விதமான படங்கள் நீங்கள் அளிப்பது மிகவும் சந்தோஷமாக உள்ளது தமிழில் ஸ்வாம்பி, விண்வெளி போன்ற புது கதை களங்கள் இன்னும் நிறைய எதிர்பார்க்கிறோம்",Not_offensive,Not_offensive,Not_offensive
Aiyooooo...inna lookuda love you Thalaiva,Not_offensive,Not_offensive,Not_offensive
pub g thumbnail nala iruku onum vitu vaikathinga,Offensive_Untargetede,Not_offensive,Not_offensive
Who's here after visvasam trailer?,Not_offensive,Not_offensive,Not_offensive
Yen paa hip hop uu un padathula heroine laam nalla jammunu irukkaangalae…,Not_offensive,Not_offensive,Not_offensive
NAYAKKAR VAMSAM SARBAGA INDHA MOVIE KU 100%% SUPPORT SIR,Not_offensive,Not_offensive,Not_offensive
gubeernu siruchavunga matum comment panunga...pandaram pans dhaiveseithu mokka thanama comment pannadhinga..,Offensive_Untargetede,Offensive_Untargetede,Offensive_Untargetede
(BEETHOVAN - ILLAYARAJA) sir. Good mov(i)e.,Not_offensive,Not_offensive,Not_offensive
Vera level getup last minute super bro,Not_offensive,Not_offensive,Not_offensive
Enna Orea music ah iruku,Not_offensive,Not_offensive,Offensive_Untargetede
Surya Anna fans hit like here,Not_offensive,Not_offensive,Not_offensive
காமெடி கலாட்டா சூப்பர் ஜெயம் ரவி அண்ணா,Not_offensive,Not_offensive,Not_offensive
2.3k dislikes maaha maanadu grps pola,not-Tamil,Offensive_Targeted_Insult_Group,Offensive_Untargetede
Thala masss... Thala pola varuma.. By. Usilai.p.m.thavasi,Not_offensive,Not_offensive,Not_offensive
nalla padam nalla tharamana padam jathi veri mananoi kana padam arumayana padam jathi veri vazhaga 🤦‍🤦‍chaik jathi maruppu thirumanam panna kudathunu nadaga kathal apdinra oru word a use panringada eppa v2la iruka ponnungala asinga padutharamathiri kannadi t shirt la potukunu vanthu emathuranunganu vai kurama solringa antha alavuka namba v2la iruka pombalainga moola illama irukanga 🤦‍🤦‍🤦‍,Not_offensive,Offensive_Targeted_Insult_Group,Not_offensive
watching trailer it was telugu ss rajmouli vikramarkudu remake movie...,Not_offensive,Not_offensive,Not_offensive
VAROM »»NGK. »»Kaapan »» Soorari potru. »»,Not_offensive,Not_offensive,Not_offensive
Viswasama pettayila pongal sapda porom...waiting both...,Not_offensive,Not_offensive,Not_offensive
60K likes left speed up guys speed up,Not_offensive,Not_offensive,Not_offensive
Rajini Mass Vijay sethupathi fans like poduga,Not_offensive,Not_offensive,Not_offensive
Vera level thala i love u...,Not_offensive,Not_offensive,Not_offensive
Ennangada Amma va animation pani vechrkeenga,Offensive_Targeted_Insult_Group,Offensive_Targeted_Insult_Group,Offensive_Untargetede
Inga ellarum Vijay pathi ajith pathi aadhi cmt pannittu irundhabothu oruthavan mattum @1.26 LA iswarya menon shake ah pathutuirundhN,Offensive_Targeted_Insult_Group,Not_offensive,Offensive_Targeted_Insult_Group
Ennangada thalaivi nu movie eduthutu...Amma ah katama Deepa ah katuringa...,Offensive_Targeted_Insult_Group,Offensive_Targeted_Insult_Group,Offensive_Untargetede
Its a Hindi pink movie remake...,Not_offensive,Not_offensive,Not_offensive
தமிழ்நாடே தூங்காம இருக்குன அது அஜித் ஒருவருக்காக மட்டுமே,Not_offensive,Not_offensive,Not_offensive
theriiiiiiiiiiiiiii almost viewed 100 more times,Not_offensive,Not_offensive,Not_offensive
1 like for alltime superstar “thala ajith,Not_offensive,Not_offensive,Not_offensive
Selvaaa! Will be surya’s best movie,Not_offensive,Not_offensive,Not_offensive
Viswasam bgm + NKP bgm = ASURAN Bgm trailer,Not_offensive,Offensive_Untargetede,Not_offensive
Ithayellam epdi da dislike panna manasu varuthu ungalukku,Offensive_Untargetede,Offensive_Untargetede,Offensive_Untargetede
After longtime #Mani# sir movie getting more likes than dislikes 🤣,Not_offensive,Not_offensive,Offensive_Untargetede
எத்தனை நாளைக்குடா உங்கள பத்தியே படம் எடுப்பிங்க?எங்க கஷ்டத்தை சொல்ல மிக சரியானா படம்.பல உயிர்கள் இந்த நாடக காதலால் பலி வாங்கப்பட்டு இருக்கு. அத நமது சமுதாய பெண்கள் பார்த்து திருந்த வேண்டும்,Not_offensive,Not_offensive,Not_offensive
100% nan Theatrela thaan intha padam papennu solravanga mattum oru like podunga,Not_offensive,Not_offensive,Not_offensive
Yaru kavuthe keka beka short filim nyabagham irukka?,Not_offensive,Not_offensive,Not_offensive
Only Sk Anna fans like adi,Not_offensive,Not_offensive,Not_offensive
10 times ku mela pathavan like potutu ponga,Not_offensive,Not_offensive,Not_offensive
#1 Trending idhuku mela enna venuu,Not_offensive,Not_offensive,Not_offensive
Super na always masss na neee,Not_offensive,Not_offensive,Not_offensive
Otha kekka bekka short film ah apdiye yeduthu vechi irrukinga...,Not_offensive,Not_offensive,Not_offensive
1.30 ragul preethi kooda sanda poduraru surya Annan,Offensive_Targeted_Insult_Other,Not_offensive,Not_offensive
Sambavam polichu pakshe kathiyude bgm kurachoode maatti cheyyarunnu,Offensive_Untargetede,Offensive_Untargetede,not-Tamil
2 millionaire viewers Gathu da,Not_offensive,Not_offensive,Not_offensive
Vera level trailer I have goosebumps,Not_offensive,Not_offensive,Not_offensive
thala fans poramaila solladhinga... unmailiye nalla illanu manasa thottu sollungada paapom.. thalapathy rocks daa...,Offensive_Targeted_Insult_Group,Not_offensive,Not_offensive
Awesome trailer yes true doesn’t look like mani Ratnam movie,Not_offensive,Not_offensive,Not_offensive
Suyama Sindhikka therinjavan dhaan super hero,Not_offensive,Not_offensive,Not_offensive
Gv music sema valthukkal enrum thalapathy rasigan samayan maduraikaran,Not_offensive,Not_offensive,Not_offensive
kangana best yaar kiya look same to same,Not_offensive,not-Tamil,not-Tamil
Vera level thala awesome make of trailer semaaa sola vartha iyeeee ilaaa,Not_offensive,Not_offensive,Not_offensive
வந்தா ராஜாவா தான் வருவேன்... ராஜாவா வந்தா ராஜாவுக்கு நூறு தோஸ்து!!!...,Not_offensive,Not_offensive,Not_offensive
THALAIVA U RGREAT... Semmmmmmmmmmmma masssssssssssss thalaiva...,Not_offensive,Not_offensive,Not_offensive
வேலூர் முத்தரையர் நாயக்கர் சார்பாக படம் வெற்றி பெற வாழ்த்துக்கள்,Not_offensive,Not_offensive,Not_offensive
1:55 for some #THALA & #THALAPATHY fans,Not_offensive,Not_offensive,Not_offensive
குரும்பக்கவுண்டர் சார்பாக உலகம் எல்லாம் வெற்றி பெற மனமார்ந்த வாழ்த்துக்கள் மீண்டும் வருவாள் திரெளபதி திரெளபதி,Not_offensive,Not_offensive,Not_offensive
Bgm semaya Iruku.. I think rakul preeti singh bold character kudithirukanha pola,Not_offensive,Not_offensive,Not_offensive
Mr.vandu kort la ipdilaam kaththa kudathu,Offensive_Targeted_Insult_Individual,Offensive_Untargetede,Not_offensive
நமக்குள் உட்பிரிவுகள் இருக்கும் வரை... நாமெல்லாம் சூத்திரர்களே... வேண்டாம் வெறி... பேணுவோம் அன்பு...,Not_offensive,Not_offensive,Not_offensive
Inda pgm La la land movie la Piano music,Not_offensive,Not_offensive,Not_offensive
thala ni oru mundham un padam dhandom,Offensive_Targeted_Insult_Individual,Not_offensive,Not_offensive
இளவரசன் மூலம் அரசியல் ஆதாயம் தேடிய நாய்களுக்கு நல்ல செருப்படி,Not_offensive,Not_offensive,Offensive_Targeted_Insult_Group
Verithanama irukunu naenaikiravan mattum like pannunga,Not_offensive,Not_offensive,Not_offensive
Final touch sema Bangam da dei,Offensive_Untargetede,Not_offensive,Not_offensive
Pink movie remake. ajith sir pls dont do remake movies,Not_offensive,Not_offensive,Not_offensive
"simbu, vijaysethupathy watching in same screen semaaaaaa",Not_offensive,Not_offensive,Not_offensive
Hindi movie a sarukhan nadicha padam apidiyea erukku,Offensive_Targeted_Insult_Individual,Not_offensive,Not_offensive
21 k dislike sc thevudiyaa pasanga,Offensive_Targeted_Insult_Group,Offensive_Targeted_Insult_Group,Offensive_Untargetede
Super contra game mari irukku...,Not_offensive,Not_offensive,Not_offensive
Still trending in SRILANKA number 2 Unka ellarayum kaali panran STR,Not_offensive,Not_offensive,Not_offensive
படம் Release ஆனதும் ஏதோ ஒரு ஜாதிய மட்டும் உயர்வாக சொல்ல போரணுக அப்போ இந்த ஒற்றுமை தாயோலிகள் நான்தான் பெருசுனு அடிச்சுட்டு சாவனுகசாதி கூதினு 🤬,Offensive_Targeted_Insult_Group,Not_offensive,Offensive_Targeted_Insult_Group
Naan oru vela vjs acting ku addict aayittena... 🤔,Not_offensive,Not_offensive,Offensive_Untargetede
Mayru mari irukku.seththa ponathukku yean da evala seen,Offensive_Untargetede,Offensive_Untargetede,Offensive_Untargetede
படம் பேரு NGK ஆணா எனக்கு கனத NTK யோட மாதிரி தெரியுது. புரியல நாம் தமிழர் கட்சி,Offensive_Targeted_Insult_Group,Not_offensive,Not_offensive
vijay anna...pinnitinga...ALL THE BEST FOR THE MOVIE!!! FINISHING TOUCH...tHeRi!!!,Not_offensive,Not_offensive,Not_offensive
Lyca hindi m bhi release krna,not-Tamil,not-Tamil,not-Tamil
எந்த ஒரு மிக பெரிய விஷயமாக இருந்தாலும் ஆதோட ஆணி வேர்ல இருந்து ஆரம்பிக்கிறதுதா அழகு இந்த லைன் யாருக்கெல்லாம் பிடிக்குமோ ஜெஸ்ட் லைக் இட்,Not_offensive,Not_offensive,Not_offensive
Kola gandula irrukuken mavaney kollama vida maten mass Thaliava,Offensive_Untargetede,Offensive_Untargetede,Offensive_Untargetede
mersal teaser 2 naal 15 milion views,Not_offensive,Not_offensive,Not_offensive
BGM Nerkonda Paarvai Madhiri eh iruke,Offensive_Targeted_Insult_Individual,Not_offensive,Not_offensive
மூன்றாம் கலைஞர் அண்ணா பேன்ஷ் லைக் தெறிக்கவிடுங்க,Not_offensive,Not_offensive,Not_offensive
இந்த படத்த பார்த்தே ஆகனும்னு பைதியம் பிடிச்சிருக்கு... வெயிட்டிங் ஃபார் NGK!,Not_offensive,Not_offensive,Not_offensive
Yaarelam Adichithoooku ku aprm inga vandhurukinga,Offensive_Untargetede,Not_offensive,Not_offensive
PS MITHRAN IS BETTER THAN SUJEETH,Offensive_Targeted_Insult_Individual,Not_offensive,Not_offensive
"ipom comentla pathi peru sk,u1,arjun,sakthimanetc..fans like pana solvanga.yanda.",Offensive_Targeted_Insult_Group,Not_offensive,Not_offensive
Ada paavigala ippadi amma padu kevalama asinga paduthitingalada,Offensive_Targeted_Insult_Group,Offensive_Targeted_Insult_Group,Offensive_Targeted_Insult_Group
Ab ye to nakli lg rhi hai Plastic ki dukaan Fake,not-Tamil,not-Tamil,not-Tamil
Ena Tamil cinema la nerya feel good movie varumm pola,Not_offensive,Not_offensive,Not_offensive
Oru pennai adichu thaan unka padam edukanuma aan adimai thanam pundainka,Offensive_Untargetede,Not_offensive,Offensive_Untargetede
தமிழ்நாட்டில் உள்ள வன்னியர்கள் திரௌபதி படத்தினை தியேட்டர் சென்று பார்த்தாலே படம் பிளாக் பஸ்டர்...,Not_offensive,Not_offensive,Not_offensive
மனிரத்னம் படமா எப்படியும் 100'ல 99 மொக்கையா தான் இருக்கும் இது எப்படி இருக்குனு பாப்போம்,Offensive_Targeted_Insult_Individual,Not_offensive,Not_offensive
Arasiyalukku varuvathu uruthi super ji superji,Not_offensive,Not_offensive,Not_offensive
ambala singamda namma moganji advance valthukkal ungal padam vetri pera,Not_offensive,Not_offensive,Not_offensive
but kannadigas and tamil fight naaaaaaaaaaa...,Not_offensive,Not_offensive,Not_offensive
You are very smart surya kua kmal dikhaya apna,not-Tamil,Not_offensive,Not_offensive
BIGIL WILL EAT KAITHIMARK MY WORDS,Offensive_Targeted_Insult_Individual,Not_offensive,Not_offensive
"Ita theme 5 varsham munb prithviraj sir chayyunna vidhathil njan vijarichatann,but kadha aaka ketath njanum Anta friendsum matram aarod parayanam Ann ariyatond aarondum paranjilla,IPO ith kandapol orupad Santhoshamayi,hatsoff guys",not-Tamil,Not_offensive,Not_offensive
Massssss selvaa annaa yuvan suryaaa annaa semmaaaa,Not_offensive,Not_offensive,Not_offensive
Deepavalikku un padathukku poren.. spr,Not_offensive,Not_offensive,Not_offensive
NGK to kaappan loading...,Not_offensive,Not_offensive,Not_offensive
தேவாங்க செட்டியார்களின் சார்பாக படம் வெள்ளிவிழா காண வாழ்த்துக்கள்,Not_offensive,Not_offensive,Not_offensive
Andha 4.2k dislikes rajini pans 🤣,Offensive_Targeted_Insult_Group,Offensive_Targeted_Insult_Group,Offensive_Untargetede
5th stranded papa va.. Paliyalpalathkaram kumpala pannuvam Baba...,Offensive_Targeted_Insult_Group,Not_offensive,Not_offensive
சமூக அவளங்களை துல்லியமாக தோலுரிகின்ற படம் நாடக காதல் #திரௌபதி வெற்றி பெற கோட்டூர் நாடானோட மனமாற்ந்த வாழ்த்துகள்,Not_offensive,Not_offensive,Not_offensive
Semma da dai.. Kadasiyila thaazhthapattavanga ngra perula antha naayinga panra attagasatheyellam kaatreenga.. Nalla oraikkattum antha pannadaingalukku... Intha vatti no Tamil rockers only theatre #isupporrdraupadi,Offensive_Targeted_Insult_Group,Offensive_Targeted_Insult_Group,Offensive_Targeted_Insult_Group
Ok today like pakka vantha Surya veriyar kale like pannunka,Not_offensive,Not_offensive,Not_offensive
Thala Rasigargal Saarpaka NGK Annan Surya Padam Miga Periya Vetriyadaiya Vazhthukkal,Not_offensive,Not_offensive,Not_offensive
Padippu mattum yaralaiyum eduka mudiyathu semma,Not_offensive,Not_offensive,Not_offensive
4k potta amai kunchus spotted so far...,Offensive_Targeted_Insult_Group,Offensive_Targeted_Insult_Group,Offensive_Untargetede
It seems like that Nerknoda paarvai would be better than Pink...THALA,Not_offensive,Not_offensive,Not_offensive
Lokesh kanagaraj thalapathy film sign pannittu bigil kuda ve release panringa🤔,Offensive_Targeted_Insult_Individual,Not_offensive,Offensive_Targeted_Insult_Individual
ஒட்டுமொத்த B C. M B C. மக்கள் இணைந்து இந்த படத்தை வெற்றியடைய செய்யவேண்டும் அப்போதுதான் நமது பெண்கள் பாதுக்ப்பாக இருப்பார்கள்!!!,Not_offensive,Not_offensive,Not_offensive
Nengaley ungala mel jathi nu sollikittu theriurathu lan oru perumaya thuu...!,Not_offensive,Not_offensive,Not_offensive
செம்மையான ட்ரைலர் யா வாழ்த்துக்கள்( பாத்துட்டு சாவுங்கடா ),Not_offensive,Not_offensive,Not_offensive
E ka Bawasir Bana Diye ho,not-Tamil,not-Tamil,not-Tamil
"காலா, கபாலி, அசுரன் படங்களுக்கு இணையாக திரௌபதி படம் தேவையில்லை... இந்த ட்ரைலர் மட்டும் போதும்",Not_offensive,Not_offensive,Not_offensive
Darbar motion poster theme song orey maari irukunu nenachu inga vanthavanga like pannunga,Not_offensive,Not_offensive,Not_offensive
Marana maasssu trailer.. Vera level Surya Anna,Not_offensive,Not_offensive,Not_offensive
திருமா இனி மேல் நீ குருமா,Offensive_Targeted_Insult_Individual,Not_offensive,Not_offensive
Bigil ku yevlo wait panramo athe alavuku kaithiku waiting,Offensive_Targeted_Insult_Individual,Not_offensive,Not_offensive
"இயற்கையாவே உற்பத்தி ஆகற நதிய தனக்கு மட்டுந்தானு சொந்தம் கொண்டாட்ற உரிமைய யாருங்க Remember hydrocarbon, methane issue",Offensive_Targeted_Insult_Group,Offensive_Targeted_Insult_Group,Not_offensive
நாமக்கல் மாவட்டம் கொங்கு வேளாள கவுண்டர்கள் சார்பாக படம் வெற்றி பெற வாழ்த்துக்கள்,Not_offensive,Not_offensive,Not_offensive
Padam pathuttu vanthu yaarellam intha trailer paaka vantheenga,Not_offensive,Not_offensive,Not_offensive
"Caste pakkama Unmaya love panravangalum irukka thana seiranga, love panra paiyan nallavana family nalla family ah nu paarunga pa, ellam ok na inter caste mrg panrathu thappu illa thana... Ithu Nalla unmaya love panravangalum paathika paduvangaleeee...",Not_offensive,Not_offensive,Not_offensive
indha trailer paakumbodhu enakkum andha disorder vandhrumo nu irukudhu pa,Offensive_Untargetede,Offensive_Untargetede,Offensive_Untargetede
1.40 ku U1 konnudaru bgm la bgme ivelo gethu nu annana intha bgm la epdi kattuvaru selva varattum pakkkkkkka arasiyal...,Not_offensive,Offensive_Untargetede,Not_offensive
Hindi la PK (Aamir khan) movie maadhiri vithyaasamaana storyline. Epdi use pannirukinga nu therila. Trailer super. Waiting for movie.,Not_offensive,Not_offensive,Not_offensive
யாருசாமி இவன்... சினிமா துறையில் எத்தனையோ இயக்குநர்கள் இருக்கின்றனர் But இந்த மாதிரி நாடக காதலை தோளுரித்துகாட்ட ஒரு இயக்குநர்களுக்கும் திராணி இல்லை... என் WhatsApp Status ல இந்த படம்தான்... படம் வெற்றி பெற வாழ்த்துக்கள்,Not_offensive,Not_offensive,Not_offensive
"Onnu Mattu Theridhu...kooda yevan Release pannalu,Maanam poidum pathukonga.🤣🤣 He is bak.",Offensive_Untargetede,Not_offensive,Offensive_Targeted_Insult_Individual
சூர்யா நற்பணி மன்றம் சார்பில் பெரிய வாழ்த்துக்கள்,Not_offensive,Not_offensive,Not_offensive
Padiputhaan miga serantha ayuthum. Matra Ayuthathai naam pudikavendum. Aanal kalvi enum ayutham nammai yenthi pudikum.,Offensive_Untargetede,Not_offensive,Not_offensive
Thalaaaaaaaaaaaa🤩🤩🤩🤩🤩🤩 who do you feel the same emotion???,Not_offensive,Not_offensive,Not_offensive
இந்த படம் வெற்றிபெற எல்லாம் வல்ல சிவனை வேண்டுகிறேன்.,Not_offensive,Not_offensive,Not_offensive
Siripu Prechana Sirichu Muchina Aluga Mudila Sirichuten 🤣🤣🤣,Not_offensive,Not_offensive,Offensive_Untargetede
Who is best movie Diwali? Bigil movie LIKE Kaithi movie. COMMENT,Offensive_Targeted_Insult_Individual,Offensive_Targeted_Insult_Individual,Offensive_Targeted_Insult_Individual
Kappan is worldwide block buster movie,Not_offensive,Not_offensive,Not_offensive
thalaiva avlo neram LA wait pana mudiyathu #intha pongal namaku sema entertainment ma,Not_offensive,Not_offensive,Not_offensive
G v p Kumar music Vera leval bgm,Not_offensive,Not_offensive,Not_offensive
love solla vekka padravan valla ve vekka padunnungo... mass thalapathy,Not_offensive,Not_offensive,Not_offensive
Dislikes pottavanga ellarum jaadhi veri pudicha dogs ah irupanunga..,Offensive_Untargetede,Offensive_Targeted_Insult_Group,Offensive_Untargetede
ஒரே மண்ல பிறக்குறோம் ஒரே மொழி பேசுறோம். நண்பர்களே போதும்.. காற்றில் விஷம் பரவுகிறது... அக்கறையுடன் தமிழன்.. உடனே நீ அந்த குருப் இந்த குருப் னு வராதீங்க...அக்கினி குஞ்சொன்று கண்டேன்,Not_offensive,Not_offensive,Offensive_Targeted_Insult_Group
1.40 to 1.41 yogi babu dead scene,Not_offensive,Not_offensive,Not_offensive
Sambavam sambavam nu solluvangale adhu indha pongalukku sirappa irukka pogudhu,Not_offensive,Not_offensive,Not_offensive
semaaaa ajith sir always mass hero,Not_offensive,Not_offensive,Not_offensive
இந்தத் திரைப்படம் எங்கள் குலதெய்வம் ஐயா காடுவெட்டி குரு விற்கு சமர்ப்பணம்,Not_offensive,Not_offensive,Not_offensive
"இது போன்ற திரைப்படங்கள் வருவதை தேவேந்திர குல வேளாளர் சமுதாயம் சார்பாக மிக்க மகிழ்ச்சியடைகிறேன்! படம் மிகப்பெரிய வெற்றியை அடைய வேண்டும்! நாடக காதல் திருமணங்களை பெண்கள், குழந்தைகள் புரிந்து கொள்ள வேண்டும்!",Not_offensive,Not_offensive,Not_offensive
1:56 in seeman thombiga yealarum paruga da!,Offensive_Targeted_Insult_Individual,Not_offensive,Not_offensive
Suriya anna the best next level kandipa mass selva vision and uvanism,Not_offensive,Not_offensive,Not_offensive
Unaku padam ma eduka theriyatha.. ithu la bio pic variya aa.. kastham da samy...,Offensive_Targeted_Insult_Individual,Offensive_Targeted_Insult_Individual,Offensive_Untargetede
எங்களின் இத்தனை நாள் ஆதங்கத்தை இந்த படம் தீர்க்க போகிறது என்று நினைக்குறேன் Trailor ஐ பாக்கும் போது போலி போராளிகளுக்கு செருப்பை சாணியில் முக்கி வாயில் கவ்வ குடுத்து அடித்த மாதிரி இருந்துச்சு,Not_offensive,Not_offensive,Offensive_Targeted_Insult_Group
Engal mana kumuralai thirai padama iyakiyathuku nandrigal - Erode Kongu Gounden,Not_offensive,Not_offensive,Not_offensive
Namma kitta kaadu irrundha vankikuvanuga kaasu irrundha pudikinkeguvanuka padippa mattum than namma kitta irrundhu edukka mudiyathu mass🤔🤔🤔,Not_offensive,Not_offensive,Not_offensive
Thala fans trending no 1 kondu vanga,Not_offensive,Not_offensive,Not_offensive
Movie vera level தான் like kgf,Not_offensive,Not_offensive,Not_offensive
0:33 vfx vera level.. Avengers effect pa,Not_offensive,Not_offensive,Not_offensive
Zero movie ke crew ko bulakar koi reshoots.lo,not-Tamil,not-Tamil,not-Tamil
Chiyaan looking super swag!!! At this age stunning.!!!,Not_offensive,Not_offensive,Not_offensive
Poli padam mass ayirikkum urap,Not_offensive,Not_offensive,Not_offensive
வன்னியர் வீரமும் பாசமும் உலகறியச் செய்வோம் திரௌபதி படம் வெற்றி அடைய வாழ்த்துக்கள்,Not_offensive,Not_offensive,Not_offensive
"Dei, ennada,.. 'CONAIR' padatha kavuthi pota madiri iruku unga 'KAITHI'\r thiruttu payale Lokesuh???!!!",Offensive_Untargetede,Offensive_Targeted_Insult_Other,Offensive_Untargetede
varalam varalam varalam va bairavaaa <3,Not_offensive,Not_offensive,Not_offensive
2:08 ivarukku vayasu 60+ ah illa 30+ ah???,Not_offensive,Not_offensive,Not_offensive
திருப்பத்தூர் வன்னிகுல சத்தியன்.. இந்த படம் வெற்றி பெற வாழ்த்துக்கள்...,Not_offensive,Not_offensive,Not_offensive
Trailer vera level nu solravanga like poduga,Not_offensive,Not_offensive,Not_offensive
Diwali ku sambavam unduu...#kaithi marana waiting,Offensive_Untargetede,Not_offensive,Not_offensive
Ending vera level Da saami Arasiyal ku varuvadhu urudhi,Not_offensive,Not_offensive,Not_offensive
Intha alavu mass ahh surya va naan ithu vara paathathilla... Specially end..varoom..Paar,Not_offensive,Not_offensive,Not_offensive
Who gave dislike is ajith fan,Not_offensive,Offensive_Untargetede,Offensive_Untargetede
Mission impossible tamil version pakkura madhiri irukku vera level,Not_offensive,Not_offensive,Not_offensive
semma movie irukka poguthu ennoda birthday ku release aganu AUG 06 title tha maranaa masssssssssssssssssssssssssssssssssssssssssssssss...…………...………...,Not_offensive,Not_offensive,Not_offensive
Ranjith unnaku tha film eduka theriuma,Not_offensive,Not_offensive,Not_offensive
"இத்திரைக்காவியம் வெள்ளி விழா காண வாழ்த்துக்கள். - அருண் விஸ்வகர்மா, சேலம் மாவட்டம்",Not_offensive,Not_offensive,Not_offensive
padam mokkaiya aga pothu nu nallavea theriyuthu,Offensive_Targeted_Insult_Individual,Offensive_Untargetede,Offensive_Untargetede
Kerala brabhu deva fans like addi,Not_offensive,Not_offensive,Not_offensive
2:11 semma smile sweet sapada poroum pongal ku,Not_offensive,Not_offensive,Not_offensive
Looks very good...vaa thalaiva vaa!,Not_offensive,Not_offensive,Not_offensive
Yenna voice ya.. Paaaaaaa.. Ajith.. Full of positivity,Not_offensive,Not_offensive,Not_offensive
SK vera 11 its just beginning,Not_offensive,Not_offensive,Not_offensive
She looks like a dall..,Offensive_Targeted_Insult_Individual,Offensive_Targeted_Insult_Individual,Not_offensive
U1. Thala fans yarellam thala 60kum uvan music panna nalla irukumnu aasapaduringa? Like me.,Not_offensive,Not_offensive,Not_offensive
Super rajinkanth sir all the best in karantaka challenge darshan fans,Not_offensive,Not_offensive,Not_offensive
Mass Surya sir super you also grea man NGK varanumaaaaàaaaa,Not_offensive,Not_offensive,Not_offensive
Ayyo ayyo ayyo saththiyama enakku theriyathu trailer vara poahuthunnu ippathaan paaththan surya anna rompa ethirparppoada weit panran patta kelappuram,Not_offensive,Not_offensive,Not_offensive
Suriya lalettan combo polikkum kerala suriya and lalettan fans adi like,Not_offensive,not-Tamil,not-Tamil
யாரெல்லாம் தமிழ்சினிமா review பிரசாந்த் சொல்லி வந்திங்கோ like podunga,Not_offensive,Not_offensive,Not_offensive
Tirunelveli slang..kekrapa evlo alaga iruku,Not_offensive,Not_offensive,Not_offensive
Ab kuch log ake comment karenge Loda he to like kare Losan Kare,not-Tamil,not-Tamil,not-Tamil
yuvan selva combo na summava...,Not_offensive,Not_offensive,Not_offensive
24 மனை தெலுங்கு செட்டியார் சார்ப்பகா வாழ்த்துகள்,Not_offensive,Not_offensive,Not_offensive
Music & trailer mass ahh irukku,Not_offensive,Not_offensive,Not_offensive
18k dislike pple hang yourself Teaser is mind blowing 80s Rajini sir is back,Offensive_Untargetede,Not_offensive,Offensive_Untargetede
Luv u Jayam Ravi luv u man from Prabhas fans,Not_offensive,Not_offensive,Not_offensive
தமிழ் மக்கள் சார்பில் படம் வெற்றி பெற வாழ்த்துக்கள்,Not_offensive,Not_offensive,Not_offensive
Pink 2 looks like who thinks???,Not_offensive,Not_offensive,Not_offensive
super ilike this moovi vijay fans,Not_offensive,Not_offensive,Not_offensive
வித்தியாசமான முயற்சி இந்த திரைப்படம் மாபெரும் வெற்றியடைய எங்கள் தளபதி சிவகார்த்திகேயன் அண்ணா ரசிகர்கள் சார்பாக வாழ்த்துக்கள்🤗 #ThalapathSK #JayamRavi,Not_offensive,Not_offensive,Not_offensive
sathima solra adicha underware odda vitarava,Offensive_Untargetede,Not_offensive,Offensive_Targeted_Insult_Individual
1:33 Vantha raja va tha varuvan vantha raja vuku 100 dhostu#str,Not_offensive,Not_offensive,Not_offensive
"Arya want to marry again, 0:50 @",Offensive_Targeted_Insult_Individual,Not_offensive,Not_offensive
Thalaivar varoporaar...Jonjo odhingiru odi padhungiru varadhu thalaivar PETTA PARAAK,Offensive_Untargetede,Not_offensive,Offensive_Untargetede
Unmaiyana Kadhalargal Saarbagha padam vettri adaiya Vazhthukkal 🤗,Not_offensive,Not_offensive,Not_offensive
"பக்கா அரசியல் ட்ரைலர் படம் கண்டிப்பா செல்வராகவன் சூர்யா அண்ணன்களுக்கு தரமான வெற்றியை தரும், யுவன் மியூசிக் மாஸ்டர் பீஸ்...\r \r Trailer Link: …\r \r #Suriya #SelvaRaghavan #YuvanShankarRaja #NGKTrailer #NGKAudioAndTrailerFromToday #NGKFire",Not_offensive,Not_offensive,Not_offensive
Kajal Fans Subscribe,Not_offensive,Not_offensive,Not_offensive
NGK MASS PAKKA MASS NKP,Not_offensive,Not_offensive,Not_offensive
Cast vendaom..hana nenga mathi mathi sanda poduringa ungala karthar mannika mattar.yallarum mannipu kelunga eyasappa kitta,Not_offensive,Not_offensive,Offensive_Targeted_Insult_Individual
இந்த பொள்ளாச்சி பாலியல் வழக்கையும் ஒருக் கை பாத்துடுங்க திரெளகூதி,Offensive_Targeted_Insult_Group,Not_offensive,Not_offensive
மட்டை ஊறுகாய் அனுபவம் உள்ளவர்கள் யாராவது இருக்கிங்களா,Not_offensive,Not_offensive,Offensive_Targeted_Insult_Group
En nan suriya fan thana en yarum ennoda comment ku matum like poda matringa,Offensive_Targeted_Insult_Other,Not_offensive,Offensive_Untargetede
Tha looking is Tha English man,Not_offensive,Not_offensive,Not_offensive
50k views 95k likes karthi fans oda power semma,Not_offensive,Not_offensive,Not_offensive
Super trailer and bgm Vera level,Not_offensive,Not_offensive,Not_offensive
Kandippa padam out super steryea comment... podanga,Offensive_Targeted_Insult_Group,Not_offensive,Not_offensive
இது சோழராஜ்யத்தின் கடைசி தகர அண்டா பரம்பரை...,Not_offensive,Not_offensive,Not_offensive
"Nice, aana Trailerlaye paathi padam vanthachi",Not_offensive,Not_offensive,Not_offensive
GVP killedd the bgmmwathaaa kolaaa masss bgmmm,Offensive_Untargetede,Not_offensive,Not_offensive
Ellam ok...but antha blue satti ya nenicha tha knjam bayama iruku 🤣🤣🤣🤣,Offensive_Targeted_Insult_Individual,Offensive_Targeted_Insult_Individual,Offensive_Targeted_Insult_Individual
Vijay ah seruppala adicha inimey padamey edukka mattan🤨🤨🤨🤨🤨🤨,Offensive_Targeted_Insult_Individual,Offensive_Targeted_Insult_Individual,Not_offensive
Thala nee mass thala yara varuva o munadi,Not_offensive,Not_offensive,Not_offensive
"Wow, 100k likes vanthuduchu, fastest 100k likes in 30 mins..",Not_offensive,Not_offensive,Not_offensive
"Dei idhu 96, yaara emathura",Offensive_Untargetede,Not_offensive,Offensive_Untargetede
Vera level la iruku!!! VFX is awesome...,Not_offensive,Not_offensive,Not_offensive
This movie will be superhit. Is movie ka Hindi remake jarur banega. Ye movie KGF ki tarah hit hogi,not-Tamil,not-Tamil,not-Tamil
Abhay deol. Enna.. Nadippu... Super,Not_offensive,Not_offensive,Not_offensive
Adae musican joker patha psycoRatscan nayabgam varum mysskin,Offensive_Targeted_Insult_Group,Not_offensive,Not_offensive
One more flop for Shankar,Offensive_Targeted_Insult_Individual,Offensive_Targeted_Insult_Individual,Offensive_Targeted_Insult_Group
Maranam massu maranam athuku thalairu thanda varana...super thalaiva,Not_offensive,Not_offensive,Not_offensive
0:36 hei idhu ve meedhi kaasu thaanda,Offensive_Untargetede,Offensive_Targeted_Insult_Group,Not_offensive
Paarpan sunnia oombura kootathoda padam pole. Nee evalavu uyar saadhi nu kathunaalum ommale thondailaye erakkuvan di paappaan. Loosu koodhigala,Offensive_Targeted_Insult_Group,Offensive_Targeted_Insult_Individual,Offensive_Targeted_Insult_Group
i bet innikku mattume 500k likes melavarumnu nenaikiren enna na solrathu correct thaana friends.,Not_offensive,Not_offensive,Not_offensive
Thalaivaaa sema sema...tharamana sambavam awaits... Adichu underwear oda oadavittruven...,Not_offensive,Offensive_Untargetede,Not_offensive
Dipavali vettri nayagan Thala fanzz full support for kaithi,Not_offensive,Not_offensive,Not_offensive
50K left for 600K likes,Not_offensive,Not_offensive,Not_offensive
Naidu ponnai katuvan rediar ponnai katuvan enru sollamattan tamil sathi pengalaithan solvan,Not_offensive,Not_offensive,Offensive_Targeted_Insult_Individual
சாதியை வைத்து தீண்டாமையை ஒழிக்க படமாக்குவது முற்போக்குத்தனம்... அதே சாதியை வைத்து வன்முறையை தூண்டுவதுபோல் படமெடுப்பது முட்டாள்தனம்... பரியேறும்பெருமாள் என்ற ஒடுக்குமுறை படைப்புகளுக்கு முன்... இந்த திரௌபதி என்ற சாதியவெறி படைப்பாகாது. comment box க்கு வரும் தோழர்கள் சாதி என்ற செருப்பை கழட்டி விட்டு வரவும். என்னோட blood O+,Not_offensive,Not_offensive,Not_offensive
Nalla iruku aana etho miss aaguthu,Not_offensive,Not_offensive,Not_offensive
Ayan pola kaapan varum Kaapan pola entha padanda varum surya fans is like,Not_offensive,Not_offensive,Not_offensive
Thala's hardwork + dedication in the movie next level #Thalaaaaaaaaaaa,Not_offensive,Not_offensive,Not_offensive
Paakradhuku Chinna paiyan Maari style ah irukeenga... How true?,Not_offensive,Not_offensive,Not_offensive
Pakarathuku Chinna paiyan maathiriya??? poi sonnalum oru nayam venamada!!!,Offensive_Untargetede,Offensive_Targeted_Insult_Individual,Not_offensive
Devidiya padam punda aenda love panna ennada thappu kena pundaikala,Offensive_Untargetede,Offensive_Targeted_Insult_Group,Offensive_Untargetede
Nerkonda Parvai Blue Sattai Maran Review,Not_offensive,Not_offensive,Not_offensive
எங்கள் ஊரில் எடுத்த படம் வெற்றி பெற வாழ்த்துக்கள்,Not_offensive,Not_offensive,Not_offensive
Suriya anna kola waiting Thalaiva Kerala Singakotta Therikkapoguthu,Not_offensive,Not_offensive,Not_offensive
KGF + Irumbu kottai murattu singam,Not_offensive,Not_offensive,Not_offensive
சூதாட்டம் தொகு கௌரவர்களுடன் சூதாட்டத்தில் தருமர் தன் நாடு முதல் அனைத்தையும் இழந்த நிலையில் இறுதியாக பாண்டவர் மனைவியான #திரெளபதியை வைத்து சூதாடினார். ஆயினும் அங்கே சகுனியின் கபட ஆட்டத்தால் தருமர் தோல்வியடைந்தார். இதன் காரணமாக திரெளபதி கௌரவர்களுக்குச் அடிமையானாள். திரெளபதியின் குழந்தைகள் தொகு திரெளபதிக்கு பாண்டவர் ஐவர் மூலமாக உபபாண்டவர்கள் எனும் ஐந்து குழந்தைகள் பிறந்தனர்.,Not_offensive,Not_offensive,Not_offensive
1:30 to 1:36 kokki kumaru bgm reference...,Not_offensive,Not_offensive,Not_offensive
Ye kya cartoon bana diye ho be?,not-Tamil,not-Tamil,not-Tamil
"HIT LIKE If Naanga Anil kunjunga Katharatha paakave inga vanthom,,, katharunga daa, Nxt suprstar dawww Buy Rava 1000 kodi dawww Original hair dawwwww",Offensive_Targeted_Insult_Group,Offensive_Untargetede,Offensive_Targeted_Insult_Group
"Apocalypto maari tribes pathi padam pola, such a barbarian mindset.",Offensive_Targeted_Insult_Group,Not_offensive,Not_offensive
thala nu solu Orama nillu <3,Not_offensive,Offensive_Untargetede,Not_offensive
Semma dialogues & semma dialogues delivery.. thala look like a LION man,Not_offensive,Not_offensive,Not_offensive
Indha ViGay pans Naaiga irukaanugale...smh.. Loosu Koomuttaiga.. Oru Elavum theriyaama 'theri baby'nu thiriyudhunga karumangal,Offensive_Targeted_Insult_Group,Offensive_Targeted_Insult_Group,Not_offensive
First hindi me release karo phir like karoong.,not-Tamil,not-Tamil,not-Tamil
Ading potta punda thalapathy scene la sirikkira,Offensive_Untargetede,Offensive_Targeted_Insult_Other,Offensive_Untargetede
ஐயோ முடியல சிரிச்சி சிரிச்சி வயிறு வலிக்குது,Not_offensive,Offensive_Untargetede,Offensive_Targeted_Insult_Group
Athulya and anjali look like sisters,Not_offensive,Not_offensive,Not_offensive
Dei nadhari pasikuthu na ipdi dha kathuviya??kaadhu valikuthu da kulla,Offensive_Targeted_Insult_Individual,Offensive_Untargetede,Offensive_Targeted_Insult_Group
Dislike kodu velaku vachitu okarunanga silar,Offensive_Untargetede,Offensive_Untargetede,Offensive_Untargetede
Indha madhri suparana trailer ye na pathade ille,Not_offensive,Not_offensive,Not_offensive
Love you Rajni sir and akki paji,not-Tamil,Not_offensive,Not_offensive
48K likes left for 500K likes,Not_offensive,Not_offensive,Not_offensive
Thalaiva veriththanama iruku...vera level teaser...,Not_offensive,Not_offensive,Not_offensive
Mass solla kudhadu edu vera level. Nanma tamil moive vera level pogadu,Not_offensive,Not_offensive,Not_offensive
Kishor kumar 24 hit endu sonna sireppanga tamil naddula but telegu hit irukkallam,Offensive_Targeted_Insult_Other,Not_offensive,Not_offensive
Bigil ku opp a tharamana Padam,Offensive_Targeted_Insult_Individual,Not_offensive,Offensive_Targeted_Insult_Individual
Thalapathy fans orutharukku kooda Vikram sir ah pudikkama irundhadhe illa... that's for chiyan Vikram,Not_offensive,Not_offensive,Not_offensive
#300K Likes on You Tube,Not_offensive,Not_offensive,Not_offensive
கிராமனி' நாடார்' மூப்பர் 'சானார்' இன சான்றோர் குலத்தின் சார்பாக வாழ்த்துக்கள்...,Not_offensive,Not_offensive,Not_offensive
Last Dialogue ah tha Intha Video Pakura Ellarum Kadapidika Vendiya Visayam..,Not_offensive,Not_offensive,Not_offensive
"Chala bagundi, khoob bhalo trailer, super Jaiyam Sir",not-Tamil,Not_offensive,not-Tamil
Hindi wala hai koi jo bina language samje poora trailer dekh liya.,not-Tamil,not-Tamil,not-Tamil
thalaivaaaaa suma alluthu evlo nal aachu ipdi ungala screen la parthu karthik subburaj thx broooooooo,Not_offensive,Not_offensive,Not_offensive
செட்டியார் இனம் சார்பாக 150000 ஒரு லட்சத்து ஐம்பதாயிரம் டிக்கெட் வரை கொடுப்பதற்க்கு பேச்சுவார்த்தை நடந்து கொண்டிருக்கிறது,Not_offensive,Not_offensive,Not_offensive
Vantha Rajava Than Varuven...STR Fans like here...,Not_offensive,Not_offensive,Not_offensive
idha idha idhathan yedhirparthen...Vijayna mass illa...Pakka mass...waiting...,Not_offensive,Not_offensive,Not_offensive
Hitler ivaluv iruthan na...enna da dialogue aluthuringa samathamai illama...hitler 6 adi irupan da... height an weight ah...apahhhhh..,Not_offensive,Not_offensive,Offensive_Targeted_Insult_Group
Thank u siva sir enga thala kaga elunthuna story eluthuna dialogue,Not_offensive,Not_offensive,Not_offensive
Thalaaaaaaaaaaaaaa aaaaaaaaaaaaaaaaaaaaaaaaaaaaaaaaaaaaaaasaaaa aaaaaaaaaaaaaaaaaaaaaaaaaaaaaaaaaaaaaaasaaaa aaaaaaaaaaaaaaaaaaaaaaaaaaaaaaaaaaaaaaasaaaa aaaaaaaaaaaaaaaaaaaaaaaaaaaaaaaaaaaaaaasaaaa aaaaaaaaaaaaaaaaaaaaaaaaaaaaaaaaaaaaaaasaaaa aaaaaaaaaaaaaaaaaaaaaaaaaaaaaaaaaaaaaaasaaaa aaaaaaaaaaaaaaaaaaaaaaaaaaaaaaaaaaaaaaasaaaa aaaaaaaaaaaaaaaaaaaaaaaaaaaaaaaaaaaaaaasaaaa aaaaaaaaaaaaaaaaaaaaaaaaaaaaaaaaaaaaaaasaaaa aaaaaaaaaaaaaaaaaaaaaaaaaaaaaaaaaaaaaaasaaaa aaaaaaaaaaaaaaaaaaaaaaaaaaaaaaaaaaaaaaasaaaa,Not_offensive,Not_offensive,Not_offensive
"#நாடகக்_காதல் நான் தீண்டத் தகாதவன் என்றேன். நான் தீண்டத் தகுந்தவள்தான் தீண்டு என்றாள்... நான் தொட்டால் தீட்டு என்றேன். மாதம் மூன்று நாட்கள் 'தீ்ட்டின்' எரிச்சலில் இருந்து முந்நூறுநாள் விடுபடவேண்டும் என்றாள். என் வர்ணம் வேற என்றேன். புதுவர்ணத்தில் குழந்தை பிறக்கும் வா என்றாள். நான் தேங்கா சிரட்டையில் நீர் அருந்துபவன் என்றேன். அட 'ஆர்கானிக்' வழிமுறை என கண்சிமிட்டினாள். நான் பறை வாசிப்பவன் என்றேன். ஹம்.. எப்போதும் உற்சாகமாய் இருப்பவன்னு சொல்லு, என்னால் பத்து பிள்ளைக்குமேல் பெறமுடியாது என்றாள். நான் சேரியில் வசிப்பவன் என்றேன். உலகமே புறந்தள்ளினாலும் தனித்து வாழ பழகியவன் என்று சொல் என்றாள். நான் அடிமை என்றேன்: நானே உனது திறவுகோல் ஆடைகளைந்து கொள் என்றாள். இதுபாவம் என்றார்களே என்றேன். புணர்தலில் இல்லை பாவம் 'உணர்ந்துகொள்' என்றாள். தீண்டத் தகுந்தவனும் தீண்டத் தகுந்தவளும்.",Not_offensive,Not_offensive,Not_offensive
மேலும் இது போன்ற பல திரைபடங்கள் எதிர்காலத்தில் வரவேண்டும். சங்கே முழங்கு சாதிகள் உள்ளது என... தீரன் அண்ணன்மார் ரத்தம் தீராத யுத்தம்...,Not_offensive,Not_offensive,Not_offensive
Movie Miru Mari irukum...pathala therithu🤣 manga mandingilla🤣🤣,Offensive_Targeted_Insult_Group,Not_offensive,Not_offensive
Mavanay unnoda flim vodadhu eludhi vatchuko continue unnga flim flop tha agitu irruku idhuvum vodadhu...enga thalvara seendu parthita..hello mobile ringtone vatchu comedy pandringa,Offensive_Untargetede,Offensive_Targeted_Insult_Group,Offensive_Targeted_Insult_Group
15 million views for #kaappaan teaser,Not_offensive,Not_offensive,Not_offensive
Vjs portion neraya katirkalam.. love for vjs,Not_offensive,Not_offensive,Not_offensive
Padam full ah iruttah irukkum polaye,Offensive_Untargetede,Not_offensive,Not_offensive
Anybody seen kekabeka kekabeka short flim,Not_offensive,Not_offensive,Not_offensive
sivakarthikeyan & yuvan shankar raja \r Fans Hit like,Not_offensive,Not_offensive,Not_offensive
Adu Maathri Nadaka Koodthu Thala best,Not_offensive,Not_offensive,Not_offensive
Trailer pakara apo kanithan movie feel varudhu,Offensive_Targeted_Insult_Individual,Not_offensive,Not_offensive
Bhai hindi m bhi ek mahine baad km se km release kr diya kro,not-Tamil,not-Tamil,not-Tamil
திருச்சி மாவட்டம் சோழிய வெள்ளாளர் சார்பாக படம் வெற்றி பெற வாழ்த்துக்கள்,Not_offensive,Not_offensive,Not_offensive
90K left for 12M views,Not_offensive,Not_offensive,Not_offensive
Thala u1 music vera level,Not_offensive,Not_offensive,Not_offensive
Suyama yosikkiravan super hero va appuram yenda krish kick 2 velayutuam ithalam kalanthu adicha maathiri irukku,Offensive_Targeted_Insult_Individual,Offensive_Untargetede,Not_offensive
Entha padathuku hero Arjun na illa sk va ( trailer la full a Arjun than hero role matiri iruku),Offensive_Targeted_Insult_Individual,Offensive_Untargetede,Not_offensive
Enna Mass daa ipah alluvitruchu,Not_offensive,Offensive_Untargetede,Not_offensive
Ena da pani vachuriknga sathyama Siva ku edhala suit agathu da.. Arjun sir always rocks..,Offensive_Targeted_Insult_Individual,Offensive_Targeted_Insult_Individual,Not_offensive
Trailer sema luv u thala,Not_offensive,Not_offensive,Not_offensive
மகிழ்ச்சி அண்ணா நாங்கள் உங்களுக்கு ஆதரவாக குரல் கொடுப்போம்,Not_offensive,Not_offensive,Not_offensive
Tamilnattu pirpaduthappatta samugangalin sarpaka padam vetri adya vazhthukkal!!!,Not_offensive,Not_offensive,Not_offensive
நாடக காதல் கும்பல் தா சாவுங்க da!!,Not_offensive,Offensive_Targeted_Insult_Group,Not_offensive
Plz kannada dab panni rimek pannunga plz,Not_offensive,Not_offensive,Not_offensive
Kaappaan&NGK...2teaser yum maathi maathi paakkuravanga irukkingala,Not_offensive,Not_offensive,Not_offensive
Thala and Thalabathi avanga fans ku solla asapadradhu ithu thaan.. Piurinjukonga da deiii. 1:55,Not_offensive,Not_offensive,Offensive_Untargetede
Kandipa Bigil Blockbuster Inda Movie Dhan Solidavanga Like Pannunga,Not_offensive,Not_offensive,Not_offensive
Oru rekshem illa pwli mass... Suryaa annnaaaa,not-Tamil,Not_offensive,Not_offensive
ஆ.தி.மு.க கொடிக்கு பதிலா தி.தி.மு.க கோடி வெச்சுருக்கீங்க.,Not_offensive,Not_offensive,Not_offensive
Tirupur dt sarbakha vaalthugal,Not_offensive,Not_offensive,Not_offensive
Ayyyyyyyyyyyoooo... Marana level... Kalaila irundhu ethana dhada paathennu enakke therila... Paathute irukken...,Not_offensive,Not_offensive,Not_offensive
yeserday no 2 treanding srilanka today no 5 #thala,Not_offensive,Not_offensive,Not_offensive
varlam varlam vaa.. varlam vaa.. bairavaaa... Mass summa aluthuuu paaa...,Not_offensive,Not_offensive,Not_offensive
Feb 14. Singles ku nalla treat iruku. Romance vida funna ah irukum pola,Not_offensive,Not_offensive,Not_offensive
2:01 to 2:13 dialogue for bigil,Not_offensive,Not_offensive,Not_offensive
A1 padamey vandhurichi...Sikiram padatha release panunga ya.. Thalaivanuku Hat-rik hita irukum...,Not_offensive,Not_offensive,Not_offensive
Poradurathu thappunna..poradura sulunalaye uruvaakuradum thappu daane,Offensive_Targeted_Insult_Group,Not_offensive,Offensive_Untargetede
Mirattala eruku.trailer and bgm goosebumps...,Not_offensive,Not_offensive,Not_offensive
Nanum jayalalithavoda danca padathla pathirukkan eppada amma intha maari cinemala dance aaduchi,Offensive_Targeted_Insult_Group,Offensive_Targeted_Insult_Group,Offensive_Targeted_Insult_Group
Tamilnadum Aalanum cinema Aalanuma Nalla varuvinga daa,Offensive_Untargetede,Offensive_Untargetede,Not_offensive
Enna da hollywood level ku poitinga,Not_offensive,Not_offensive,Not_offensive
Waiting for darbar trailer from kerala,Not_offensive,Not_offensive,Not_offensive
Marvellous Fabulous Superb Salute to Shankar...,Not_offensive,Not_offensive,Not_offensive
From Kekka Bekka Short Film,Not_offensive,Not_offensive,Not_offensive
"Thala na Thala dhan, vera level ultimatu",Not_offensive,Not_offensive,Not_offensive
கதறல் அதிகமா இருக்கு... படம் வெற்றி பெற என் வாழ்த்துக்கள் சேலம்VM:,Not_offensive,Not_offensive,Not_offensive
Onumeh purilanu sollaravanga like pannunga 🤣but like myskinn movies,Not_offensive,Not_offensive,Not_offensive
Vanthathu vanthuteenga thala fans ellarum like potutu ponga,Not_offensive,Not_offensive,Not_offensive
அரசியல் ஜாதி இல்லையா ஸ்கூல்ல ஜாதி இல்லையா அரசியல் சாசன தல இருந்து சாதியோடு தமிழ் நாட்டில் ஜாதி இல்லாம போகும் மண்ணும் பொன்னும் ஒன்னு தான் கைவைத்தால் வெட்டு,Offensive_Targeted_Insult_Group,Not_offensive,Not_offensive
Last music ayiruthil oruvan music Mari irukunu nenachavanga hit like,Not_offensive,Not_offensive,Not_offensive
AMAZING RAJINI ANTEY RAJINI EY DAAW WAITING FOR MOVIE,Not_offensive,Not_offensive,Not_offensive
What did you say Meera Krishnan? What did you tell him? Goosebumps!,Not_offensive,Not_offensive,Not_offensive
படம் வெற்றி பெற வாழ்த்துக்கள் குடும்பத்துடன் அனைவரும் பார்க்க வேண்டும்,Not_offensive,Not_offensive,Not_offensive
Vijay sethpathi intha padathula irukanala onnum sollala poi tholinkada pem...,Offensive_Targeted_Insult_Individual,Offensive_Targeted_Insult_Group,Not_offensive
iam Vijay fans irunthalum sollura trailer supera irukku,Not_offensive,Not_offensive,Not_offensive
Pollachi il Padam nichiyam vetri perum,Not_offensive,Not_offensive,Not_offensive
Jayam ravi mass panna porean da,Not_offensive,Not_offensive,Not_offensive
Arshad Warsi Ne Bola Tha #PagalPanti Main... Kaun Hain Yeh!! Seriously Kaun Hain Yeh?? 🤣🤣🤣,not-Tamil,not-Tamil,not-Tamil
Ada paavingala kadaisila yenga thalavara komali akitingaleda,Offensive_Untargetede,Offensive_Targeted_Insult_Group,Offensive_Untargetede
Yaru Ella visvasam motion poster pathutu varingalo like pannuga,Not_offensive,Not_offensive,Not_offensive
Kathi laga vundhi movie telugu lo,not-Tamil,not-Tamil,not-Tamil
Parava illa nalladhan irukku dialogue is good,Not_offensive,Not_offensive,Not_offensive
Million views vara Wait panravanga Yaaru,Not_offensive,Not_offensive,Not_offensive
Thala madhiri thuiya Tamil pessi nadikka mudiuma thala tamilan da,Not_offensive,Not_offensive,Not_offensive
Hip hop aadhi illa ha ha ha ha adhi🤣🤣🤣🤣🤣🤣,Not_offensive,Not_offensive,Not_offensive
வா தலைவா! வா 10M பார்வையாளர்கள் நீங்க எப்பவுமே நம்ம இதயத்தளபதிதான்.,Not_offensive,Not_offensive,Not_offensive
Semma trailer... oru nalla entertain movie iruku,Not_offensive,Not_offensive,Not_offensive
உலகம் அழியுது இல்லையோ ஆனால் சாதியால் தமிழ்நாடு அழிந்துவிடும் நடிகர் கருணாஸ் நீ வர வர ரொம்ப காமெடி பண்ற டா,Offensive_Targeted_Insult_Individual,Not_offensive,Not_offensive
சமூகத்தில் இந்த படத்தை மக்கள் ஆதரிக்க வேண்டும்.இந்த படம் வெற்றி அடைய வாழ்த்துக்கள்,Not_offensive,Not_offensive,Not_offensive
Indha character Ku Nithya Menon dha select pananga yen Kangana mathitanga... Suite agala...,Offensive_Targeted_Insult_Group,Offensive_Targeted_Insult_Individual,Not_offensive
Latest dubsmash Tamil girls hot videos Tamil latest hot girls video,Not_offensive,Not_offensive,Not_offensive
ONE WORD: MASTERPIECE THANKYOU SHANKAR SIR FOR VFX TREAT,Not_offensive,Not_offensive,Not_offensive
Ultimate Star AJITH KUMAR Vaazhga.. Thala Veriyan...,Not_offensive,Not_offensive,Not_offensive
Rangaraj Pandey ethuku intha padathuku vandharu nu ippa pathi therinchuduchu,Not_offensive,Not_offensive,Not_offensive
Again the maestro.. music treat Moodu Pani Sigappu rojakkal Nooravadhu naal... Psycho.,Not_offensive,Not_offensive,Not_offensive
Inimey nanga Tha...STr Tha...vera lvl...STr ah onnum panna mudiyadhu...vera lvl.. acting from ccv...marana waiting...guys STr fans yarunu katnomm...maththavangalukku...STr...STr...STr...STr...STr...STr...na iruka thalaiva...luv u...,Not_offensive,Not_offensive,Not_offensive
Sema thaliva sema surya anna my anna..,Not_offensive,Not_offensive,Not_offensive
ivaru(raja) mattum musicla beethovan patta podalam...matthavaga potta aanmaiyatravarhal...ennada niyayam,Offensive_Targeted_Insult_Individual,Offensive_Targeted_Insult_Individual,Offensive_Untargetede
Kizha irukura comment pathale payama iruku evalavu jadhi veri pudicha naigal iruka,Offensive_Targeted_Insult_Group,Offensive_Targeted_Insult_Group,Not_offensive
Congrats Anna kuruma group ku seruppati,Offensive_Targeted_Insult_Group,Not_offensive,Not_offensive
நீண்ட நாட்களுக்கு பிறகு ராஜாவின் இசை திரையில்,Not_offensive,Not_offensive,Not_offensive
Classic...verithanam...mass...veralevel...yen na SURIYA...padam la... Last...yuvan music vera vera level,Not_offensive,Not_offensive,Not_offensive
இங்கே கமெண்ட் செய்யும் முக்கால்வாசி பேர் தன்னுடைய சாதியை குறிப்பிட்டுச் சொல்கிறார்கள் என்னுடைய ஆதரவு என்று இதில் ஒன்று தெளிவாகிறது படத்தில் சொல்லப்பட்ட கருத்து நிஜத்தில் நடப்பது உண்மைதான் என்பதால்,Not_offensive,Not_offensive,Not_offensive
Saavratha irunthaalum Sanda potu saavanum sir... Bayanthu kaal la vilunthu saaga koodathu...,Offensive_Untargetede,Offensive_Untargetede,Offensive_Untargetede
Vayasaanaalum style apdiye iruku ya...wow sema,Not_offensive,Not_offensive,Not_offensive
comment padikka vandhavanga like pennungal,Not_offensive,Not_offensive,Not_offensive
Oruthar Mela viswasam katradhukaga innoruthara yen assingapaduthuringa,Not_offensive,Not_offensive,Not_offensive
Vera Vera Vera level thalaivar Padam na summa va,Not_offensive,Not_offensive,Not_offensive
kon kon hindi vale hai like maro,not-Tamil,not-Tamil,not-Tamil
Trailer paka mass vara level Marana mass Dhanush intro Vera level,Not_offensive,Not_offensive,Not_offensive
Eeee bigil trailer verithanam 19m like,Not_offensive,Not_offensive,Not_offensive
டேய் இது 96... யார ஏமாத்துறீங்க. ROFL,Offensive_Untargetede,Offensive_Targeted_Insult_Group,Not_offensive
"Again yuvan mass, BGM therikidhu, nail bitting BGM...",Not_offensive,Not_offensive,Not_offensive
I'm big fan I am big fan of Telangana,Not_offensive,Not_offensive,Not_offensive
ithu tamil nadu ella ithu enga thala nadu,Not_offensive,Not_offensive,Not_offensive
Thala ajith in Ner konda parvai August 10 th I am marana waiting,Not_offensive,Not_offensive,Not_offensive
Mass elements Ella ma oru nalla stroy,Not_offensive,Not_offensive,Not_offensive
சிம்பு வ பார்த்தாலே ஒரு சந்தோசம் தான்..,Not_offensive,Not_offensive,Not_offensive
Bahubali records out of signal shankar daww rajini daww arr dawww vfx daww old is always gold.,Not_offensive,Not_offensive,Not_offensive
கொங்கு_வெள்ளாளக்_கவுண்டர்கள் சார்பாக படம் மிகப்பெரிய வெற்றி பெற வாழ்த்துக்கள் [covai],Not_offensive,Not_offensive,Not_offensive
Want nevetha pethuraj hot song 1,Not_offensive,Not_offensive,Not_offensive
bgm mass a iruku hair than konjam loose a iruku lol,Not_offensive,Not_offensive,Offensive_Untargetede
Who Waiting for kaapaan movie hit like here,Not_offensive,Not_offensive,Not_offensive
Thalapathy fans saarbaga vetri pera vaazhthukkal (namakku ethukku vambhu..general ah poduvom...),Not_offensive,Not_offensive,Not_offensive
"சோபன் பாபு வருவாரா? தர்மபுரி சம்பவம் வருமா? சந்தரலேகா I.A.S கேஸ் வருமா? கொடநாடு,அந்திரா திராட்சை எஸ்டேட்,பாலு ஜூவல்லர்ஸ் ஓட கதை எல்லாம் இருக்கா...",Not_offensive,Not_offensive,Not_offensive
உங்க புண்டைல ஒரு ஒழுக்க கொத்தனார் வேலை செய்ற புண்டையோடு இப்படி நான் படிச்சிட்டு வேலைக்கு போறேன் நாங்க எங்க எங்க அண்ணன பத்தி தப்பா எடுத்திருக்கீங்க தேவிடியா போன் நம்பர்,Offensive_Targeted_Insult_Group,Not_offensive,Offensive_Targeted_Insult_Group
"படம் வெற்றி பெற வாழ்த்துக்கள்,குருமா குப்பலுக்கு குருமாவால் சொல்லப்படும் மறைமுக செய்தியே இந்த நாடக காதல்,",Offensive_Targeted_Insult_Group,Not_offensive,Not_offensive
Aishwarya Rajesh kaadlla malai thaan...vada Chennai - kana - bothai kothai - ippo ithu...,Offensive_Targeted_Insult_Individual,Not_offensive,Not_offensive
Do r die be the best,Not_offensive,Not_offensive,Not_offensive
அருமை அண்ணா வெறித்தனமா வெற்றி பெற வாழ்த்துக்கள்,Not_offensive,Not_offensive,Not_offensive
Yuvan music vera level nuu soltrivinga like potungaa,Not_offensive,Not_offensive,Not_offensive
Ponna thotta.. kaiya vettuvinhala.... pollachi sambavathapo yenhada poninha..,Offensive_Targeted_Insult_Group,Not_offensive,Offensive_Targeted_Insult_Group
#Thala mass da Padam vetri pera #Thalabathy rasiganin valthukkal,Not_offensive,Not_offensive,Not_offensive
Na daily 10 times ku Mela intha trailer pakuran.last 3 days,Not_offensive,Not_offensive,Not_offensive
நீங்க இசைத்தால் போதும்.இளிக்க வேண்டாம்.பாக்கவும் முடியல.கேட்கவும் முடியல.,Offensive_Targeted_Insult_Individual,Not_offensive,Not_offensive
கீழே ஆதரவு சொன்ன அத்தனை சாதியை சேர்ந்தவர்கள் அனைவரும் (தலித் தவிர)..உங்களுக்குள் உள்ள சாதிகளிடையே ஏற்படும் காதலை ஆதரிக்கிறீர்களா..???! செட்டியார் வீட்டு பெண்களை அவர்களை தவிர வேறு உயர்ந்த சமூகம் திருமணம் செய்து கொள்ள முடியாது?? ஏன் BC MBC இடையே நிறைய பிளவு உள்ளது(உட்பிரிவிலும் கூட வேறுபாடு உண்டு)...வேதனை அளிக்கிறது.. திறமையும் உழைப்பும் மட்டுமே உங்களை வாழ்வில் முன்னேற்றும் (சாதீ)யில் பிறர் நலத்துக்காக உங்களை இழந்து விடாதீர்கள்... 5%உள்ள பிராமணர்கள் 10%இட ஒதுக்கீடு மூலம் 100% வேலை வாய்ப்பை பெற்று விட்டார்கள்...முடிந்தால் சிந்தியுங்கள்...,Not_offensive,Not_offensive,Not_offensive
Yendha David pula nu theriyala dislike panirukan...,Offensive_Untargetede,Offensive_Untargetede,Offensive_Untargetede
Before movie gonna release target 20M views n 650K+ likes,Not_offensive,Not_offensive,Not_offensive
Thalapathy maass ah BAIRAVAA teaser vidraru.. charming surya super ah S3 teaser vidraru.. but angutu oru naye inum 1year ah 1st look kuda vidama airport la photoshoot nadathitu iruka.. idhula andha naye fans inga echa thanama sanda mooti vidranunga..,Offensive_Targeted_Insult_Other,Offensive_Untargetede,Offensive_Targeted_Insult_Group
கிராமத்து சூர்யா ஹேர் ஸ்டைல் செம சூப்பர்,Not_offensive,Not_offensive,Not_offensive
Intaa pongal talaivaru taa apidinu sollrava ellam like panungaa,Not_offensive,Not_offensive,Not_offensive
Nkp and viswasam trailer pathutu yaru ida paka vanduruka,Offensive_Targeted_Insult_Group,Not_offensive,Not_offensive
Gun.. Glass illama padam nadinga aprm vanga..,Not_offensive,Not_offensive,Not_offensive
Ena da posukunu rajini ya ve kalaichu putinga🤣,Offensive_Untargetede,Offensive_Targeted_Insult_Individual,Offensive_Untargetede
15k dislike..ungalailam enna solli thitturadhunu theriyalaya...vimarsanam varaverka padukirathu..,Offensive_Targeted_Insult_Group,Offensive_Untargetede,Offensive_Untargetede
Viswasam teaser ku eager ah wait panravan podra lyka Athu varaikum vivegam trailer papom,Not_offensive,Not_offensive,Not_offensive
",படம் வெற்றி பெற தேவேந்திரகுல மக்கள் சார்பாக வாழ்த்துகிறேன்",Not_offensive,Not_offensive,Not_offensive
Thala telugu fans like here,Not_offensive,Not_offensive,Not_offensive
#لايك_اشترك_ليصلك_كل_جديد من قنات #تنين_الكونغ_فو_حمدو تكسير عظام + كونغ فو + باركور جمباز +جميع فنون القتالية +كمال اجسام |تحفيزات رهيبة وشرح مفيد |||تابع التنين على الفيس بوك || وعلى انسغرام |hamdo_all_bragmon واتس اب || +905349358401 (( نتمنا لكم التوفيق )),not-Tamil,not-Tamil,not-Tamil
"Dislike yaru da poduran,nalla erunthalum dislike ha",Offensive_Untargetede,Offensive_Untargetede,Offensive_Untargetede
Ak thala marana mass super,Not_offensive,Not_offensive,Not_offensive
Sarkar movie evlo paravailla NGK neenga sootha modittu kilambunga🤣 Mairu trailer,Offensive_Targeted_Insult_Group,Not_offensive,Not_offensive
ஏண்டா திருநங்கைகளவிட அசிங்கமா இருக்குற இந்த பிள்ளைகளாதான அவுனுக லவ் பன்றானுக,Offensive_Targeted_Insult_Group,Offensive_Targeted_Insult_Group,Offensive_Targeted_Insult_Group
Dei ithula vara theme morbious padam theme da deii yen daaa ippdiii...,Offensive_Untargetede,Offensive_Untargetede,Offensive_Untargetede
அடங்குனா அடங்கக்கூடாதுனு எங்க அண்ணன் சொல்லிருக்காப்பள.! பெரிய வூட்டுப் பொண்ண கல்யாணம் பண்ணா தான் லைஃப் கெத்தா இருக்கும்னு சொல்லிருக்காப்பள.! Mohan அண்ணாவ்! கதற விட்டீங்களே!,Not_offensive,Not_offensive,Not_offensive
Pink movie trailer 2 years 13million. But neerkonde paarvai 1months 13million,Offensive_Targeted_Insult_Individual,Not_offensive,Not_offensive
Surya Annaya Meeku Yamudu Lanti Cinemale Correct,not-Tamil,Not_offensive,Not_offensive
vera level bhaa...1995 padam mathiri erukku unga getup,Not_offensive,Not_offensive,Not_offensive
72 k view 76 k like,Not_offensive,Not_offensive,Not_offensive
"rajini arasiyal vareenu sonna dhu dec31,2017 avara troll panra alavuku inga evanum peria pudingi ila jayamravi kitta idha expect panla naanu",Offensive_Targeted_Insult_Group,Offensive_Untargetede,Offensive_Targeted_Insult_Individual
Finally real time likes 302K likes,Not_offensive,Not_offensive,Not_offensive
Pyangram.. Santhosh narayanan Sir ah use pannirukkalam,Offensive_Untargetede,Not_offensive,Not_offensive
படம் நாசமா போக வாழ்த்துக்கள் போங்கடா சாதி வெறி பிடிச்ச பு**டைகளா,Offensive_Targeted_Insult_Group,Not_offensive,Offensive_Targeted_Insult_Group
மரண மாஸ் செல்வா நா சும்மாவா,Offensive_Targeted_Insult_Individual,Not_offensive,Not_offensive
I am a big fan of surya in telangana,Not_offensive,Not_offensive,Not_offensive
Yaaru movie parthu trailer parkka vandhinga,Offensive_Targeted_Insult_Other,Not_offensive,Not_offensive
Thala Trailer pathadhae full film patha maari iruku thala Veriyera,Not_offensive,Not_offensive,Not_offensive
0.29 இந்த டயலாக்க கேட்டவங்க சூப்பரா இருந்தா லைக் போடுங்க,Not_offensive,Not_offensive,Not_offensive
sethanda kuruma. avanuku support pannum sudalai um olikanum,Offensive_Targeted_Insult_Individual,Not_offensive,Not_offensive
இந்த மாதிரி டிரெய்லர் நா தமிழ் படத்தில் பட்டேடில்ல,Not_offensive,Not_offensive,Not_offensive
Eva epd trendingla vara dei echai engayu kaasu kuduthutaya,Offensive_Untargetede,Offensive_Untargetede,Offensive_Untargetede
Masssssssssssssssssssssssssssssssssssssssssssssssssss. THALIVAA. I. AM. WAITING. THALAPATHY,Not_offensive,Not_offensive,Not_offensive
Ultimate...vera level... Dhanush sir hats off sir...unga nadippuku vera level...ellarum paaka vendiya padam,Not_offensive,Not_offensive,Not_offensive
Vera Level permanence Surya anna... Maranaa waiting fr kappaan...,Not_offensive,Not_offensive,Not_offensive
Deiiii inime achu ipdi nalla trailer ku kuruttu thanama dislike pannatheenga da...by Vijay fan,Offensive_Untargetede,Offensive_Untargetede,Offensive_Untargetede
Rithika vida vaani than azhaga irukanga,Offensive_Targeted_Insult_Individual,Not_offensive,Not_offensive
Oruthar mella viswasam katrathukaga inoruthangala yen asinga paduthuringa,Not_offensive,Not_offensive,Offensive_Untargetede
ovvoru mint kum oru cmnt vathitu tha irukku atha thala,Not_offensive,Not_offensive,Not_offensive
"ஒரு பெண்ணுக்கு பிறந்தவர்களும், தன் கூட பெண் பிள்ளையோட பிறந்தவர்களும், தன் ரத்தத்தில் உருவான பெண் குழந்தைகளுக்கு ஏதாவது நடக்குமா என்ற கவலையில் வாழும் அனைத்து தந்தை, தாய், சகோ, சகோதரிகளின் ஒட்டு மொத்த ஆதரவும் - திரெளபதிக்கே _ தொடரட்டும் உங்கள் வெற்றி பயணம் - வாழ்த்துக்கள்",Not_offensive,Offensive_Targeted_Insult_Group,Not_offensive
Srk khan movie zero best tairlor,Not_offensive,Not_offensive,Not_offensive
2:09 Humanoid Robot eh:-o2018-2019 2.0,Not_offensive,Not_offensive,Not_offensive
இந்த திரைப்படத்தின் மூலம் கிடைக்கப் பெற்ற வெற்றி மிகப் பெரியது,Not_offensive,Not_offensive,Not_offensive
Ilayaraja sir Tha Hero intha movie la..,Not_offensive,Not_offensive,Not_offensive
naa yarunu yeppume naa mudivu panrudhille yen yedhure erukuvendha moodive pannuvam..,Not_offensive,Not_offensive,Not_offensive
"340,967 views...ya allah, ya allah...",Offensive_Untargetede,Not_offensive,Not_offensive
U kena tunggu lebih lama lagi... Untuk tahu saya...,not-Tamil,not-Tamil,not-Tamil
Poda mudiyuma mudiyatha..podraaa athu 90ks peruma da...,Not_offensive,Not_offensive,Not_offensive
Her face looks like sushma swaraj ji,Not_offensive,Not_offensive,Not_offensive
2019 this year Surya Anna karthi thambi fans year daaaaa i love you 2 thalivar gala mass hero,Offensive_Targeted_Insult_Other,Not_offensive,Not_offensive
Entha padam velangathu da nasama poidum da,Offensive_Targeted_Insult_Individual,Not_offensive,Offensive_Untargetede
parunga worst behavior of rajini Nambikai dharogi Like pannuga share pannuga subscribe pannuga Marakama Bell button click pannuga,Offensive_Targeted_Insult_Individual,Offensive_Targeted_Insult_Individual,Not_offensive
Thala thala than ivaruku neekaru evanum ila.bollyood sari tollywood sari...,Not_offensive,Not_offensive,Not_offensive
Aiyooo Ena ma iruku trailer ipti oru trailer ah tamil Cinema la ipo tha pakuren,Not_offensive,Not_offensive,Not_offensive
நமக்கான புரட்சி படம் போல் தெரிகிறது இப்படத்தை வெற்றி பெற செய்வோம்,Not_offensive,Not_offensive,Not_offensive
Remake of pinkyy butt i love you both amit ji n ajith ji,Not_offensive,Not_offensive,Not_offensive
10 million cros kaappaan teaser,Not_offensive,Not_offensive,Not_offensive
சத்தியமங்கலம் கொங்கு வேளாளர் கவுண்டர்கள் சார்பாக வாழ்த்துக்கள்...,Not_offensive,Not_offensive,Not_offensive
Ennaya Pull arikuthu trailer Pathaaa!!!,Not_offensive,Not_offensive,Not_offensive
thirumbi vanthitenu sollu oru varshathiku munnadi epidi ponaro atha Vida gethaa thirumbi vanthiten sollu luv u suriya Anna fan from kerala,Not_offensive,Not_offensive,Not_offensive
Raja sir Beethoven music a use panala. Idhu avaru sondhama compose panadhu',Not_offensive,Not_offensive,Not_offensive
Hmmm...thik to lag rhi hai...Moti hoker...jaylalita ji k jaise dikhane k liye isse behtar kya kiya ja sakta hai..🤦‍🤷‍,not-Tamil,not-Tamil,not-Tamil
Yarda Yarda Ivan Oora Kata Theriyum.Parda Munal Vanthu Ninu Paruda Puriyum.Varla Varla Va Varla Va Bairavaa..,Not_offensive,Not_offensive,Not_offensive
உங்கள் தொகுதியில் யாரெல்லாம் போட்டி இடுகின்றனர்? அவர்களின் கல்வி என்ன? தொழில் என்ன? சொத்து என்ன? குற்ற வழக்கு விபரங்கள் என்னென்ன? ஒரு சில நிமிடங்களில் இந்த வீடியோ பார்த்து தெரிந்து கொள்ளுங்கள் Arakkonam central North South some time to Analyze this infos..Think before you vote,Not_offensive,Not_offensive,Not_offensive
Yaaru viswasam teaser ku wait pandravanga like podunga,Not_offensive,Not_offensive,Not_offensive
... para pundaigala savuda...parayan ranjith keatucha...nadaga kadhal theavidiya pasagala,Offensive_Targeted_Insult_Group,Offensive_Targeted_Insult_Group,Offensive_Targeted_Insult_Group
"thu, santhanam velaiku aguthuya ipdiye pochunna",Offensive_Targeted_Insult_Individual,Offensive_Targeted_Insult_Individual,Not_offensive
Intha teaser ra dislike panravan thanda unmaiyana anti indian solla pona tn la irukka mutta viruses,Offensive_Targeted_Insult_Other,Offensive_Untargetede,Offensive_Untargetede
நெசமா இது மணிரத்னம் படமா நம்பவே முடியல இவ்ளோ speed திரைக்கதை டிரைலர் பார்க்கும் போது ஆய்தஎழுத்து பீலிங் வருது தவிர்க்க முடியல... BUT WAITING,Not_offensive,Not_offensive,Not_offensive
Dei yeppudi paththalum ithu PINK remake dhane,Offensive_Targeted_Insult_Individual,Offensive_Untargetede,Offensive_Untargetede
Neraya neraya nerayaaaaaaa peru waiting thala,Not_offensive,Not_offensive,Not_offensive
Story looks weak... In it... Hoping movie would be good,Offensive_Untargetede,Not_offensive,Not_offensive
Idhula enna da iruku hate panna. Vera level la irukey da padam trailer eh,Not_offensive,Offensive_Untargetede,Not_offensive
apahal vid ni trending nombor 1 babi,Not_offensive,not-Tamil,not-Tamil
Maesal vs Viswasam comedy scene vera level,Not_offensive,Not_offensive,Not_offensive
Cuddalour mavattam Kurijipadi Veera Vanniyarkula santhiriyan. Padaiyachi. Sarpaka draupathi movie vettiriyaka vazhuthukal,Not_offensive,Not_offensive,Not_offensive
Modhala dhuruva natchathiram udunga da dei,Not_offensive,Offensive_Untargetede,Offensive_Untargetede
பெருந்தலைவர் காமராஜர் பக்தர்கள் சார்பாக வாழ்த்துக்கள் இவன் டெல்டா மாவட்டம் மாவீரன் ராக்கெட் ராஜா பாசறை,Not_offensive,Not_offensive,Not_offensive
Vera level thalaivaaa GV Sir Music therikuthuuuu,Not_offensive,Not_offensive,Not_offensive
அனைவரும் புரிந்து கொள்ள வேண்டும்... திரௌபதி படம் சாதியை முன் நிறுத்தவில்லை. நாடக காதலை முன் நிறுத்துகிறது. நாடக காதல் ஒரு தரப்பினரை மட்டும் பாதிக்க வில்லை அனைத்து தரப்பில் உள்ள மக்களையும் பாதிக்கிறது. வெறும் பணத்தை மட்டும் இலக்காய் கொண்டு ஒரு கும்பல் பெண்களை ஏமாற்றி. கடைசியில் அந்த பெண்ணின் வீட்டாரிடம் பணம் வாங்குதுடன்அவர்களின் வாழ்க்கையை சீரழித்து விடுகிறாற்கள். நாடக காதல் கும்பலை ஒழிக்க வேண்டும்.. படம் வெளிவர வேண்டும். youtube வாயிலாக படம் வெளிவந்த என் சார்பாக Rs.1000 பணம் வழங்கி படம் பார்ப்பேன். நாடக காதலை ஒழிப்பில் சிறுமிகளை பாதுகாபோம்.,Not_offensive,Not_offensive,Not_offensive
Vfx ah paaaru daa SUPERSTAR,Not_offensive,Offensive_Untargetede,Not_offensive
"எப்பா ஆண்டைகளா???. என்னவோ திரௌபதி முதலில் கர்ணனை தான் விரும்பினாளாம், அதன் பின் அவன் சூத்திரன் என்று தெரிந்து கொண்ட பின் அர்ஜுனனை விரும்பியதாகவும் சொல்கிறார்கள். அதனால் தான் நாடக காதலை பற்றிய படத்துக்கு அவர் பெயர் வைத்ததாகவும் சொல்கிறார்கள்.. உண்மையா பா???",Offensive_Targeted_Insult_Group,Not_offensive,Not_offensive
Thoo kelatqpaiya naaye ka pecha para thoo,Not_offensive,Offensive_Targeted_Insult_Group,not-Tamil
Vera level Awosome Super Very Nice #VjS vera level,Not_offensive,Not_offensive,Not_offensive
Innaiki than Padam pathen semma jayam Ravi semma acting but mass hero Padam yen intha feelings kodukkula???,Offensive_Targeted_Insult_Group,Not_offensive,Not_offensive
End dialogue serupadi to Dislike guys 🤣,Not_offensive,Not_offensive,Offensive_Untargetede
"Ennoda like mattum epo vara vilave matenguthu, en nu therila, anyone reason therinja sollunga",Offensive_Untargetede,Not_offensive,Not_offensive
BEST WISHES FROM THALAPATHY FANS KERALA,Not_offensive,Not_offensive,Not_offensive
By end of tis week 11.5M+ views,Not_offensive,Not_offensive,Not_offensive
எங்களுக்கு மண்ணு பொண்ணு ரெண்டுமே முக்கியம்.. Sema mass dialogue. முக்குலத்தோர் சார்பாக திரைபடம் வெற்றி பெற வாழ்த்துக்கள்,Not_offensive,Not_offensive,Not_offensive
படம் வெற்றி பெற செட்டியார் மக்கள் சார்பாக வாழ்த்துக்கள்,Not_offensive,Not_offensive,Not_offensive
Kandipa pathuduvanu solaravaga mattum like panuga,Not_offensive,Not_offensive,Not_offensive
Vanibojan. Rithika Singh now days alagula kollurale,Offensive_Targeted_Insult_Group,Not_offensive,not-Tamil
Thala powerful acting neraya neraya neraya neraya neraya.,Not_offensive,Not_offensive,Not_offensive
இப்ப வரும் சமூக சிந்தனை கொண்ட திரைப்படங்கள் அனைத்துமே அண்ணன் சீமான் பேசிய ஓரிரு வார்த்தைகள மட்டும் வைத்தே வருகின்றன..,Not_offensive,Not_offensive,Not_offensive
yaar ellaam nkp fdfs poringalo avangallaam oru like podunga,Not_offensive,Not_offensive,Not_offensive
சென்னை அமெரிக்கா மாறி ஆயிடுச்சி டா அமெரிக்கா இப்போ எப்டி இருக்கு தெரியுமா..,Offensive_Targeted_Insult_Group,Not_offensive,Not_offensive
திரௌபதி வெற்றி பெற வாழ்த்துக்கள் இப்படிக்கு உங்க வீட்டு திரௌபதி...,Not_offensive,Not_offensive,Not_offensive
Dei Paa.Ranjith paarudaa ithai. Ithu than naanga xpect panura Rajini... 90s kids' Rajini... Hatts off kaa.supuraaj...,Not_offensive,Not_offensive,Offensive_Targeted_Insult_Group
Die Hard #Thala Fans Hit LIKE...,Not_offensive,Not_offensive,Not_offensive
Nalla irukku but onnume puriyalah? Suspence thriller oh...,Not_offensive,Not_offensive,Not_offensive
இந்த படம் பார்க்க என் வன்னியர் இனத்தின் தலைவன் என் மாவீரன் காடுவெட்டி குரு ஐய்யா இல்லை என்பது வருத்தம் அளிக்கிறது#மாவீரன் தம்பிகள்🦁,Not_offensive,Not_offensive,Not_offensive
சாதி வெறி பிடித்த மனநோய்யாளிகளுக்கு இந்த trailer சமர்ப்பணம்... ஏன் comments ஒருத்தர் கூட அசுரன் படத்தை பற்றி பேச வில்லை ஏன் என்றால் அது தாழ்த்தப்பட்ட சமுதாய இயகுன்னரால் எடுக்க பட வில்லை இதில் இருந்து தெரிகிறது உங்கள் கோவம் யார் மீது என்று... அவர்கள் கருத்து மீது இல்லை அவர்கள் மீது...அதை கருத்தை பிறர் சொன்னால் சரி அவர்கள் சொன்னால் அவர்களை அடக்குவீர்கள்...,Not_offensive,Offensive_Targeted_Insult_Group,Not_offensive
Gud morning friends kalai la eluntha vodanae likes check panna varavanga like pannunga,Not_offensive,Not_offensive,Not_offensive
Indha padathuku nadodigalku ena sammandhamnu nadodigal2 nu vachurkangapart1 natpukana padam idhu jeikradhu kastamdha,Offensive_Targeted_Insult_Group,Offensive_Untargetede,Not_offensive
Comments aah pakkum pothu tha therithu evlo peru padam pakka veriya irukangunu #hattsoff director,Not_offensive,Not_offensive,Not_offensive
My country mela unmayalume ennakkum paithiam yen ippadi irrukkunu?,Not_offensive,Not_offensive,Not_offensive
I'm vijay fan.. but i like thala amazing trailer,Not_offensive,Not_offensive,Not_offensive
"Intha comment paakura yarachum enaku explain pannunga.. Yen ellarum avangaloda jaathi peru solli vaalthu solranga? And intha padam jaathi sambanthapatta padama? Na trailer three times pathen. But ivanga comment pannirukurathukum intha trailer kum ena ottrumai nu en arivuku puriya matenguthu. Konjam please yarachum explain pannunga.. Yarum thavara eduthuka venam. Enaku concept puriyala athan keten. Ippadiku Priyamudan, Ungal sagothari",Not_offensive,Not_offensive,Not_offensive
pakka action pls deepavali realise,Not_offensive,Not_offensive,Not_offensive
Thalaivaaaaaaa... Ungaluku vayase aaakathu. Nee mattum thaa Thlaiva mass. Massuke Boss.,Not_offensive,Not_offensive,Not_offensive
This movie is gonna be lit So unique,Not_offensive,Not_offensive,Not_offensive
chinna pulla thanamaala irukku graphics! XD XD,Offensive_Untargetede,Offensive_Untargetede,Not_offensive
Entha padathuku wait panuratha vida blue satai maran reviewku than wait panuran,Offensive_Targeted_Insult_Individual,Not_offensive,Not_offensive
Nee Vaaaa Thalaivaaa... Bairavaa,Not_offensive,Not_offensive,Not_offensive
Santa sema.. trailer la vida nenga semaya irukinga.. I'm waiting...,Not_offensive,Not_offensive,Not_offensive
இது போல படத்தை பார்த்து காரித்துப்பட்டும் வருங்கால சமுதாயம்...,Not_offensive,Not_offensive,Not_offensive
4 hit kudutha odane... Thimuru vandhuducha... Sir...,Not_offensive,Not_offensive,Not_offensive
Neariya neraiya neraiya... Amah mudi rombha dhan nerachurukku,Offensive_Untargetede,Offensive_Targeted_Insult_Individual,Not_offensive
Entha trailer yum ipdi rasichathu illa da yappa Yovvv sema... Kandipa theatre la tha pasanga kuda,Not_offensive,Not_offensive,Not_offensive
Eppa paththalum jadhi thann. Vera edhathu.. sollunga da,Offensive_Targeted_Insult_Group,Not_offensive,Not_offensive
at 0:30 thalapathy claping in Rajini Style,Not_offensive,Not_offensive,Not_offensive
Shimbhu fans like please...Raja vantha rajavku 100 friends...,Not_offensive,Not_offensive,Not_offensive
Hindi me kab ayegi yh film koi btaega?,not-Tamil,not-Tamil,not-Tamil
Racha rambola tala luv u from hyd,not-Tamil,Not_offensive,Not_offensive
Wow bravo super. Surya Anna masssss semma semma semma. Waiting...,Not_offensive,Not_offensive,Not_offensive
Sam c. s fans like here,Not_offensive,Not_offensive,Not_offensive
Idhu thai pongal illa... pettayila nadakkum pongal... indha pongalukku rajini kuda sweet sapuda poram...,Not_offensive,Not_offensive,Not_offensive
All thala fans trailer pathutu kandipa teaserayum parunga teaser 20m views vara innum 6 lakshs viwes thaan venum NEVER EVER GIVEUP,Not_offensive,Not_offensive,Not_offensive
0.43 intha mathiri superah create pannirukkinga da dei,Not_offensive,Not_offensive,Offensive_Untargetede
enna padam yaa!! kola mass!! <3,Not_offensive,Not_offensive,Not_offensive
Epadiyum oru 50thu vatti pathu iruken innum athey 1st time pakkura energy mariya iruku thalaivar swags...,Not_offensive,Not_offensive,Not_offensive
Me I movie ko dekhkr vikram ka fan hua hu or aap?,not-Tamil,not-Tamil,not-Tamil
Surya Anna Fans Hit Like,Not_offensive,Not_offensive,Not_offensive
Surya na singam This teaser bangam,Not_offensive,Not_offensive,Not_offensive
Kola masss and u1bgm vera leveluuuu,Not_offensive,Not_offensive,Not_offensive
Jay ho Rajni sir mahesh fains,not-Tamil,Not_offensive,not-Tamil
Mokkaa graphics idhukaa da evlo nall waitinguu,Offensive_Untargetede,Not_offensive,Not_offensive
வாழ்த்துக்கள் இப்படைப்புக்கு எனது மனமார்ந்த நன்றிகள் அனைத்து கலைஞர் மற்றும் தொழிலாளர்களுக்கு நன்றி,Not_offensive,Not_offensive,Not_offensive
vere level movie Vijay Sethupathi semma,Not_offensive,Not_offensive,Not_offensive
Vidya balan perfect thi iss movie ke liye...Kyu unhe nikaal diya?,not-Tamil,not-Tamil,not-Tamil
Last 2:20 Siva karthikeyen nnu nenache,Not_offensive,Not_offensive,Not_offensive
மேலூர் தேவரினம்( கள்ளர்) சார்பாக படம் வெற்றி பெற வாழ்த்துக்கள்,Not_offensive,Not_offensive,Not_offensive
padam eppa pa waitingu serving soon?,Not_offensive,Not_offensive,Not_offensive
Thalapathy Fans wishing Naddipin nayagan surya's Kaappaan and NGK A big Blockbuster,Not_offensive,Not_offensive,Not_offensive
Evlo periya actor Rajini sir. Arasiyaluk mattum varaama irundha semmaya irundhrukkum...,Offensive_Targeted_Insult_Individual,Not_offensive,Not_offensive
முதலியார் சமுதாயத்தின் சார்பாக இந்த காவியம் வெற்றி பெற மனமார்ந்த வாழ்த்துக்கள்.....டிஸ்லைக் பண்ணுனவுங்க..நல்லா கதறுங்கடா...உங்களுக்கு வந்தா ரத்தம்...எங்களுக்கு வந்தா தக்காளி சட்னியா?...,Offensive_Targeted_Insult_Group,Not_offensive,Offensive_Targeted_Insult_Group
jaya mam original version,Not_offensive,Not_offensive,Not_offensive
Thrillarukalkk panjamillaatha Tamil cinemayil mattoru adaar itathin vendi katta waiting... A katta Tamil film fan from Kerala...,Offensive_Untargetede,not-Tamil,Not_offensive
"That Connection between maari 2 and petta, in maari 2 dhanush son named kali!!",Not_offensive,Not_offensive,Not_offensive
Dislike pottuvan sk fan ah tha eruppan...Echa shiva karthi naiye,Offensive_Untargetede,Offensive_Targeted_Insult_Individual,Offensive_Untargetede
Epudi da indha trailer ku lan dislike panringa..manasatchiyea ila da,Offensive_Untargetede,Offensive_Untargetede,Offensive_Untargetede
illayaraja musical nu pottitu Beethovan music use panna eppadi,Offensive_Targeted_Insult_Individual,Offensive_Targeted_Insult_Individual,Offensive_Untargetede
I m so happy to say vikram fan...shivaji - kamal - Vikram...,Not_offensive,Not_offensive,Not_offensive
சோழிய வேளாளர்கள் சார்பாக படம் வெற்றி பெற வாழ்த்துக்கள்,Not_offensive,Not_offensive,Not_offensive
இந்த படத்தை 90 kids வெறி தனமா ஒட வைப்பாங்க.. புரிச்சவங்க லைக் பண்ணுங்க.. புரியாதவன் 90 kids இல்லை,Not_offensive,Not_offensive,Not_offensive
Super star rajini Marana mass trailer,Not_offensive,Not_offensive,Not_offensive
Four levels of love... Told in a breezy way... Fell in love with this trailer. கடற்கரையில் சற்று நேரம் காற்று வாங்கியது போல் ஒரு சுகத்தை தந்தது. காத்திருக்கிறேன் காண்பதற்காக.,Not_offensive,Not_offensive,Not_offensive
Daiii 7.1 million poodadhu da.. share more... 70 million aganoo,Not_offensive,Not_offensive,Offensive_Untargetede
Thalaiku viswasam katrathunala thalapathy ah yen asinga paduthuringa.,Offensive_Targeted_Insult_Individual,Not_offensive,Not_offensive
Ellarum Equal intha world la!! Yan Neega lam eppadi Nagarigam Arivu kuda illame irukiga nu theriyala!,Offensive_Targeted_Insult_Group,Not_offensive,Not_offensive
நாடக காதல் கம்பனி முதலாளியை தரமா வசுசி செஞ்சிரிக்கு,Offensive_Targeted_Insult_Group,Offensive_Targeted_Insult_Group,Offensive_Targeted_Insult_Group
Super message movie vasul alla vaalthukkal,Not_offensive,Not_offensive,Not_offensive
Dislike potta van pundaya llam arathuduvan,Offensive_Untargetede,Offensive_Untargetede,Offensive_Untargetede
mass naathu vijay anna matum thanda,Not_offensive,Not_offensive,Not_offensive
Trailer Nalla irruku bro Full film paka waiting,Not_offensive,Not_offensive,Not_offensive
Last 2 dialogues bigil ku vecha mathri oru feel...,Offensive_Targeted_Insult_Individual,Offensive_Targeted_Insult_Individual,Not_offensive
"Thala nee vaa thala, padam inimey yengaluthu",Not_offensive,Not_offensive,Not_offensive
0:45 ayaz and kutty moonji anna,Not_offensive,Not_offensive,Not_offensive
Yan kadavula I love you thala,Not_offensive,Not_offensive,Not_offensive
திரௌபதி இந்த காலத்தின் கட்டாயம். எல்லோரும் பார்க்க வேண்டிய படம். வெற்றி நிச்சயம். பெண் பிள்ளைகள் பாதுகாக்க படவேண்டும். நன்றி மோகன் ஜி,Not_offensive,Not_offensive,Not_offensive
Siripaana tharamana sambavatha inemey tha pakapora,Not_offensive,Not_offensive,Not_offensive
super vijay theri marana waiding pa,Not_offensive,Not_offensive,Not_offensive
"Thillalangidi part 2..., JR!!!",Not_offensive,Not_offensive,Not_offensive
படம் வெற்றி பெற தங்களை அன்புள்ள நமது செந்தங்கள் அனைவரும் பகிரவும்,Not_offensive,Not_offensive,Not_offensive
asurargalai vadham saiyum veerrargal da...,Not_offensive,Offensive_Untargetede,Not_offensive
Ye jayalalita ki story hai Kya?,not-Tamil,not-Tamil,not-Tamil
Mast hai main tik tok se dekh ke aya hun,not-Tamil,not-Tamil,not-Tamil
Romba naal kalichi patha sema trialer ithu tha,Not_offensive,Not_offensive,Not_offensive
Kevalathin Uchakattam.Screen Play Padu Mosama Irukum,Offensive_Targeted_Insult_Group,Offensive_Targeted_Insult_Group,Not_offensive
எல்லா 90s கிட்ஸ் உம் இங்க தன் இருக்கீங்களா...🤣🤣,Not_offensive,Not_offensive,Not_offensive
இந்த நாட்டுல ஒரு ஒரு தருக்கும் ஒன்னு மேல பைத்தியம்... ஆன எங்களுக்கு சூர்யா அண்ணா மேல வெறி கொண்ட பைத்தியம்...All Surya Fans...,Not_offensive,Not_offensive,Not_offensive
Panam eruntha enna vena panuvinga la da dei,Offensive_Targeted_Insult_Group,Offensive_Targeted_Insult_Group,Offensive_Untargetede
Kola gaandla iruken...kollama Vida Maten... Vintage thalaiva back...,Offensive_Untargetede,Offensive_Untargetede,Offensive_Untargetede
இராமநாதபுரம் ஆப்ப நாட்டு மறவர் சார்பாக வெற்றி வாழ்த்துக்கள்,Not_offensive,Not_offensive,Not_offensive
No1 but U1... Thala pakka mass,Not_offensive,Not_offensive,Not_offensive
Thala thala thalaThalaikaga oru like podunga,Not_offensive,Not_offensive,Not_offensive
punch nadigarnnu again and again nirubikirar.,Not_offensive,Not_offensive,Not_offensive
Marana waiting thalaivaaaaa Vetri maran sir Super marana Trailer sir,Not_offensive,Not_offensive,Not_offensive
#VijayFans: Who are you? Nee yaaru​? #AjithFans: Naan yaaru ennurudha eppavume naan mudivupanuruthilla... En edhurula nigakaravanga thaan mudivupanuvanga... Naan avangalluku naanban-ah illa ethiri-ah...,Offensive_Targeted_Insult_Individual,Not_offensive,Not_offensive
Trailer paathu sirichavanga matum like podunga,Offensive_Untargetede,Not_offensive,Not_offensive
"Karthik Subburaj, take a bow man.",Not_offensive,Not_offensive,Not_offensive
Semma semma Anna super vaera vanniyar vamsam#Devar vamsam super,Not_offensive,Not_offensive,Not_offensive
Anna nenka vera level Mass teaser,Not_offensive,Not_offensive,Not_offensive
Oh my kadavule Iron man padathula nadichurukaru..vjs🤣,Not_offensive,Not_offensive,Not_offensive
Irumugan maari irukum pola... Waiting for vikram sir,Not_offensive,Not_offensive,Not_offensive
Short film ah feature film ah edukuranga pakalam epad irukum nu🤔🤔,Not_offensive,Not_offensive,Not_offensive
தலைக்கு ஒரு வாய்ப்பு கொடுத்திருக்கும்.அஜீத்னுடைய ஸ்க்ரீன் ப்ரசன்ஸ் எப்பவுமே மெர்சலாத்தான் இருக்கும்.Any way wishes to grant success.,Not_offensive,Not_offensive,Not_offensive
Did I here we will rock u like of u did too,Not_offensive,Not_offensive,Not_offensive
Padam ver level ajithkumar suma therika vidu irukurar only tamil padikadu peopeluku ipadi padam vilankathu!!,Offensive_Targeted_Insult_Group,Not_offensive,Not_offensive
Annnnnnaaaaa... Vera lvl Anna...bst wishes for film.,Not_offensive,Not_offensive,Not_offensive
சக்திவேல்கவுண்டர் உண்மைய சொல்லனுன்னா நானு சாதிக்காரன் தான்யா,Not_offensive,Not_offensive,Not_offensive
இந்த படம் இந்திய முழுவதும் அனைத்து மொழிகளிலும் வெளிவரவேண்டும்.,Not_offensive,Not_offensive,Not_offensive
Thala semaa mass gethu india no.2 trending,Not_offensive,Not_offensive,Not_offensive
Asuran vettai aramam marana mass,Not_offensive,Not_offensive,Not_offensive
Thalaivar cinema la irukura varai avar thaan eppoum ennaikum Super,Not_offensive,Not_offensive,Not_offensive
நான் பத்து வட்டிக்கு கடன் வாங்கியாவது என் தெருவில் இருக்கும் அனைத்து குடும்பங்களையும் இந்த படத்திற்கு அழைத்து கொண்டு போவேன் I am supporting this movie,Not_offensive,Not_offensive,Not_offensive
Trailer re payangarama iruku waiting for movie,Not_offensive,Not_offensive,Not_offensive
Ithuvum kadaikutty Singham Mari jathi padama?🤔,Offensive_Targeted_Insult_Other,Not_offensive,Not_offensive
champion genius vijay inshallah mass bairavaa,Not_offensive,Not_offensive,Not_offensive
Different concept adhi bro vera lvl neenga,Not_offensive,Not_offensive,Not_offensive
What a music.. Enna bgm.. samma.,Not_offensive,Not_offensive,Not_offensive
ரொம்ப பதை பதைப்பா இருக்கு.. தமிழ்நாட்ட இன்னும் 150 வருஷம் பின்னாலே கொண்டு போக இத்தன பேர் இருகிங்களா. இவளோ நாளா அடைஞ்ச வளர்ச்சி எல்லாம் வீன் போல,Not_offensive,Offensive_Targeted_Insult_Group,Not_offensive
Enna kodumada ithu telugula trailer 19 M views but tamil 10 kuda illaya ennachu pa,Offensive_Untargetede,Not_offensive,Offensive_Untargetede
yavanachum trailer paarthi yeppudi irukunu comment pandrangala... like kaithi comment bigil... pottudu irukanuga...,Offensive_Targeted_Insult_Other,Offensive_Targeted_Insult_Individual,Offensive_Untargetede
Pawan kalyan fans support u thala.,Not_offensive,Not_offensive,Not_offensive
நங்கூரம் போல் கதை-களம் அமைந்தால் நான் கண் இமைக்காமல் ரத்திண ஒளியை பார்ப்பேன்.,Not_offensive,Not_offensive,Not_offensive
potrukadhu wig idhula periyaa scene vera wigmandayan vigay,Offensive_Targeted_Insult_Individual,Not_offensive,Not_offensive
I love time travel concept 🤗,Not_offensive,Not_offensive,Not_offensive
Last scene semma kalaiiiii vera level.,Not_offensive,Not_offensive,Not_offensive
petta vadha vevagam alathamuduno Rajni fans Bangalore like hear,Not_offensive,Not_offensive,Not_offensive
சிங்கத்தின் தொடையிடுக்கில் அலகை விட்டு பூச்சி ௨ண்ணும் அஞ்சாத நாரைத் தமிழ் மங்கும் சூரியனை தாலாட்டி ௨றங்கவைக்கும் நிலாத் தமிழ் யெங்கும் நிறைந்திருக்கும் இறைவனின் அருள் பெற்ற தமிழ் அறிய மக்கள் தொலைக்காட்சி யை யூ டியூப் ல் காணுங்கள் நன்றி.,Not_offensive,Not_offensive,Not_offensive
Padathoda cg pathi pesunavankaluku sariyana adi,Offensive_Untargetede,Offensive_Targeted_Insult_Individual,Offensive_Untargetede
Yaarelem Movie Paathutu Inga Varinga #asuran Vera level,Not_offensive,Not_offensive,Not_offensive
massku ellam mass kattittar enga thalapathy...,Not_offensive,Not_offensive,Not_offensive
Thachi polambama poi thungunga illa thukula thongunga baduskuuu,Offensive_Untargetede,Offensive_Targeted_Insult_Group,Offensive_Untargetede
Naa patrada vooda eele pasichi garaa singham Naaa Saamy ele bhoootam which is better one?,not-Tamil,Not_offensive,not-Tamil
Ellam ok nalla than irukku...aana ippe bigil kitte modhi thevai illame nalla padathe flop aakke porange,Offensive_Targeted_Insult_Individual,Offensive_Targeted_Insult_Individual,Offensive_Targeted_Insult_Group
எங்களுக்கு Stylish சூர்யா தான்டா வேணும்..Ayan-Varanam Aayiram-,Not_offensive,Not_offensive,Not_offensive
K.v.anand & Suriya combo Vera level da,Not_offensive,Not_offensive,Not_offensive
Mass mass mass mass mass mass,Not_offensive,Not_offensive,Not_offensive
Kolai konda parvai thala thaladan,Offensive_Untargetede,Not_offensive,Not_offensive
Simbu epo vandhalum hipe vere level irukum. STR super star,Not_offensive,Not_offensive,Not_offensive
Kon kon tiktok pay sun kar yaha aaya,not-Tamil,not-Tamil,not-Tamil
படம் வெற்றி அடைந்து நாடக காதல் நாய்கள் அழிந்த போக வாழ்த்துக்கள்...,Offensive_Targeted_Insult_Group,Not_offensive,Not_offensive
Wow super ah avan avan avanoda jadhi perumaya inga vandhu pesuran. Adhu enna **** jadhi sarbaga vaazhthukal? Neengalam indha generation la irukka vendiya aalungale illa. Enakku enna oru indian or thamizhan or manidhan nu solla dhan perumaya irukku. Jadhi per vachi peethika na vekka padran.,Not_offensive,Not_offensive,Not_offensive
Yarellam indha video starting parthutu youtube ads mathiri irukku nu feel panninga???,Not_offensive,Not_offensive,Not_offensive
தமிழ்நாடு மருத்துவர்சமுதாய பேரவை கோவை மாவட்டம் சார்பாக படம் வெற்றி பெற வாழ்த்துக்கள்.,Not_offensive,Not_offensive,Not_offensive
Nejamave indha aaluku Enna vayasu indha mass kaamikuraru...yeppa great,Not_offensive,Not_offensive,Not_offensive
I am waiting by Thalapathi fan,Not_offensive,Not_offensive,Not_offensive
தியேட்டர் போய் படம் பார்க்க வேண்டிய நேரம் வந்துடுசு டோய்ய்ய்ய்ய்ய்,Not_offensive,Not_offensive,Not_offensive
Aiyoo. Vijay sir konjam porrungele Bairavaa teaser supera irruku athukunu romba massa?. vendam neenga mass na. 200%mass confirmed. Agree?,Not_offensive,Not_offensive,Not_offensive
Meanwhile Sivakumar to Akshay Kumar: en inam ada nee,Offensive_Untargetede,Not_offensive,Not_offensive
Rajini super star next c m 2. 0 pe Super,Not_offensive,Not_offensive,Not_offensive
We want movie like ko Not like this ‍,Not_offensive,Not_offensive,Not_offensive
Hitman 50% assassin 30% copy 20% semma...,Not_offensive,Not_offensive,Not_offensive
pls fast ahh like pannunga guys...,Not_offensive,Not_offensive,Not_offensive
Manushan ku Vayasu aakave aakathu pola,Not_offensive,Not_offensive,Not_offensive
comments padika vandhavanga oru like podungu,Not_offensive,Not_offensive,Not_offensive
இவன் படம் சும்மா எதுதலே அது சைகோ தனமா தான் இருக்கும் இது படம் பெறே சைகோ நம்ம பாடி தாங்காது,Not_offensive,Not_offensive,Not_offensive
Thala thala thala thala thalathala thala,Not_offensive,Not_offensive,Not_offensive
Ipo nama Ena panna porom sweet saapta porom lol,Not_offensive,Not_offensive,Not_offensive
jithu jilladi mitta killadi...ulaga theri local song ahh... mairu song... dei vijay fans... puli eh paessi paessi kedutha madiri ithaiyum olichu kattirunga...thuuuuu,Offensive_Untargetede,Not_offensive,Offensive_Targeted_Insult_Group
2 years agapodhu padam yeppo ya varum,Not_offensive,Offensive_Targeted_Insult_Group,Not_offensive
Yuvan music therikkuthu.. Yuvan fans like pannunga..,Not_offensive,Not_offensive,Not_offensive
முக்குலத்தோர் சமூகம் சார்பாக படம் வெற்றி பெற வாழ்த்துகள்,Not_offensive,Not_offensive,Not_offensive
ரவி சாா்... எப்பவுமே உங்களது படங்கள் வித்தியாசமாக இருக்கும். படத்துக்குப் படம் புதிதாக கதையைத் தோ்வு செய்து நடிக்கிறீா்கள். இது மிகவும் பாராட்டப்பட வேண்டிய விசயம்... நீங்கள் உண்மையிலேயே இளம்புயல் தான்.,Not_offensive,Not_offensive,Not_offensive
I can't wait Thalaivaaa. Naalaikku naal hype yerudhey. BP yerudhey.,Offensive_Targeted_Insult_Other,Not_offensive,Not_offensive
திரவுபதி சமூக படம் என்றால் எதற்கு சாதி பெயரை பதிவு செய்து YouTube comments section la கதறுகிறாய். சமூக படம் என்றால் அனைவருக்கும் சமம் தானே. பிறகு ஏன் சாதி பெயரை வைத்து கூவுகிறாய். பரியேரும் பெருமாள் trailer comment section la யாரும் சாதி பெயர் செல்லி கதரியது இல்லை.,Offensive_Targeted_Insult_Other,Not_offensive,Not_offensive
2nd fastest 100k likes next to rajini...DOLA FANs seruppadiiiiiiiii,Offensive_Targeted_Insult_Group,Not_offensive,Not_offensive
Otha endha madhiri padam molimavadhu jathy veriya thundravanuku serupadiya irrukatum,Offensive_Untargetede,Not_offensive,Offensive_Targeted_Insult_Individual
"சாதிவெறி, ஆணவக் கொலையை தூண்டும் வகையில் கதை உள்ளது. சமுதாயத்தில் குடிகொண்டுள்ள சாதி ஏற்றத்தாழ்வை ஒழிக்க படம் எடுங்கள் என்றால் ஆணவக்கொலையை ஆதரித்து படம் எடுக்கிறார்கள்...",Not_offensive,Not_offensive,Not_offensive
BGM karthi telugu fanz like here,Not_offensive,Not_offensive,Not_offensive
BANGAM DA DOOOOIIIIIIIIIEEEEEEEE... Tamilnadu Screen on worldwide...,Not_offensive,Not_offensive,Not_offensive
I like vitals movies he is my romodel,Not_offensive,Not_offensive,Not_offensive
frm kerala...superb trailer all de bst to entire team.suriyalalettan,Not_offensive,Not_offensive,Not_offensive
Kavalan vs siratheai This diwali kaithi vs bigil,Offensive_Targeted_Insult_Group,Offensive_Targeted_Insult_Individual,Offensive_Targeted_Insult_Individual
Let 's make 1 CRORE views:),Not_offensive,Not_offensive,Not_offensive
Ranjith sunnia vetti ooda vittuvom.. aprom ooka poolu ilama poidum,Offensive_Targeted_Insult_Individual,Not_offensive,Offensive_Untargetede
SALMAN KHAN NEW MOVIE: - BHARAT BEST SCENE,Not_offensive,Not_offensive,Not_offensive
Marana mass thalaiva I love you,Not_offensive,Not_offensive,Not_offensive
"ilayathalapathy vijay.,thala ajith,singam surya getha iruku plz...anna",Not_offensive,Not_offensive,Not_offensive
#Thalapathy Ku #kaththi na #suriya anna ku #kaappaan,Not_offensive,Not_offensive,Not_offensive
ரஜினி ரசிகர்கள் கோவிச்சதுல தப்பே இல்லை.. பட் உங்க நேர்மை எனக்கு பிடிச்சிருக்கு... ஹைய்யோ...,Not_offensive,Not_offensive,Not_offensive
Nelam irundha eduthuppanunga..! Kaasu irundha pudingippanunga..! Padippa maattu...!!!,Offensive_Untargetede,Not_offensive,Not_offensive
இத்திரைப்படத்தை சரித்திர Blockbuster ஆக்குவது நம் கடமை..,Not_offensive,Not_offensive,Not_offensive
athu ena ungaluku pudichavangalu like pudikathavangaluku command,Not_offensive,Not_offensive,Not_offensive
Unaku yaravathu palaya friend irukangala... Apdina nambatha... Alien level dialogue,Not_offensive,Not_offensive,Not_offensive
Mani ratnam sir Vera level bgm awesome,Not_offensive,Not_offensive,Not_offensive
jayam ravi always choose variety stories,Not_offensive,Not_offensive,Not_offensive
Nee thaan ennn Ammma& Apppa thalavaaa,Not_offensive,Not_offensive,Not_offensive
கொங்கு சமுதாயம் சார்பாக...பாட்டாளி மக்கள் கட்சியை சார்ந்த இந்த படத்தின் இயக்குனர் மோகன் அவர்களுக்கு வாழ்த்துக்கள்...மற்றும் இந்த உண்மை சம்பவம் வெற்றி பெற நாங்கள் உங்களோடு இருப்போம் அண்ணா...,Not_offensive,Not_offensive,Not_offensive
Indaia veettrumael otrumai naadu nu sollitu Jaathiya vachchi movie edukkuringale onga thangachi ooppava enga jaathi pasanga tha,Offensive_Targeted_Insult_Group,Not_offensive,Offensive_Targeted_Insult_Group
Thala theri bgm than DA unna kappatha poguthu.. Kela badu,Offensive_Targeted_Insult_Individual,Offensive_Targeted_Insult_Individual,Not_offensive
மோகன் ஜி அவர்களுக்கு கோடன கோடி வாழ்த்துகள் கோடிகணக்காணவர்களின் ஆதங்கத்தை வெளிபடுத்திறிங்க மீண்டும் ஒரு வாழ்த்துக்கள்,Not_offensive,Not_offensive,Not_offensive
SINGAM SURIYA ANNAN looking சாந்தானம் looking seme,Not_offensive,Not_offensive,Not_offensive
spr tralier naaa thala fan aana ithu adhukum mellla,Not_offensive,Not_offensive,Not_offensive
Super trailer thalaivar vayasu analum mass ah taan irukaru kandipa fdfs taan povan,Not_offensive,Not_offensive,Not_offensive
இந்த படம் தா இது முன்னாடி ஏதோஒரு short flim லா பாத்த மாறி இருக்கே...,Not_offensive,Not_offensive,Not_offensive
Suriya Anna super ngk hevy level,Not_offensive,Not_offensive,Not_offensive
The king MANIRATNAM... Palaya record ah eduthupaaruda...,Not_offensive,Not_offensive,Not_offensive
Sema fun ah irukum pola film,Not_offensive,Not_offensive,Not_offensive
"சாதிகள் உள்ளதடி பாப்பா அதில் குலத்தாழ்ச்சி உயர்ச்சி சொல்லல் பாவம் படம் வெற்றி பெற வாழ்த்துக்கள்,இங்கனம் நாமக்கல் மாவட்டம் கொங்கு வெள்ளாளக்கவுண்டர்கள் தீரன் இளைஞர் படை",Not_offensive,Not_offensive,Not_offensive
Trailer cut super music mix Vera level,Not_offensive,Not_offensive,Not_offensive
Thala veriyan... Lv u thala,Not_offensive,Not_offensive,Not_offensive
Makkal selvan Vijay sethubasthi Anna wooda unmayana anbana rasigargal mattum thatra like,Not_offensive,Not_offensive,Not_offensive
Hip hop anna neenga vera level 🤣🤣🤣🤣🤣,Not_offensive,Not_offensive,Not_offensive
Unmaya nadakrathu than ithula katradhulam trailer summa therika viduthu...Mohan sir suuuper,Not_offensive,Not_offensive,Not_offensive
Surya gethu da,Not_offensive,Not_offensive,Not_offensive
செம்ம trailer solla aasathan but ivalo kevalama erukay.ithu oru trailer ra da thuuu,Not_offensive,Offensive_Untargetede,Not_offensive
குலத் தாழ்ச்சி உயர்ச்சி சொல்லல் பாவம்... புரியுதா மண்டுகளா.. பிறப்பொக்கும் எல்லா உயிர்க்கும்,Not_offensive,Not_offensive,Not_offensive
போச்சுடா த்தா இந்த வருடத்தின் பக்கா மாஸ் படம் நம் தல படம் மட்டும்தான் அதை எவனாலும் மாத்த முடியாது,Not_offensive,Not_offensive,Not_offensive
"Innum oru nooru murai pakalam,,, Supper ma,,,, Adutha trailer yeppo ma?",Not_offensive,Not_offensive,Not_offensive
Thalaivar name ah thavara use panni promotion panra komalis correct ah dhan name vechirkanga🤣🤣🤣🤣,Offensive_Targeted_Insult_Individual,Not_offensive,Not_offensive
Wtf! Epudi da views Vida likes adigama iruku!!!,Offensive_Untargetede,Offensive_Untargetede,Offensive_Untargetede
Super. பட இயக்குநர் அவர்களுக்கு வாழ்த்துக்கள்.,Not_offensive,Not_offensive,Not_offensive
Mass Teaser!!! I'M Waiting!!! #Vilayadelama,Not_offensive,Not_offensive,Not_offensive
Ayyyo thalaiva 20 times paathuten vera leval neeinga dhan yeppavum super star love u thalaiva,Not_offensive,Not_offensive,Not_offensive
2.05 da ithu 96 Yara yemathuringa,Offensive_Untargetede,Not_offensive,Offensive_Untargetede
Trailer pakrathuku munadiye like potavanga..hit like,Not_offensive,Not_offensive,Not_offensive
"1:04 maiya chod di, yaar!!!",Not_offensive,Not_offensive,not-Tamil
Shankar sir Vera Vera Vera leval sir super film I am veyding 29 now,Not_offensive,Not_offensive,Not_offensive
4.5k unlikers just suck ma middle finger,Offensive_Untargetede,Not_offensive,Offensive_Untargetede
Naan sirithal deepavaali Aadhi Anna fan like,Not_offensive,Not_offensive,Not_offensive
Prabhu deva movie today good like live life see,Not_offensive,Not_offensive,Not_offensive
Thala mass mass mass mass mass mass mass.,Not_offensive,Not_offensive,Not_offensive
Super na! I am Waiting!,Not_offensive,Not_offensive,Not_offensive
Which movie is best NGK likes Kaappaan comment,Not_offensive,Not_offensive,Not_offensive
Irukku next month tharamana na sambavam iruku,Not_offensive,Not_offensive,Not_offensive
Gonna fabulous revenge drama I guess,Offensive_Untargetede,Not_offensive,Not_offensive
ஜெயம்கொண்டசோழபுரம் நாயக்கர் குலம் சார்பாக படம் வெற்றி பெற வாழ்த்துக்கள்,Not_offensive,Not_offensive,Not_offensive
1.2 கே dislikes அந்த குரூபா தான் இருக்கும்.. படம் சூப்பர்,Not_offensive,Not_offensive,Not_offensive
Oruthar mela viswasam kaatradhukaga..yn inoruthara kevala paduthuringa,Offensive_Untargetede,Not_offensive,Offensive_Untargetede
Parayan kaiyavacha vettu.. Veera vanniyan and devar boys,Offensive_Targeted_Insult_Group,Offensive_Targeted_Insult_Group,Not_offensive
Otha...chumma enda rajini eh ilukiringa.. thevdiya pasangala. Ungalala rajini eh ilukama poltics um seiya mudiyadhu...and film um eduka mudiyadha. Potta pasangala,Offensive_Untargetede,Offensive_Targeted_Insult_Group,Offensive_Targeted_Insult_Group
Bigil trailer paathutu Inga vandhavanga oru like ah potitu ponga,Not_offensive,Not_offensive,Not_offensive
Unmaiyila udhayanidhi oru saico thaan...ivan padam yellam oru naalum odadhu...yellarrum indha padam paaka vaiyasana kelavanugalaiyellam veetula vittutu vandhu paarunga..including Stalin...same dialogue he tweet to rajini sir...idhu yeppdi irruku..neeyum oru naal kelavan aagathaanda pora..appo nee 20 padam kooda nadichurukka maatta..150 padam mela nadicha super star rajini sir pathiya pesura...naaye..,Offensive_Targeted_Insult_Individual,Offensive_Targeted_Insult_Individual,Not_offensive
Endha. oru mukkiyamana.. vishayama irundhalum adhanudaya aaniverla. Irundhu aarambikkiradhu dhaan azhagu,Not_offensive,Not_offensive,Not_offensive
Tha Vera Level Thalaivar Semma massss,Not_offensive,Not_offensive,Not_offensive
ஏன்டா காச வீனாக்குரிங்க ஹாலிவுட் பட மாதிரி எடுங்கடா அரச்ச மாவே அரைக்காதிங்க டா,Offensive_Targeted_Insult_Group,Offensive_Targeted_Insult_Group,Offensive_Targeted_Insult_Group
2 million cross panniduchu Innu update Aagala,Offensive_Targeted_Insult_Group,Not_offensive,Not_offensive
Super na Vera level na Vera vamsamda,Not_offensive,Not_offensive,Not_offensive
Waiting for Thalaaaaaaaaaaaaaaaaaaaaaaa back with,Not_offensive,Not_offensive,Not_offensive
பார்க்கவ குலத்தின் சார்பாக வெற்றி பெற வாழ்த்துக்கள்,Not_offensive,Not_offensive,Not_offensive
இப்பல்லாம் Trailer le வார நெறய சீன் படத்துல வரமாட்டேங்குது. அந்த வரிசையில் இதுவும்,Offensive_Targeted_Insult_Group,Not_offensive,Not_offensive
Thalaaa maranaaa masssss love u thalaaaa,Not_offensive,Not_offensive,Not_offensive
மாவீரன் ஆசியோடு இந்த படம் வெற்றி பெற வாழ்த்துக்கள் மோகன் அண்ணா,Not_offensive,Not_offensive,Not_offensive
பெரம்பலூர் மாவட்டம் பார்க்கவ குலத்தின் சார்பாக வெற்றி பெற வாழ்த்துக்கள்,Not_offensive,Not_offensive,Not_offensive
Intha padam rajini nalaye nasamaga pothu...,Offensive_Targeted_Insult_Individual,Not_offensive,Not_offensive
Cha na rajini nu naichan yenna mari ethana Peru yemathiga,Offensive_Targeted_Insult_Individual,Not_offensive,Not_offensive
Ayoo 00:15 Ennada ennoda sataiya Panta Thachi potutinga..,Offensive_Targeted_Insult_Group,Offensive_Untargetede,Offensive_Untargetede
@suriya anna vara level mnarana waiting #kaappaan #NGK love u anna,Not_offensive,Not_offensive,Not_offensive
Therrrriiiiiiiiiiiiiiiiiiiiiiiiiiiiii... Hahahahaaa Vaaa vaaa vaaa Ipo vaaaaaaaaaaaaaaaaaaaa,Not_offensive,Not_offensive,Not_offensive
Intha Padamavutu surya hit aaganum after 10 years,Not_offensive,Not_offensive,Not_offensive
My dear Thalaaaa... Marana waiting for NKP,Not_offensive,Not_offensive,Not_offensive
90's kids ku etha movie ah than irukum nu nenaiken 🤔,Not_offensive,Not_offensive,Not_offensive
"0:06,0:16 LALETTAN muthu Ettante look super",Not_offensive,Not_offensive,Not_offensive
Kola mass sema sema sema idhu podhum na @atlee u vera level direction and @vijay u rockzzz,Not_offensive,Not_offensive,Not_offensive
Yappa Vera level pa marana waiting,Not_offensive,Not_offensive,Not_offensive
Come on guys let's get it to 2 million likes!!,Not_offensive,Not_offensive,Not_offensive
You like trailer like here,Not_offensive,Not_offensive,Not_offensive
thala + yuvan = Block blaster,Not_offensive,Not_offensive,Not_offensive
Vanditteenn soll singam thirimbi vanditteenn soll SINGAM daa,Not_offensive,Not_offensive,Not_offensive
Omg it's awesome I got a Goosebumps,Not_offensive,Not_offensive,Not_offensive
Lol. Enna karumo da ithu. Pink itself flop. Ithula ajith nadiparnu paatha. Etho oru kelattu koo** act pannirukaan.,Offensive_Targeted_Insult_Individual,Offensive_Targeted_Insult_Group,Offensive_Targeted_Insult_Group
Velangirum da. Endha rendu nainga tholla thanga mudiyala da. Dhayavu senji neengalam unga orlayae sethu poirunga da. Vera endha oruku vandhuradhinga. Avainga oru picha neenga oru echcha. Edhula evan periyavanu padam vera edukurainga🤣,Offensive_Targeted_Insult_Group,Offensive_Targeted_Insult_Group,Offensive_Targeted_Insult_Group
Makkala nan makalukagave Nan (Across the politics) #ironLadyTN,Not_offensive,Not_offensive,Not_offensive
Vera level ma... Anna NGK & kappan semma treat for 2019,Not_offensive,Not_offensive,Not_offensive
"Yarulam intha trailer pakuringalo, oru like pottu pongapa... Thala vera level..",Not_offensive,Not_offensive,Not_offensive
"Rajini eh vaee sight adikaavechtangalaee..he looks handsome,..makeupartist",Not_offensive,Not_offensive,Offensive_Targeted_Insult_Individual
Marana mass DHANUSH ANNA adutta award waiting,Not_offensive,Not_offensive,Not_offensive
Vijay sedupati like a boss,Not_offensive,Not_offensive,Not_offensive
Same concept in tamil short film keka beka keka beka,Not_offensive,Not_offensive,Not_offensive
Thalaiva semma mass 2.0 Sama super mass,Not_offensive,Not_offensive,Not_offensive
"11,955,522 views in 2 days 12M views varum",Not_offensive,Not_offensive,Not_offensive
Marvel paruppu thanni+DC uppu+tamil masala + kick kadugu + krissh vengayam thakkali = hero sambar,Offensive_Targeted_Insult_Individual,Not_offensive,Not_offensive
Thalaiva coollip ah thuppitu pesu thalaiva vasanamae puriyala,Offensive_Targeted_Insult_Individual,Not_offensive,Not_offensive
varla varla va varla va 10 millions views,Not_offensive,Not_offensive,Not_offensive
Jai surya from andhra pradesh ngk surya army,Not_offensive,Not_offensive,Not_offensive
Vera level enga anna movie blackbooster,Not_offensive,Not_offensive,Not_offensive
"Yen thalaivar padathukku views ellam kammiya irukku, shankar sir flim",Offensive_Untargetede,Not_offensive,Not_offensive
மோகன் மற்றும் அஜித்தின் மச்சானுக்கும் வன்னியர் சார்பாக மனமார்ந்த நன்றி.,Not_offensive,Not_offensive,Not_offensive
Hindi me kyo nhi late trailer,not-Tamil,not-Tamil,not-Tamil
Hope by tis week will get 470K+ likes,Not_offensive,Not_offensive,Not_offensive
Troll Pananlam nu vantha... Content'e Kidaikalaye paaa... Awesome By Today Trending Team,Not_offensive,Not_offensive,Not_offensive
Manitha kadavul ajith kumar Kadhal mannan Ajithkumar Ultimate star ajithkumar,Not_offensive,Not_offensive,Not_offensive
Surya and rakul preet ku fight ah??🤔,Not_offensive,Not_offensive,Not_offensive
NGK teasar ku equal ah iruku,Not_offensive,Not_offensive,Not_offensive
Sema mass thalaivaaa Innum eththana years aanalum unna adichukkathukku aale kidaiyathu,Not_offensive,Not_offensive,Not_offensive
தலைவர் மூத்தரத்த குடிச்சிருக்கடா பரவால பால ஊத்திட்ட நீயே உனக்கு..திமுக அடிமை நாயே,Offensive_Targeted_Insult_Group,Offensive_Targeted_Insult_Individual,Offensive_Targeted_Insult_Group
0.20 to 0.40 it looks like Vada Chennai's jail carrom board sketchu scene,Not_offensive,Not_offensive,Not_offensive
Ivan kooda dana rashmika mandana engagement aachi..,Offensive_Targeted_Insult_Individual,Offensive_Targeted_Insult_Individual,Not_offensive
Kangana Ranaut ke fans like here,not-Tamil,Not_offensive,Not_offensive
Thala mass - yuvan BGM mass,Not_offensive,Not_offensive,Not_offensive
"Vijay sethupathi, STR, Aravind swamy, Arun Vijay, jothika, aishwarya, Athithi Most Waited",Not_offensive,Not_offensive,Not_offensive
Dhanush veriyans like hereasura vettai aarambam,Offensive_Untargetede,Not_offensive,Not_offensive
A masterpiece best revenge film I’ve ever scene,Not_offensive,Not_offensive,Not_offensive
"40 வருடமா அவர் ஏன் உச்சத்தில் இருக்கிறார் என்பதற்கு இதுவே காரணம். அரசியலிலிம் சரி சினிமாவிலும் சரி அவரை உள் நுழைக்காமல் உங்களால் எதுவுமே செய்ய முடியவில்லை. அவரின் முதுகில் குத்துவதாக நினைத்துக் கொண்டிருக்கிறீர்கள். அவற்றையெல்லாம் உதாசீனப்படுத்தி விட்டு உச்சத்திற்கு போய் கொண்டே இருக்கிறார் என்பது தான் நிஜம், நீங்க தாண்டா ரயல் கோமாளீஸ் @jayamravi @director",Offensive_Untargetede,Not_offensive,Not_offensive
அடேய் விறகு கட்டய வச்சி Tata sumoye பறக்க விடிருங்களேடா...🤣,Offensive_Targeted_Insult_Group,Offensive_Targeted_Insult_Group,Offensive_Targeted_Insult_Group
Anna super back with a bang bang. again,Not_offensive,Not_offensive,Not_offensive
1 week 10 mil after 2 weeks 20 mil...?,Offensive_Untargetede,Not_offensive,Not_offensive
vj fans very jalacy evalo dislike a evalo alagaa iruku video songs thala Na mass hand some gethu naa vj naa veast vethu,Not_offensive,Not_offensive,Not_offensive
ي عيال وش السالفة وصل ترند!!,not-Tamil,not-Tamil,not-Tamil
இந்த தருணத்தில் வரவேற்கும் படம் இது அடிமை படுத்தினோம் என்று ஆயிரம் படம் வெளிவரும் போது சாதியே இல்லை என்று பழகும் நம்பனை முதுகில் குத்தி விட்டு அவன் தங்கையை கல்யாணம் பண்ணும் அவர்கள் சரியா வெற்றி பெற வாழ்த்துகள்,Not_offensive,Not_offensive,Not_offensive
idhudhan da trailer goyalla FDFS confirm,Not_offensive,Not_offensive,Not_offensive
Beethoven be like: Am i a joke to you?,Offensive_Targeted_Insult_Individual,Not_offensive,Not_offensive
Super thoothukudi dist yadavar caste sarpaka valthukurom movie hit aagum,Not_offensive,Not_offensive,Not_offensive
பெண்ணை பெற்ற எல்லோர் சார்பாகவும் இத்திரைப்படம் பெரு வெற்றி பெற வாழ்த்துக்கள்,Not_offensive,Not_offensive,Not_offensive
"பழம் நழுவி பாலில் விழுந்த மாதிரி, சூர்யா நழுவி யுவன் +செல்வா கூட்டணிகுள்ள விழுந்தது ரசிகர்களுக்கு தித்திப்பு எழுதி வைத்த வெற்றி சாய் பல்லவிக்கு ஒரு டான்ஸ் பாட்டு இருக்கும்னு நம்புறோம்",Not_offensive,Not_offensive,Not_offensive
"பிறசாதி பெண்கள்(அருந்த்தியர், நரிக்குறவர் தவிர்த்து) மீது மட்டுமே கட்டாய காதல் கொள்ள வலியுறுத்தி திட்டம் போட்டு பணம் பறித்து வரும் கும்பலுக்கு இனி அந்த பிறசாதி பெண்கள் பலியாகாமல் விழிப்புணர்வு ஏற்படுத்த வரும் #திரௌபதி வெற்றி பெற வாழ்த்துகள்",Not_offensive,Not_offensive,Not_offensive
இந்த படத்திற்கு.இருக்கும் வரவேற்பை பார்க்கும் போது எவ்வளவு குடும்பங்கள் இந்த நாடக காதல் கும்பலால் பாதிக்கப்பட்டு இருப்பதை இந்த மக்கள் அறிந்து வைத்து இருக்கிறார்கள்.கயவர்கள் தோல் உரியும்.திரௌபதி உரிக்கும்,Not_offensive,Offensive_Targeted_Insult_Group,Not_offensive
பாடங்கள் கற்றதால் விழ விழ நான் எழுவேன்,Not_offensive,Not_offensive,Not_offensive
Sivakarthikeyan and arjun fans hit like,Not_offensive,Not_offensive,Not_offensive
NGK Surya+selvaragavan+u1=block buster!!! Like here surya fans!!!,Not_offensive,Not_offensive,Not_offensive
paaka lite ah godfather touch irukku.,Not_offensive,Not_offensive,Not_offensive
மனப்பூர்வமாக கூறிக் கொள்கின்றேன் படம் வெற்றியடைய வாழ்த்துக்கள்,Not_offensive,Not_offensive,Not_offensive
thoothukudi thala fans ellaarum oru like podunga,Not_offensive,Not_offensive,Not_offensive
Teaser la iruntha yedho onnu trailer la missing! Aana ithuvum nalla than irukku,Not_offensive,Offensive_Untargetede,Not_offensive
10Million Views Ku Wait Panvanga Like ah podunga,Not_offensive,Not_offensive,Not_offensive
உண்மையை சரியாக சொல்லும் திரைப்படம் வன்னியர் பெண்கள் மீது கைவைப்பான் தலையை எடுத்தால் மட்டும்தான் நாடக காதல் எனும் அநியாயம் அடங்கும்,Not_offensive,Not_offensive,Not_offensive
Podu saaka vara11 siva anna waiting for movie super hero,Not_offensive,Not_offensive,Not_offensive
ungalai ellam1000 seeman vanthalum thirutha mudiyadhu da.,Not_offensive,Not_offensive,Not_offensive
பெண்கள் இந்த படத்தை பார்க்க வேண்டும் அப்பதான் நாடககாதல் கும்பலின் சுயரூபம் புரியும்.,Not_offensive,Not_offensive,Not_offensive
Katta waiting... High voltage.. Suriya Lalettan,not-Tamil,not-Tamil,not-Tamil
Kv Anand sir + Suriya sir + Mohanlal sir + Arya & sayyesha (jodi ) = Kappaan Harris Jayaraj sir,Not_offensive,Not_offensive,Not_offensive
0:43 - 0:59 awesome arun vijay semma masss,Not_offensive,Not_offensive,Not_offensive
Mokka padama irukalam.. may be ajith kaga hit agalam,Offensive_Untargetede,Not_offensive,Offensive_Untargetede
கர்ம வீரர் காமராஜர் வேலு நாச்சியார்.. அடுத்து என்ன இரண்டாம் கலைஞரே தான.. நல்ல கலைஞனை இழந்த சோகம்..,Not_offensive,Not_offensive,Not_offensive
Thevidiyaa pasangala poi pullaingala padikka veingada,Offensive_Targeted_Insult_Group,Offensive_Untargetede,Offensive_Untargetede
Surya gethu,Not_offensive,Not_offensive,Not_offensive
Neraya neraya neraya neraya... Veri thanam THALA WOW!!!,Not_offensive,Not_offensive,Not_offensive
Yaaro oru group..Padam flop dhan konja naalu ku.Munadi..koovitu irundhanga..Avanga laam konjam line la vanga,Offensive_Untargetede,Offensive_Untargetede,Offensive_Targeted_Insult_Group
gurunatha neenga engayum vanthutingala (rangarajan pandey),Not_offensive,Not_offensive,Not_offensive
Sema mass movie in Indian cinima,Not_offensive,Not_offensive,Not_offensive
DMK thevi... Pasangala ipoo sagunga daa,Offensive_Targeted_Insult_Group,Offensive_Untargetede,Not_offensive
எங்களுக்கு மண்ணும் பொண்ணும் இரண்டுமே முக்கிய இதுல யார் கை வச்சாலும் வேட்டுவேம் Mass Dialogue like here 2:13,Not_offensive,Not_offensive,Not_offensive
sir VIJAY SETHU PATHI IS MASSSSSSSSSSSSSSSSSSSSSSSSSSSSSSSSSSSSSSSSSSSSSSSSSSSSSSSSSSSSSSSSSSSSSSSSSSSSSSSSSSSSSSSSSSSSSS,Not_offensive,Not_offensive,Not_offensive
2019 Mega hit blockbuster Movie in tamil cinema nerkonda paarvai,Not_offensive,Not_offensive,Not_offensive
Kaala kabalinu oda vidala itha therika Vida porom,Not_offensive,Not_offensive,Not_offensive
ஆணவ கொலைகள் பற்றி பொங்கும் இந்த நாட்டில் நாடக காதல்கள் பற்றியும் பேச வேண்டும் என்ற இந்த முயற்சிக்கே வணங்குகிறேன் இயக்குனர் அவர்களே #Mohan G Kshatriyan,Not_offensive,Not_offensive,Not_offensive
Yaarellam bigil update paathutu inga vandhinga like podunga,Not_offensive,Not_offensive,Not_offensive
Johnwick aavadhu mayiravadhu... Inga paarunga ya namma thalaivan ah...,Offensive_Targeted_Insult_Individual,Not_offensive,Not_offensive
1:00 saai pallavi ya ipd sirika venaamnu sollunga.. Pinnaadi,Offensive_Targeted_Insult_Individual,Not_offensive,Not_offensive
Semma Super ra irukku. Adulayum andha last rajini sir Arasiyalku varuvadhu urudhi...Enna panni vechiirukkinga. 1996 sa adhu...,Not_offensive,Not_offensive,Not_offensive
Saadhi veri pudicha naainga than indha maadhiri padathukku support pannum...,Offensive_Targeted_Insult_Group,Not_offensive,Not_offensive
கடலூர் மாவட்டம் கோனார் (யாதவர்) சமுதாயம் சார்பாக வாழ்த்துக்கள் நீங்க சாதி படம் எடுத்தா அது சமுகம் நாங்க சாதி படம் எடுத்தா சாதியா?? நா,Not_offensive,Not_offensive,Not_offensive
Indha padam endha issue pathi irukku yaravadhu sollunga pls? Nadaga kadhal na enna?,Not_offensive,Not_offensive,Not_offensive
Idhu oru short-film ah movie ya eduthurkanga,Not_offensive,Not_offensive,Not_offensive
Padippa mattum yaaralayum eduthuka mudiyaathu... Yappaaaaa,Not_offensive,Not_offensive,Not_offensive
Innum 29 k balance Pangalingala come on,Not_offensive,Not_offensive,Not_offensive
Superb look rajini sir and very stylish,Not_offensive,Not_offensive,Not_offensive
Ithulayachu second half olunga eduthurupana KV Anand?,Not_offensive,Not_offensive,Not_offensive
Super.. Yogi babu nadichalae,Not_offensive,Not_offensive,Not_offensive
vera lavel mass entry simbu anna,Not_offensive,Not_offensive,Not_offensive
Any sri lanka suriya fans here...,Not_offensive,Not_offensive,Not_offensive
2:09 dai ennada music semma da indha music keathasaavu kotthu than niya bagam varuthu intha music kaandi than trailer paarthen,Not_offensive,Not_offensive,Offensive_Untargetede
no words to say thalada vera evanda massna ithanda mass evanalayum kaata mudiyathu therikka vittachuda mass mass mass,Not_offensive,Not_offensive,Not_offensive
Tomorrow Fdfs yar yar poringaa?,Not_offensive,Not_offensive,Not_offensive
BGM mass nu solravanga like podunga,Not_offensive,Not_offensive,Not_offensive
Filim yappo reles agum nu solluga,Offensive_Untargetede,Not_offensive,Not_offensive
Akshay sir semma Amy jackson super CHITTY matum konjam oru maari iruku ANYWAYS congradulations to 2.O,Not_offensive,Not_offensive,Not_offensive
Surya Anna mass u1 BGM super,Not_offensive,Not_offensive,Not_offensive
அகமுடையார் சார்பாக படம் வெற்றியடைய வாழ்த்துக்கள்,Not_offensive,Not_offensive,Not_offensive
Pala thalaimurai thandi nirkum da intha song and movie nd making style...,Not_offensive,Not_offensive,Not_offensive
Thalaiva love u thalaiva sema style str,Not_offensive,Not_offensive,Not_offensive
Pa ranjith...இந்த படமும் ஒரு சமூக படம் தான்... இத பத்தி நீங்க பேசவும்... இது உங்கள் முக திரையை கிழிக்கும்... இது ஒரு வெற்றி படம்..,Offensive_Targeted_Insult_Individual,Not_offensive,Not_offensive
Veri thanam THALA... Naan ella THALA fanstayum veendi keetukureen... Dhayavu senji yaar koodayum naama compare panni sanda pooda veenaam... Idhu namma THALAku suthamaaa pidikaadhu... Sooo dhayavu senji THALA rasigargalaana en sagodhara sagodharigal matrum nanbargaltaa veendi keetukureen... namma tharatha naamaleey korachikka veenaam...,Not_offensive,Not_offensive,Not_offensive
Padatha paakura nammala psycho maathiruvaainga pola,Offensive_Targeted_Insult_Group,Not_offensive,Not_offensive
Pink dubbing but am waiting,Not_offensive,Not_offensive,Not_offensive
Tamil nadu Surya fance support yeppavum singam Surya Anna Ku undu,Not_offensive,Not_offensive,Not_offensive
mokka teaser ithukku theri paravalaa,Not_offensive,Offensive_Targeted_Insult_Group,Offensive_Untargetede
Semma sirippa iruku dei innuma da Intha Mari padam edukuringa,Not_offensive,Not_offensive,Not_offensive
sema sema sema..super supr.sema style sema sema,Not_offensive,Not_offensive,Not_offensive
sema mass trailer Roimpa Nail kaleche Surya sir 2 hits kodukaporaru NGK and kapanall the best Surya anna,Not_offensive,Not_offensive,Not_offensive
How many days rajani make same movie..,Offensive_Targeted_Insult_Individual,Not_offensive,Not_offensive
சாதி இல்லை என்று சொல்லும் தேவிடியா பசங்களுக்கு அவங்க விட்டு பொண்ண யாருக்கு கல்யாணம் பண்ணி தராணுக தெரியல...சாதி வெறி அல்ல...உணர்வு,Offensive_Targeted_Insult_Group,Not_offensive,Not_offensive
2:09 yogibabu school boy pudichurundha like panunga,Not_offensive,Not_offensive,Not_offensive
Hindi pink movie copy in Tamil,Not_offensive,Not_offensive,Not_offensive
Irumbu thirai murattu singam mathiri iruku???,Not_offensive,Not_offensive,Not_offensive
Yuvan for life Yuvan fans hit like,Not_offensive,Not_offensive,Not_offensive
Yow enaku extreme peak kovathula gubeer siripu vandhurum ya..nanum evlavo try paniruken sirika kudadhu nu,Offensive_Untargetede,Not_offensive,Not_offensive
தஞ்சை டெல்டா அழகுமுத்துக்கோன் பேரவை உறுப்பினர்கள் சார்பாக படம் வெற்றி பெற வாழ்த்துக்கள்,Not_offensive,Not_offensive,Not_offensive
Vechu senjutinga thalaiva... Padam marana mass. Kandipa innoru vaati pakkanum,Not_offensive,Not_offensive,Not_offensive
Arjun 's evergreen dialogue- dei therikka,Offensive_Untargetede,Not_offensive,Not_offensive
"Thalaivaaa, thank you karthik sir to gv us old rajinikanth",Not_offensive,Not_offensive,Not_offensive
MY Favourites Lallettan and Suriya,Not_offensive,Not_offensive,Not_offensive
Indha pongaluku release ana Adutha pongal Vara odanumndravanga like podunga.,Not_offensive,Not_offensive,Not_offensive
வணக்கம் நண்பர்களே இந்த படம் வெற்றிபெற நான் வாழ்த்துகிறேன் இதில் காட்டப்படும் சம்பவம் அனைத்தும் உண்மையே எனக்கு ஏன் இந்த நாட்டில் இருக்கும் ஒருவருக்கும் தெரியும் அதை வெளிப்படையாக கொண்டு வந்ததற்கு நன்றி பெண்களை பாதுகாக்க இது ஒரு அவசியம் என்பதை நான் உணர்ந்தேன் உணர்ந்துகொண்டேன் மக்கள் உணர்வார்கள்,Not_offensive,Not_offensive,Not_offensive
We want in Telugu too,Not_offensive,Not_offensive,Not_offensive
"Hit aagum nu, Nambikkaiyoda Surya fan nu, Garvatthoda Movie kaaga, Kaathiruppom 🤩",Not_offensive,Not_offensive,Not_offensive
மயிலாடுதுறை சம்புவராயர் வகையாறாவோடு திரையரங்கு வந்து பார்ப்போம்... நெஞ்சம் நிறைந்த வாழ்த்துக்கள்.,Not_offensive,Not_offensive,Not_offensive
Andha look podhum avarru yarunu therinjika,Not_offensive,Not_offensive,Not_offensive
Sooper star idhula rombo ஒல்லியா ah irrugaru,Not_offensive,Not_offensive,Not_offensive
Bgm sema Surya sema acting,Not_offensive,Not_offensive,Not_offensive
"Pei paduthula vara mathiri eruku face.., Enada panni vachirukeenga",Offensive_Targeted_Insult_Individual,Offensive_Targeted_Insult_Group,Offensive_Untargetede
Un like podthavan la manishana illa,Offensive_Untargetede,Not_offensive,Not_offensive
நாடக காதலை எதிர்க்கும் அனைத்து ஜாதி சங்கங்கள் சார்ப்பாக இத் திரைப்படம் வெற்றி அடைய வாழ்த்துகள்.,Not_offensive,Not_offensive,Not_offensive
(MegaMAMMUTTY fans from karnataka ) Thala marana mass Thala pole varuma We love u ultimate AJITH SIR,Not_offensive,Not_offensive,Not_offensive
Sk anna nenga vera level aduthu aduthu munari poitairukinge anna always love u anna,Not_offensive,Not_offensive,Not_offensive
Trisha yen da kamikala rempa MIs panrom..Kandipa intha moviela Trisha character nalla name vangum...,Not_offensive,Not_offensive,Not_offensive
வன்னியர் சார்பாக வாழ்துக்கள் கௌன்டர் சார்பாக வாழத்துக்கள் முக்குலத்தோர் சார்பாக வாழத்துக்கள் உங்க சாதி கூதில போட்டு நாய் ஒழக்க தேவிடியா பசங்கலா திரௌபதி கூதிபதி டைரக்டருக்கு கண்டிப்பா அடி இருக்குடா,Offensive_Targeted_Insult_Group,Not_offensive,Offensive_Targeted_Insult_Group
Thu kevalama irruku Kajal pair is looking like a father n daughter...waste of tym #stupid,Offensive_Targeted_Insult_Individual,Offensive_Targeted_Insult_Group,Not_offensive
Wt a movi wt aaaaaa moviii...superb superb...,Not_offensive,Not_offensive,Not_offensive
Panday nee la Enga Thala ku opposite ah Otha poturuvom,Not_offensive,Offensive_Untargetede,Not_offensive
Music by #PLANT vs ZOMBIES Ipdi pannitinga le #Raja sir,Offensive_Targeted_Insult_Individual,Offensive_Targeted_Insult_Individual,Not_offensive
Kandipa idhu worth ana film a Irukumnu nenaikuren. We r waiting,Not_offensive,Not_offensive,Not_offensive
Nerkonda paarvai mix with Kolaikaaran BGM,Offensive_Targeted_Insult_Individual,Not_offensive,Not_offensive
வீர சைவ குலத்தின் சார்பாக படம் வெற்றி பெற வாழ்த்துகள்,Not_offensive,Not_offensive,Not_offensive
Karunikar pillai sarbaga all the best,Not_offensive,Not_offensive,Not_offensive
Comments la like vaangi enna panna poringa ellarum,Not_offensive,Not_offensive,Not_offensive
Mokka graphics. Ippa wara video games koda nalla irruku.,Offensive_Untargetede,Offensive_Untargetede,Offensive_Untargetede
Thala thala samma samma mass masss vivegam,Not_offensive,Not_offensive,Not_offensive
Anna nenga vera level Anna mass mass naaaaaa,Not_offensive,Not_offensive,Not_offensive
Young man johnny patha Mari iruku,Not_offensive,Not_offensive,Not_offensive
Marvel dc fans ellam orom pongada 🤣🤣,Offensive_Untargetede,Offensive_Targeted_Insult_Group,Not_offensive
Andha bike adhu IMPULSE ah?🤔 Illa modified Fz?,Offensive_Targeted_Insult_Individual,Not_offensive,Not_offensive
Ajith oru kelatu baadu da avanuku poolu kelambathu Ne poi kelapi vidu,Offensive_Targeted_Insult_Individual,Offensive_Targeted_Insult_Individual,Offensive_Targeted_Insult_Group
1:36 indha frame la Thala vera level la irukaru pa..!!,Not_offensive,Not_offensive,Not_offensive
Kolai konda parvai thala thaladan,Offensive_Untargetede,Not_offensive,Not_offensive
Nallathan errukku but sathanam acting dhan konjam doubt ah errukku...,Offensive_Targeted_Insult_Individual,Offensive_Targeted_Insult_Individual,Not_offensive
Shankar sirama pattathaa solraanga.. Itha siramamnu solla mudiyala aana itha paakurapo karumam mathiri irukkuthu..,Offensive_Untargetede,Offensive_Targeted_Insult_Group,Not_offensive
ஜெயலலிதா அம்மாவோட கம்பீரத்துல 2% கூட இல்ல இவ...! விஜய்க்கு தேவை இல்லாத வேலை,Offensive_Targeted_Insult_Individual,Not_offensive,Not_offensive
Ennada ethu trailer mugamudi mari eruku,Offensive_Targeted_Insult_Individual,Offensive_Targeted_Insult_Individual,Offensive_Untargetede
Captain America Oda arc story madhiri irukku,Offensive_Targeted_Insult_Group,Not_offensive,Not_offensive
Stylea erukana ha ha naturally,Not_offensive,Not_offensive,Not_offensive
50 k likes in 17 minutes!!!,Not_offensive,Not_offensive,Not_offensive
Prabhu deva - like Ragava lawrence - reply,Not_offensive,Not_offensive,Not_offensive
Thalaaaa...love u laaaaa perfect fitnesss,Not_offensive,Not_offensive,Not_offensive
Thala Vera levellll massssss spectacular semma actingg,Not_offensive,Not_offensive,Not_offensive
தண்ணி கேட்டா மலையாளி டிக்கிலயே மிதிக்கிறான் இவனுக மானங்கெட்டு மலையாளி ஐயரை தலனு சொல்லிக்கிட்டு இருக்கானுக,Offensive_Targeted_Insult_Individual,Not_offensive,Offensive_Targeted_Insult_Group
Motu patlu ki motu lag rehe hain,not-Tamil,not-Tamil,not-Tamil
morning elundhadhum 1st teaser paathavaga sollunga suriya fans,Not_offensive,Not_offensive,Not_offensive
Asuran hit aagum nu ninaikuravanga like panunga,Not_offensive,Not_offensive,Not_offensive
பொண்ணுங்க மேல கைய வச்சா கண்டிப்பா வெட்டணும்,Offensive_Untargetede,Not_offensive,Offensive_Targeted_Insult_Group
Appadiyellam nadakkadu nadakka koodadu THALA THALA THALA GOOSEBUMPS,Not_offensive,Not_offensive,Not_offensive
Purushan pondatti rendu perum ore padthathula nadichu irukanga super to see,Not_offensive,Not_offensive,Not_offensive
000000000000000000000000000000000000000000000000000000000000000000000000000000000000000 He look Like Zero not a hero🤣🤣,Not_offensive,Offensive_Targeted_Insult_Individual,Not_offensive
aai ithu ninety six u yara yemathuringa🤣🤣,Offensive_Targeted_Insult_Individual,Offensive_Untargetede,Offensive_Untargetede
I think rajes is juli die hard fan.. hahahhaahah,Not_offensive,Not_offensive,Not_offensive
Ilayaraja yen beethoven music use panraru?,Offensive_Targeted_Insult_Individual,Offensive_Targeted_Insult_Individual,Not_offensive
படத்தின் வெற்றி நமது கைகளில் சொந்தங்களே. இனைவோம் வெற்றி பெற செய்வோம்,Not_offensive,Not_offensive,Not_offensive
நாடார் சமுகத்தின் சார்பாக படம் வெற்றி பெற வாழ்த்துக்கள்,Not_offensive,Not_offensive,Not_offensive
yevlo vayasu analum yen thalaivaroda stayl korayathu da athanda super star marana waiting kolagandula iruka da petai ku,Offensive_Untargetede,Not_offensive,Not_offensive
Did you get it? It's Pink movie.,Not_offensive,Not_offensive,Not_offensive
Trailer verithanam kandipa nan fdfs dhan,Not_offensive,Not_offensive,Not_offensive
Padam eppa bro realce marana waiting,Not_offensive,Not_offensive,Not_offensive
Dai comali punda🤣🤣oththa ne rajini ah kindal pannuriya oththa,Offensive_Targeted_Insult_Individual,Offensive_Targeted_Insult_Group,Offensive_Untargetede
Dislike potravaa avangaa Amma silukuu daaa,Offensive_Untargetede,Offensive_Targeted_Insult_Group,Offensive_Untargetede
Dhoni - 2020 la Overseas Century adikiran daa Hip Hop Adhi - Hahaha,Not_offensive,Not_offensive,Not_offensive
"Oru Thavaru Seitha.., Adhai Therindu Seidal..., Avan Dhevan Endralum Thappikamudiyadhu!!! #Singam3",Offensive_Untargetede,Not_offensive,Not_offensive
வசனம் எல்லா நல்லாதான் இருக்கு ஆனால் படம் ஒடுமா?,Not_offensive,Not_offensive,Not_offensive
Oru periya nadigarukku indha padam set Aagadhu.. I think vera?,Offensive_Targeted_Insult_Individual,Not_offensive,Not_offensive
Surya anna mass fanzz from kerala... like here,Not_offensive,Not_offensive,Not_offensive
"Appedilaam nadekaathu, nadake kudaathu!! The bulls eyes🤩",Not_offensive,Not_offensive,Offensive_Untargetede
Wow semma love movie I love killing,Not_offensive,Not_offensive,Not_offensive
Gv music vera level Dhanush aa ithu pakkave bayama irukku,Offensive_Untargetede,Offensive_Targeted_Insult_Individual,Not_offensive
Village life styel.... Village vlog subscribe தடவை subscribe பண்ணி தான் பாருங்களேன்,Not_offensive,Not_offensive,Not_offensive
3.5k dislike groups ku dha indha trailor,Not_offensive,Offensive_Untargetede,Offensive_Untargetede
தமிழ்ராக்கர்ஸ் தாண்டி மாப்ள...மயிரு மாறி இருக்கு ட்ரைலர்...,Offensive_Targeted_Insult_Group,Not_offensive,Not_offensive
Semma mass Sk action king Arjun Abhay deol,Not_offensive,Not_offensive,Not_offensive
Ennada ithu sivakarthikeyan aa vida arjun fans neraya per irukangalo,Offensive_Targeted_Insult_Individual,Not_offensive,Not_offensive
my favorite hero THALA biggest movie God bless,Not_offensive,Not_offensive,Not_offensive
Bollywood ki Pink movie jaisi lag rhi h,not-Tamil,not-Tamil,not-Tamil
1500 Dislikes.. Yo get life you guys..,Offensive_Untargetede,Not_offensive,Offensive_Untargetede
That dialogue oruthar mela irukra viswasthukaga!! Inoruthara yen asinga paduthuringa? THALA special Yuvan,Not_offensive,Not_offensive,Not_offensive
Dhanush endha level kum poi act panu varu...,Not_offensive,Not_offensive,Not_offensive
p I N K!!,Not_offensive,Not_offensive,Not_offensive
Tatti story hai... Vfx bhi tatti hai,not-Tamil,not-Tamil,not-Tamil
Ena da kaththi padatha eduthu vechurkeenga.. VJS double role ah..,Offensive_Targeted_Insult_Group,Offensive_Untargetede,Offensive_Targeted_Insult_Group
Viswasam vs petta Viswasam like Petta comment,Not_offensive,Not_offensive,Not_offensive
Vera levala iruku movie release ku wait pana vachitaruu Mani sir,Not_offensive,Not_offensive,Not_offensive
semma teaser thaliva pakka mass,Not_offensive,Not_offensive,Not_offensive
semmmmmmma thalaaaaaa Hollywood Bollywood style pakkkka mass Hollywood semmmmmmaaaa,Not_offensive,Not_offensive,Not_offensive
விழுப்புரம் மாவட்ட வன்னியர் சங்கம் சார்பாக படம் வெற்றியடைய வாழ்த்துக்கள்,Not_offensive,Not_offensive,Not_offensive
வாழ்த்துக்கள் திரௌபதி குழு...திருப்பாச்சனூர் கிராமம் விழுப்புரம் மாவட்டம்...,Not_offensive,Not_offensive,Not_offensive
Heavyyy Diwali ath Kaithi kk swantham,Not_offensive,Offensive_Targeted_Insult_Individual,not-Tamil
Dialogues nachu nachunu Vera levela erukku,Not_offensive,Not_offensive,Not_offensive
முந்தை விழுப்புரம் தற்போதய கள்ளக்குறிச்சி சார்பாக படம் வெற்றி பெற வாழ்த்துக்கள்,Not_offensive,Not_offensive,Not_offensive
Va thala va thala va thala,Not_offensive,Not_offensive,Not_offensive
Rajini CM sir I love you.no.1,Not_offensive,Not_offensive,Not_offensive
1:17 verithanama iruku nu solravanga like podunga,Not_offensive,Not_offensive,Not_offensive
Marana bangam to thalaivar... Hey ithu 96 yaara ematha parkura🤣🤣,Offensive_Untargetede,Offensive_Untargetede,Not_offensive
Ulagathil samanalai endru ondrum illai avaravar seiyum thappai nyayaa paduthi kondu pesubuvargal thaa adigam yarum jaadhi pakkamatangalam aana yarachum nalladu panna kudaaa ingaa jaadhi kekranga ellarum ondraga vaala kathukanum adhaa vidaa indha kuruma va nambuna naadu nasama pogum nu ipovachu purunjukonga saghodharargaley indha mari unmaiya pesum padamum varanum ipdiku vandherigal enaa alaikapadum oru tamilanin varthaigal...,Not_offensive,Not_offensive,Not_offensive
10 varusham ulla irunthen nu mattum thana sir theriyum... 10 varushathukku munnadi enna pannittu irunthen nu theriyathulla...,Offensive_Targeted_Insult_Other,Offensive_Untargetede,Not_offensive
"கடவுளுக்கு சாதி இல்லை, அனால் அந்த கடவுளை வணங்கும் மக்களுக்கு எதற்காக சாதி...",Not_offensive,Not_offensive,Not_offensive
உன் சமூகத்த உயரத்தனும்னா நீ நல்லா படி உழைச்சு முன்னுக்கு வா நீ உயர்ந்தா உன் குடும்பம் உயரும் உங்க ஒவ்வொரு குடும்பமும் உயர்ந்தா உங்க சமூகம் உயரும்... உன் கிட்ட காசும் கல்வியும் இருந்தா நீ தான்யா உசந்தவன் அத விட்டுட்டு மத்தவன் பொண்ண இழுத்து ஓடி ஜாதி ஒழிக்குறேன்னு நாடகம் போட்டா ஒரு நாள் மொத்த சமூகமும் உங்களை தூக்கி போட்டு மிதிக்கும்,Not_offensive,Not_offensive,Not_offensive
Idhu oru Short film Movie,Not_offensive,Not_offensive,Not_offensive
Deepika or Nayan would have been good,Not_offensive,Not_offensive,Not_offensive
NGK movie ku wait pandravanga mattum like pannuga,Not_offensive,Not_offensive,Not_offensive
Thalaivaaaaaaaaa Still Watching It In Repeat Mode,Not_offensive,Not_offensive,Not_offensive
Kaithi padam pathutu trailer pathavaga yar yar like pannuga,Offensive_Targeted_Insult_Other,Not_offensive,Not_offensive
Movie release Ku munnadi 20M views varanum 100k comments varanum,Not_offensive,Not_offensive,Not_offensive
0.31 sinna pullaila kulicha eri ku povomda Andha yerila thanda nadandhu poitu irukom...,Offensive_Targeted_Insult_Individual,Not_offensive,Offensive_Untargetede
Richard anna evlo naalachu ungala pathu indha movie kandipa ungaluku oru nalla comebackah iruka vazhthugal,Not_offensive,Not_offensive,Not_offensive
ippadiyae thamizhargal la pirikura mathiriyae padatha edunga da nanga munnuku vanthuduvom. ean ippadi enga thamizhargala saaga adikureenga,Offensive_Targeted_Insult_Group,Offensive_Untargetede,Offensive_Targeted_Insult_Group
Trailer pakum bodhu elllam avan seyal madhiri iruku.but film konjam conspet vera mari irukum nu ninaikurean Wait panni papom,Offensive_Untargetede,Not_offensive,Not_offensive
Thalaivar Rajani Sir! Kerala fans Like Here,Not_offensive,Not_offensive,Not_offensive
இது சாதி படம் அல்ல நாடகக் காதல் ஐ தோல் உரிக்கும் தரமான சம்பவம் விரைவில்... குழி தோண்டும் குள்ளநரிகளின் முகத்திரை கிழிக்கப்படுவது உறுதி # துரௌபதி... # தென்மாநில # முக்குலத்தோர் சார்பாகவும் # தல_அஜித் ரசிகர்கள் சார்பாகவும் இந்த வரலாற்று படமாக வெற்றி பெற வாழ்த்துக்கள்,Not_offensive,Not_offensive,Not_offensive
MY INSPIRATION HERO(SIVAKARTHIKEYAN) MY REAL LIFE HERO(MY MOM),Not_offensive,Not_offensive,Not_offensive
Saaho oda remix ah shakthi man ah,Offensive_Targeted_Insult_Other,Offensive_Targeted_Insult_Individual,Offensive_Targeted_Insult_Individual
Prabhu Deva Fans like here,Not_offensive,Not_offensive,Not_offensive
“தானா சேர்ந்த கூட்டம்” படம் தான் நியாபகத்துக்கு வருது..ஒவ்வொரு சீன்க்கும்...,Offensive_Targeted_Insult_Group,Not_offensive,Not_offensive
Omg omg omg Tharu maara katha vidudhu trailer,Not_offensive,Not_offensive,Not_offensive
400 k likes 5m views masssss,Not_offensive,Not_offensive,Not_offensive
Vfx ke saath photo wur look kyu lagadiya jay lalita ki young hood ki sar chakra gaya,not-Tamil,not-Tamil,not-Tamil
"TRAILER ee VERITHANAM aa irukku, padam kandippa hit, Indha thadava National Award miss aagaathu",Not_offensive,Not_offensive,Not_offensive
199K likes left to reach 1M likes,Not_offensive,Not_offensive,Not_offensive
உங்கள் சிரிப்புக்கு ஏற்ப படம் வெற்றிபெற தளபதி ரசிகர்கள் சார்பாக வாழ்த்துக்கள் அண்ணா,Not_offensive,Not_offensive,Not_offensive
Super hit padam. All the best Suriya anna.,Not_offensive,Not_offensive,Not_offensive
"Na kuda mokkaya irukumnu nenachan, but nalla dhaan iruku... But Theatreku ponuma nu yosanayave iruku...",Offensive_Untargetede,Offensive_Untargetede,Offensive_Targeted_Insult_Group
திரைப்படம் வெற்றி பெற வாழ்த்துக்கள்... அனைத்து நாயுடு நாயக்கர்கள்.தமிழக நாயுடு பேரவை.,Not_offensive,Not_offensive,Not_offensive
யுவராஜ் கவுண்டர் பேரவை வேளாளர் ம வெள்ளாளர் சமுதாயத்தின் உணர்வு,Not_offensive,Not_offensive,Not_offensive
Karunanidhi ₹ jayalathitha seinjuruvanuga nu pathom Neenga thayavu Seinjurunga Rajini,Offensive_Targeted_Insult_Group,Offensive_Targeted_Insult_Individual,Offensive_Targeted_Insult_Individual
Ellam avan seyal movie matheri iruku,Offensive_Targeted_Insult_Individual,Not_offensive,Not_offensive
Nee siricha enna aludha enna poda moodhevi.,Offensive_Untargetede,Offensive_Targeted_Insult_Individual,Offensive_Untargetede
NGK blockbuster agum enru soldravanga like podunga,Not_offensive,Not_offensive,Not_offensive
sam cs ah music uh...semaya potrukappla,Not_offensive,Not_offensive,Not_offensive
Happy Diwali guysss... If vijay fans here means enjoy ur sarkar day...,Not_offensive,Not_offensive,Not_offensive
16 Million Views podra vediya,Not_offensive,Not_offensive,Not_offensive
Idhu maniratnam sir movie trailer madhiriye illaiye,Not_offensive,Not_offensive,Not_offensive
vera level trailer... jayam ravi rocks,Not_offensive,Not_offensive,Not_offensive
Vijay sethu pathi fans hit like,Not_offensive,Not_offensive,Not_offensive
அஜீத் இந்த துப்பாக்கி சுடுறத விடவே மாட்டாரா..எல்லா படத்துலயும்...,Offensive_Targeted_Insult_Individual,Not_offensive,Not_offensive
I am Kerala Vijay fan njangal und kudea,not-Tamil,not-Tamil,Not_offensive
Selvaragavan Sir Marana Kaattu Suriya Sir Awesome Acting Yuvanshankar Sir Music Tharamanathu,Not_offensive,Not_offensive,Not_offensive
Dear Thala veriyarzhal... Vivegam movie super nu solluravanga... Like post pannuga... Enna maa no one liked ah...???,Not_offensive,Not_offensive,Not_offensive
Tamil cinema vera level ahhh movie edukuranga,Not_offensive,Not_offensive,Not_offensive
"pakkava irukku str,arun vijay,vijay sethupathi,aravind swamy semaya irukkuanga waiting this movie sema aarvam",Not_offensive,Not_offensive,Not_offensive
VFX Sari illa.. Black Gate kuda VFX potturukanga...,Offensive_Targeted_Insult_Group,Not_offensive,Offensive_Untargetede
Vera 11 perfmoence yogi +jayam ravi,Not_offensive,Not_offensive,Not_offensive
Hindi audience Like karein Main Samjh Jaunga Ki South Ke Chahne Wale Kitne Hain,not-Tamil,not-Tamil,not-Tamil
Get 400K likes before 24 hrs,Not_offensive,Not_offensive,Not_offensive
Andha fight scene la yarukkellam pullarichudhu,Not_offensive,Not_offensive,Not_offensive
Kola kandula irukan mavane kollama vidamatan hit like hera,Offensive_Untargetede,Offensive_Untargetede,Offensive_Untargetede
821k likes 74k comments 13.25million Views super,Not_offensive,Not_offensive,Not_offensive
Evan eval dislike panathu avanka ellarukum 3 subject arrear varum,Not_offensive,Not_offensive,Offensive_Untargetede
Ulagam podhuvanadhu...thazhthapattavargaluku kudukapadum privilege avargal vazkhai munnetrathirku mattume.. Matravargal vazhvai kedupadharku alla.. Jadhiya kodumaigalai padamakka urimai undenil.. Jadhiya thavarugalai padamakkavum urimai undu.. Padam vetri pera vazthukkal..,Not_offensive,Not_offensive,Not_offensive
Starring la sayesha name kaanom,Offensive_Targeted_Insult_Group,Not_offensive,Not_offensive
நல்லா சொன்ன பெரம்பலூர் பக்கம் பாடம் ஏதும் ஓட்ட வந்துடாத சும்மா இருக்க நாங்க ஒன்னும் படுச்சவன் இல்ல பாத்துக்கோ உங்க படம் டைலாக் தா முட்டாள் செய்யும் செயல் செம்மையா இருக்கும்,Not_offensive,Offensive_Targeted_Insult_Group,Offensive_Targeted_Insult_Group
படத்துல தான் மண்ணும் பொண்ணும் எங்களது கைய‌ வெச்ச இருக்காதுனு பேச முடியும்... Pollachi indecent laa oru ponnu vandu ipadi pesa sollunga pakala🥶🤭🥳... திரௌபதி பரிதாபங்கள்,Offensive_Targeted_Insult_Group,Not_offensive,Not_offensive
Adhu eppudi da trailer paakamiyae dislike poduranga,Offensive_Untargetede,Offensive_Untargetede,Offensive_Untargetede
Karthi annaaaa vera level acting,Not_offensive,Not_offensive,Not_offensive
varlam vaa bairava merasal teaser we are waiting thalaivaa,Not_offensive,Not_offensive,Not_offensive
Action king fans irukingla... Hit Like,Not_offensive,Not_offensive,Not_offensive
Teaser lam nallathan iruku.. But athula vara editings lam romba mokkaya iruku..... editing matum paathu panunga,Offensive_Targeted_Insult_Other,Offensive_Untargetede,Offensive_Targeted_Insult_Group
PINK & NKP fans kits like,Not_offensive,Not_offensive,Not_offensive
0:48 thala look vera level,Not_offensive,Not_offensive,Not_offensive
Back to Back Super blockbuster Movies... First 2.0 then Petta Rajnikanth is just Amaaaaaaazing,Not_offensive,Not_offensive,Not_offensive
"Asuren Vettai arambam....., am Dhanush. Anna veriyan",Not_offensive,Not_offensive,Not_offensive
Semma bro 100days pakka summa areya ve therika vedru,Not_offensive,Not_offensive,Not_offensive
இன்னும் 2௦௦௦ பெரியார் அம்பேத்கர் வந்தாலும் உங்கள திருத்தவே முடியாது டா. உங்க சாதியவே கட்டிட்டு அழுங்க. தன் சாதியை வெளியே சொல்வதை இழிவாக எண்ணும் நாள் வரும் வரை இந்த நாடு உறுப்படாது. இப்படிக்கு BC என்று தன் சாதி சான்றிதழில் குறிப்பிடப்பட்ட ஒரு அற்ப மனிதன்.,Not_offensive,Not_offensive,Not_offensive
Comments laan padika rmba happy ah irukuuu thalaivaaaaaaaaa marana waiting,Not_offensive,Not_offensive,Not_offensive
Verraaaaaaaaaaaaaaaaaa levellllll ughhh annaaaa... Waiting for mass success,Not_offensive,Not_offensive,Not_offensive
Nkp means nalla kalapum pataiya super thalaaaasaaaaaaaaaaaaaaaaaa,Not_offensive,Not_offensive,Not_offensive
"வேளாளர், நாடார், முக்குலத்தோர், வன்னியர், யாதவர், முத்திரையர் சமூகம் ஒன்று கூடினால் இவனுக கதியை நினைச்சு பாருங்க...",Not_offensive,Not_offensive,Not_offensive
Makkalal nann! Makalukagave naan!!!,Not_offensive,Not_offensive,Not_offensive
Thank You Karthik Suburaj Tharamaana Trailer Ku,Not_offensive,Not_offensive,Not_offensive
Intha movie kaga Rmba naala wait paniturukom 🤗,Not_offensive,Not_offensive,Not_offensive
"காஞ்சி, வேலூர் மற்றும் திருப்பத்தூர் மாவட்டம் அனைத்து அகமுடையார் முதலியார் இன சார்பாக என் குல தெய்வம் பெயரில் வெளி வரும் படம் மாபெரும் வெற்றி பெற வாழ்த்துக்கள்",Not_offensive,Not_offensive,Not_offensive
எப்பாடு பட்டாலும் பிற்பாடு படாதவர் சர்பாக படம் வெற்றியடைய வாழ்த்துகள்.,Not_offensive,Not_offensive,Not_offensive
80 k views uh 100 k likes... Epdi da...? 🧐,Offensive_Untargetede,Not_offensive,Offensive_Untargetede
Idhu Hollywood madhiri irukunu solravangalan indha cmnt ta like pannunga,Not_offensive,Not_offensive,Not_offensive
Looks like she was soaked over night in water...,Offensive_Targeted_Insult_Individual,Not_offensive,Not_offensive
மாவீரன் அழகுமுத்துக்கேன் வாரிசுகள் வட மாவட்ட( யாதவர்) கேனார் சார்பாக வாழ்த்துகள்,Not_offensive,Not_offensive,Not_offensive
Bro 10 million adithu 100 million views maarum,Not_offensive,Not_offensive,Not_offensive
Rajni jhaatu aur uske fan choot maarike,not-Tamil,not-Tamil,not-Tamil
Karthi Suriyava vida nalla nadiganu solravanga like podunga,Offensive_Untargetede,Not_offensive,Not_offensive
After 5 M views.. hit like,Not_offensive,Not_offensive,Not_offensive
So so so so very nice,Not_offensive,Not_offensive,Not_offensive
"பா.ரஞ்சித், வெற்றிமாறன், மாரிசெல்வராஜ், பெரியார்OC சோறு group நல்ல கதறுங்கடா",Offensive_Targeted_Insult_Group,Offensive_Targeted_Insult_Group,Not_offensive
காப்பான் இன்னொரு அயன் திரைப்படம் மாபெரும் வெற்றி பெற தளப‌தி ரசிகர்கள் சார்பில் சூர்யா அண்ணா அவர்களுக்கு மனமார்ந்த நல்வாழ்த்துக்கள்,Not_offensive,Not_offensive,Not_offensive
உதவிங்கறது முதுகுக்கு பின்னாடி இருக்குற... மச்சம் மாதிரி அத பாக்க முடியாது.,Not_offensive,Not_offensive,Not_offensive
Henna nadipuda saaammmy different look,Not_offensive,Not_offensive,Not_offensive
Neraya neraya neraya neraya nerayaaa maaaass...all the best team,Not_offensive,Not_offensive,Not_offensive
"யப்பா சாமி, ட்ரைலர் சும்மா தெறிக்கவிடுது.",Not_offensive,Not_offensive,Not_offensive
LALETTAN FANS LIKE ADIKADDA!! 🤙🤙🤙,Not_offensive,not-Tamil,Not_offensive
Athaana sunrise ah kaamikkama manirathnam padam edukkah maataplaye...,Not_offensive,Not_offensive,Not_offensive
"திருநெல்வேலி(தென்காசி) மாவட்ட முக்குலத்தோர்,நாயக்கர்,நடாடார், யாதவர், சமுதாயங்களின் சார்பாக இத்திரைப்படம் வெற்றிபெற வாழ்த்துகள்",Not_offensive,Not_offensive,Not_offensive
Nalla iruku... Ada nalla thanaya iruku... Nalla iruku... Nalla irukarapa yen yousuchukitu pooi pathara vendiathu than,Not_offensive,Not_offensive,Not_offensive
Ipom vara yellam trailer la yum yogi babu ve vararu,Not_offensive,Not_offensive,Not_offensive
இப்படி ஒரு கதையதா எதிர்பாத்த வேற லெவல்,Not_offensive,Not_offensive,Not_offensive
ngk teaser songs trailer film ellam Pattaya kelalppiruchu aduthu kaappAn pattaya kelappa pogudu world over sees Rediya,Not_offensive,Not_offensive,Not_offensive
#Trending 2 in UAE Thalaivaaa,Not_offensive,Not_offensive,Not_offensive
தீரன் சின்னமலை கவுண்டர் பேரவை மாவீரன் யுவராஜ் கவுண்டர் சார்பாக படம் வெற்றிபெற வாழ்த்துக்கள்,Not_offensive,Not_offensive,Not_offensive
Sema Gethu... BGM summa allu viduthu,Not_offensive,Not_offensive,Not_offensive
100k pottu thaakunga vijay army guyzzz,Not_offensive,Not_offensive,Not_offensive
செம்ம நா அரசியலுக்கு வாரது உறுதி செம்ம,Not_offensive,Not_offensive,Not_offensive
Hindi movie LA sanda yea illaye pa,Offensive_Untargetede,Offensive_Untargetede,Not_offensive
Thlaiva neenga eppa vanthalum kondattam tha thalaiva,Not_offensive,Not_offensive,Not_offensive
100 M views soon Hit like if you agree,Not_offensive,Not_offensive,Not_offensive
Trailer muluka sirika vechitingale adhi Anna 🤣🤣🤣🤣,Not_offensive,Not_offensive,Offensive_Targeted_Insult_Individual
ithu 96 yaara emathiringa vera level,Not_offensive,Not_offensive,Not_offensive
Any Rangaraj Pandey Fans here???,Not_offensive,Not_offensive,Not_offensive
ada paavi...appadiyae batman copy adichu vachirukingalae da,Offensive_Untargetede,Offensive_Untargetede,Offensive_Targeted_Insult_Group
worst teaser i have ever seen,Not_offensive,Not_offensive,Not_offensive
No varities from u...sema bore pa...,Offensive_Targeted_Insult_Individual,Not_offensive,Not_offensive
Indha maari ponnungalukkellam indha mathiri thaan nadakkum Appadi ellam Nadakkathu nadakkavum koodathu,Not_offensive,Not_offensive,Not_offensive
Next block buster movie in Tamil nadippin nayakan Surya sir and leggend super star Mohanlal vere leval,Not_offensive,Not_offensive,Not_offensive
Thala ipadi pathu avalo naal achu...thala I love youuuu,Not_offensive,Not_offensive,Not_offensive
Sema yaara ematha pakkara ithu 92. Super jayam Ravi and yogi babu combo! But music hip hop tamila wrest.,Offensive_Targeted_Insult_Individual,Not_offensive,Not_offensive
Oru dialogue kooda varla adha mysskin movie...,Not_offensive,Not_offensive,Not_offensive
Tamil nattula intha getup la nadikka evanukkuda thillu irukku ellam ota up uh,Not_offensive,Not_offensive,Not_offensive
எல்லாரும் பார்க்காமலே like போட்டுடாங்க போல ஈஈஈஈஈஈஈ,Offensive_Untargetede,Not_offensive,Not_offensive
Climax tha bangam..sirchu sirchu vairu valikuthu daa daee🤣🤣🤣🤣,Not_offensive,Not_offensive,Offensive_Untargetede
Any school students here... Hit like... Hiphop tamizha...,Not_offensive,Not_offensive,Not_offensive
Bgm is like kaala poraduvom song,Not_offensive,Not_offensive,Not_offensive
Rajini Illa dha pu** LA ippadi dhan unlike pannuvanga 24.8.2017 movie pathutu face ah Poi pi** LA vachi ku vanga then thev***a pasanga,Offensive_Untargetede,Offensive_Targeted_Insult_Group,Offensive_Targeted_Insult_Group
Summa attagasama erukku paathukitteye erukkalam pola very nice trailer,Not_offensive,Not_offensive,Not_offensive
Karumo mandaya paathaley vaandhi varudhu..indha naai matu thirundhavey thirundhadhu.valla va Valla va left la varla va..velayadalama apa ama velayatu.thu..,Offensive_Targeted_Insult_Individual,Not_offensive,Offensive_Targeted_Insult_Group
Sama movie... ks.Ravi Kumar super ah eduthu irukaru enna 16 years West aaiduchi,Offensive_Targeted_Insult_Individual,Not_offensive,Not_offensive
திருச்சி மாவட்டம் முத்தரையர்கள் சார்பாக திரௌபதி படம் வெற்றி பெற வாழ்த்துக்கள்...,Not_offensive,Not_offensive,Not_offensive
2:04 repeat mode paathavanga like seiyavum,Not_offensive,Not_offensive,Not_offensive
புரட்சியை திரைப்படம் வாயிலாக விதைக்கும் நாடோடிகள் 2 குழுவிற்கு எனது வாழ்த்துக்கள்,Not_offensive,Not_offensive,Not_offensive
Likes for only Raja sir myskin combo not for moonram kalaignar,Offensive_Targeted_Insult_Individual,Not_offensive,Not_offensive
Phaaaaaaaaaaa Mirattal... Semmeq... All The Best To Team...,Not_offensive,Not_offensive,Not_offensive
Thalaiva vera lvl... Tharamana trlr...varum paruuuuu,Not_offensive,Not_offensive,Not_offensive
Ithu Pola la nadika enga thalivar ala matum tha mudiummmm...annna ne vanaaa...vera level waiting,Not_offensive,Not_offensive,Not_offensive
DANUSH AND ROCKY BHAI FANS LIKE HERE,Not_offensive,Not_offensive,Not_offensive
மிஷ்கின் Mind voice:இவன் என்ன நம்மள விட தரையில தவள்ரானே,Offensive_Untargetede,Offensive_Untargetede,Not_offensive
Innuma intha uoorula jathi la erukku🤦🤦,Not_offensive,Not_offensive,Not_offensive
அகில இந்திய யாதவ மகா சபை சார்பாக திரைப்படம் வெற்றிபெற வாழ்த்துக்கள் நன்கு படீ நன்றாக வியர்வை சிந்தி உழைத்து சாப்பிடு உனக்கானப் பெண் உன் சமுகத்திலே காத்துக்கொண்டீஇருக்கிறாள் மற்றவர்களின் சுயஇலாபத்திற்க்காக உன் வாழ்வை தொலைத்து விடாதே???,Not_offensive,Not_offensive,Not_offensive
"Oreh manla porakkurom, oreh mozhi pesurom, oreh kaatra suvasikkirom, ithukku mela ellaarum samam ndra thukku enna venum... All are equal by birth... Don't support this kind of shit...",Not_offensive,Not_offensive,Not_offensive
Why virkam movies not releasing in hindi?,Not_offensive,Not_offensive,Not_offensive
Yenna NAAGA RAJA... Comali Puppy nu ippa SEERU varaikum vanthuruka... VELs Compay laye paduthuta pola...,Not_offensive,Not_offensive,Not_offensive
ab kisko kya kahein. Apni apni pasand. But ek achi hansi to banti hai boss hahahaha!,not-Tamil,not-Tamil,not-Tamil
15k dislike kamal fan na thaan irupaanga,Not_offensive,Offensive_Untargetede,Offensive_Untargetede
Sunni Madhiri Iruku Trailer Jai Bheem Parambara Gethu Daa,Offensive_Targeted_Insult_Group,Not_offensive,Not_offensive
Maas Thala Thalei Viduthslei Mulu Saritthiram Padei,not-Tamil,Not_offensive,Not_offensive
Anna unga mass yanna nu Yangaluku therium Vera leval trailer 🤞,Not_offensive,Not_offensive,Not_offensive
jheeezee Summa Sparkling Therriiiii antha Double chewingum Drop is so mad!! khaikki sattayila evanume ippidi smarta irundhadhe illanaa! who's agree???,Offensive_Untargetede,Not_offensive,Offensive_Targeted_Insult_Group
Padam varuma varatha. Varum aana varathu. 🤣🤣,Offensive_Targeted_Insult_Other,Not_offensive,Not_offensive
என்ன ப்ரோ சொல்ல வரிங்க..???🤔🤔🤔 படம் ரொம்ப ஸ்லோவா போகும் போலிருக்கு...,Offensive_Targeted_Insult_Group,Not_offensive,Not_offensive
Vera level thalaiva... Mass kellam MASS,Not_offensive,Not_offensive,Not_offensive
Like And Share Only For Myskin Not For UNS,Not_offensive,Not_offensive,Not_offensive
Enga shortfilm ah theduna kedaiklinu paatha atha thirudi periya padam panringa...but hero is not perfect like before..,Offensive_Targeted_Insult_Individual,Not_offensive,Not_offensive
1:14 Semma comedy ya iruku,Offensive_Untargetede,Not_offensive,Not_offensive
Meratitiye Thala #Nerkonda Paarvai Marana Waiting...,Not_offensive,Not_offensive,Not_offensive
Maraaannnnnnaaaaaaaa Maaaaaassssssss Kadavule Ready to Rage,Not_offensive,Not_offensive,Not_offensive
திருச்சி முத்தரையர் சமுதாய மக்கள் சார்பாக படம் வெற்றி பெற வாழ்த்துக்கள் வசனங்கள் சிறப்பு இயக்குனருக்கு பாராட்டுகள் மற்றும் நன்றிகள்,Not_offensive,Not_offensive,Not_offensive
க்ஷத்திரய வம்சத்தின் படைப்பு அனைத்து சொந்தங்களும் ஆதரவு அளித்து வெற்றிபெற வைக்க வேண்டும். இது ஒவ்வொரு வன்னியர்கள் கடமை,Not_offensive,Not_offensive,Not_offensive
Always enga anne suriya anne thanda king. Veritanamane teaser...im marana waiting for kaapan movie...,Not_offensive,Not_offensive,Not_offensive
Thalaivar Rajini fans like for Basha laugh,Not_offensive,Not_offensive,Not_offensive
All d best for d entire team #KAAPPAN...,Not_offensive,Not_offensive,Not_offensive
Telugu Thala fan's hit likes,Not_offensive,Not_offensive,Not_offensive
SEMMA MASS... Thala super... the last punch takkaro takkar top takkar...,Not_offensive,Not_offensive,Not_offensive
Vetri para thalapathy rasigarkal sarbaga valthukal,Not_offensive,Not_offensive,Not_offensive
Nowadays Jayam Ravi's script choosings are amazing...90s kids saarbaga vaaltuukkal...🤣,Not_offensive,Not_offensive,Not_offensive
Next movie release aaguravaryum enga thalaya paathukinnay iruppom,Not_offensive,Not_offensive,Not_offensive
சிறப்பான சம்பவம் இருக்கு 🤘 படம் வெற்றி பெற செங்குந்த முதலியார் இனத்தின் சார்பாக வாழ்த்துகள்,Not_offensive,Not_offensive,Not_offensive
"Oru Manisana azhichidalam, avanudaiya sinthanaiyaium sitthanthathaium yaralum azhikka mudiyathu.. Lovely both of Suyama sinthikka therinjavanga ellarume HERO than.",Not_offensive,Not_offensive,Not_offensive
That ஆமை குஞ்சுகள் கதறல் movement here;),Offensive_Untargetede,Not_offensive,Not_offensive
எங்களுக்கு மண்ணு பொண்ணு 2ம் முக்கியம் இதுல யார் மேல கை வச்சாலும் வெட்டுவோம் #திரௌபதி,Not_offensive,Offensive_Targeted_Insult_Group,Not_offensive
Thala naan erukan unaku every 30 mint ku comments Panna,Not_offensive,Not_offensive,Not_offensive
Biryani Ah Athu naa Saptathu unakku Idli...,Not_offensive,Not_offensive,Not_offensive
"தெரிஞ்ச எதிரி விட தெரியாத எதிரிக்குதான் அல்லு இருக்கனும் எப்படி உன்னோட தலைவா படம் வந்தப்ப உனக்கு இருந்த அல்லு மாதிரி யா? போடாங் கேன கூனா,ஒழுங்கா படம் எடுடா முண்டம்",Offensive_Targeted_Insult_Individual,Not_offensive,Offensive_Targeted_Insult_Group
#7 trending in Maharashtra.Surya fans,Not_offensive,Not_offensive,Not_offensive
Nan vellalar yen nanbargal Thevar vanniyar muthuraiyar koonar Naidu. Naadar makkal sarbaga vazhthukkal...,Not_offensive,Not_offensive,Not_offensive
Malai vantha mayil aadum...thala vanthaa tamil nadey aadum...,Not_offensive,Not_offensive,Not_offensive
Marana waiting from Malaysia surya fans🤩,Not_offensive,Not_offensive,Not_offensive
Indha Diwali kaidhi Ku bigil (visil) podu..,Not_offensive,Not_offensive,Offensive_Targeted_Insult_Individual
same masala. ATM pochu edhu sollavee vana... daba,Not_offensive,Offensive_Targeted_Insult_Individual,Offensive_Untargetede
115K Likes In Just 50 Mins,Not_offensive,Not_offensive,Not_offensive
Thalai yum yuvan um iruntha antha padam mass hit than,Not_offensive,Not_offensive,Not_offensive
"Acting, Dialogue delivery, dance ellamae super...",Not_offensive,Not_offensive,Not_offensive
எல்லா சமூகத்தினரும் வன்னியர்களை தாழ்த்தி தான் படம் எடுக்கிறார்கள் இந்த படத்தின் தலைப்பை கண்டே நடுங்கி போயிருப்பார்கள் அணைவரும் நன்றி திரு.மோகன் ஜி சத்ரியன்.,Not_offensive,Not_offensive,Not_offensive
Kaka pukka short film ah copy adichutanuga,Offensive_Targeted_Insult_Group,Not_offensive,Not_offensive
"Who r waiting trailer in kannada any kannadiga hit like...jai karnataka,tamil nadu",Not_offensive,Not_offensive,Not_offensive
intha kela kuthiku over seen venuma,Offensive_Targeted_Insult_Individual,Offensive_Targeted_Insult_Individual,Not_offensive
I I yo Ethu Nalla Erukke,Not_offensive,Offensive_Untargetede,Not_offensive
கடலூர் மாவட்டம் காட்டுபாளையம் (படையாட்சி) வன்னியர் சமூகத்தின் சார்பாக வாழ்த்துக்கள்,Not_offensive,Not_offensive,Not_offensive
இப்படி ஒரு படம் வரவேண்டும் ரொம்ப நாள் கனவு சூப்பர் எவன் எவனோ படம் எடுக்குறான் எல்லாதுக்கும் மேல இருக்கர நமக்கு என்ன வன்னியர்கள் சார்பாக வாழ்த்துக்கள்,Not_offensive,Not_offensive,Not_offensive
Periyar chair adhu! Anna ta solladhinga! #arun_vijay,Not_offensive,Not_offensive,Not_offensive
Jan 2 paaka vandha like potu ponga,Not_offensive,Not_offensive,Not_offensive
Unga.. Ponna.. Unoda.. Petcha.. Kekura.. Mathiry... Valanga... Da... Apti.. Valaka.. Thuppilla.. Unaku.. First..unoda..ponna..sariya..valakanum.apram.. Vanthu.. Vettu.. Da... Nee.. Aambalaitaruntha...,Not_offensive,Offensive_Targeted_Insult_Individual,Offensive_Targeted_Insult_Group
Surya de...eth film nte yum video kk dislike adikkaan vendi nadakkunna kurach aalkkaar und...,not-Tamil,not-Tamil,Offensive_Untargetede
வேற எதோ ஒரு படத்தை பாத்த மாறி தான் இருக்கு...ஆனா பரவா இல்ல Jiiva Handsomea irukkar.,Not_offensive,Not_offensive,Not_offensive
Dhuruva natchatiram teserah next pakka poravanga irrukingala,Not_offensive,Not_offensive,Not_offensive
நெஞ்சு பொறுக்குதில்லையே -இந்த நிலைகெட்ட மனிதரை நினைந்துவிட்டால்... A+ A- B+ AB+ O+ இதில் பிரிவினை இருத்தல் மட்டும் சிறந்தது...,Not_offensive,Not_offensive,Not_offensive
I wish Aravind Swami looked in this movie like Thani Oruvan. Hit like if you guys agree.,Not_offensive,Not_offensive,Not_offensive
அக்கா தங்கைகள் கொண்ட அண்ணன் தம்பிகள் சார்பாக வாழ்த்துக்கள் மோகன் அண்ணா...,Not_offensive,Not_offensive,Not_offensive
Akshay Kumar fans hit like here,Not_offensive,Not_offensive,Not_offensive
நான் அரசியலுக்கு வருவது உறுதி... ஹே யார ஏமாத்த பார்க்கிறங்க இது 1996 🤣🤣🤣,Not_offensive,Not_offensive,Offensive_Targeted_Insult_Group
Selva Anna movie nambi polam...u1 Anna music erangi adichi iruparu...Surya sir,Not_offensive,Not_offensive,Not_offensive
குற்றமுள்ள நெஞ்சு குறுகுறுக்கும் அதுபோல எவன் இந்த படத்தை எதிர்க்கிறா அவனெல்லாம் குற்றவாளிதான்,Offensive_Targeted_Insult_Group,Not_offensive,Not_offensive
Best Wishes For Dhanush Fans. Thalaaaaaa,Not_offensive,Not_offensive,Not_offensive
கொங்கு வெள்ளாள கவுண்டர்கள் சார்பாக திரைப்படம் வெற்றி பெற வாழ்த்துக்கள்,Not_offensive,Not_offensive,Not_offensive
Wowww Tharu Maaru Jeyam Raviiiiii Sir..,Not_offensive,Not_offensive,Not_offensive
Thalaivaaa vaa thalaiva. Enna look enna mass omg marana mass panna poringanu nenaikira thalaiva.I am waiting,Not_offensive,Not_offensive,Not_offensive
All Tamilians look like Africans lol,Offensive_Untargetede,Not_offensive,Not_offensive
Dhanush and vetrimaran fans hit like🤙,Not_offensive,Not_offensive,Not_offensive
Superb Akshay sir and Rajni sir,Not_offensive,Not_offensive,Not_offensive
Hit like only for Vivek Oberoi!,Not_offensive,Not_offensive,Not_offensive
Safe aah play pannitinga bro... Thala & Thalapathy,Not_offensive,Not_offensive,Not_offensive
kerala chitti fans hit like,Not_offensive,Not_offensive,Not_offensive
மிஷ்கின் மற்றும் இளையராஜா வுக்காக இந்த படத்தை கண்டிப்பா நான் பார்ப்பேன் னு சொல்றவங்க யாருன்னா இருக்கீங்களா?,Offensive_Targeted_Insult_Other,Not_offensive,Not_offensive
Thala love u sooo much vivegam rocks,Not_offensive,Not_offensive,Not_offensive
Bigil Trailer Aprm Yaru Yaru Intha pakkam varinga 🤣,Not_offensive,Not_offensive,Not_offensive
Iam vijay fan. I love ngk movie,Not_offensive,Not_offensive,Not_offensive
"pink trailer minjum namba Thala NKP trailer, pl support my channel, periya like podunga namba thalaiku",Not_offensive,Not_offensive,Not_offensive
Pink movie ka remake lag rha hai,not-Tamil,not-Tamil,not-Tamil
Diwali release 2.0 vs sarkaar like,Not_offensive,Not_offensive,Not_offensive
Superb Teaser S3 Love you Surya anna,Not_offensive,Not_offensive,Not_offensive
singam 3 ee seriesil ettavum mosham aakan chance nd. I didnt liked it.. pakka cliche,Offensive_Targeted_Insult_Group,Not_offensive,not-Tamil
படம் மாபெரும் வெற்றி பெற வாழ்த்துக்கள்,Not_offensive,Not_offensive,Not_offensive
Ithuku udhyanedhi Veda vikaram sir illa suriya irutha Vera level hit ayirukum,Not_offensive,Not_offensive,Not_offensive
Pottu Thakku STR Arun vijay 🤘 Vijay Sethu,Not_offensive,Not_offensive,Not_offensive
"Group 4 thervil other state aalunga 1st 100 place, southern railway examla pass aana 70-80% people north Indian. Neenga innum indha maari keduketta padatha eduthunu mel jaathi keel jaathinu oombitu irunga vekam ketavangale. Jaathiaavthu koodhiaavdhu. Sathiyama tamilanunga munera maatom ipdi irundha. Koodiya seekiram Vadakan poola dha oomba porom tamilanunga #SayNoToCasteDiscrimination #TamilVaazhga #Tamil",Offensive_Targeted_Insult_Group,Offensive_Targeted_Insult_Group,Not_offensive
Sab hero Jhakmaare Rajini Style Saamne,not-Tamil,Not_offensive,Offensive_Targeted_Insult_Individual
FDFS poga poravanga ellam like podunga,Not_offensive,Not_offensive,Not_offensive
Thalafans make it fast likes 24hrs la 1.1m varanum...,Not_offensive,Not_offensive,Not_offensive
Padam mokka teaser vachae mudivu pannitaen,Offensive_Targeted_Insult_Group,Offensive_Targeted_Insult_Group,Offensive_Untargetede
Gommaala okka asith test tube thevdia mavan...seen punda podatha amai asith...,Offensive_Targeted_Insult_Individual,Offensive_Targeted_Insult_Group,Offensive_Untargetede
I am thalapathy fan but idhula thala semmaya irukaru,Not_offensive,Not_offensive,Not_offensive
Vera Level trailer...marana mass look Thalaiva...,Not_offensive,Not_offensive,Not_offensive
Can t wait... Suriya Anna love u,Not_offensive,Not_offensive,Not_offensive
Nyt kulla 500k likes thotrum nu solravangalam like podunga... surya veriyans alwys rocks...🤙🤙🤙🤙🤙,Not_offensive,Not_offensive,Not_offensive
Make it 5m before 7.30 am,Not_offensive,Not_offensive,Not_offensive
Semmaya erukku.. Trailer... Enga anna eppovum grate hero dha... Love you sk anna...,Not_offensive,Not_offensive,Not_offensive
Enaku ennamo sneek peak partha madiriyai Oru feelingu,Offensive_Untargetede,Not_offensive,Not_offensive
ennoda thalaivan movie trailer sema...,Not_offensive,Not_offensive,Not_offensive
Tha bangama eruku daiii nxt lvl,Offensive_Untargetede,Not_offensive,Not_offensive
முதல் வாட்டி டிரெய்லர் ah பாத்து sirichichen... who r laugh?,Not_offensive,Not_offensive,Not_offensive
Sema trailer of theri Unakku antha ponna pudichirinthu nee ok sonna thaan kalyanam.Naa ok nu sollalana?appidiyellam sollakoodathu,Not_offensive,Not_offensive,Not_offensive
Marana mass kappaan teaser thalaiva Nee vera level Ippoma Nee tha mass I LVE U surya Anna BGM pakka,Not_offensive,Not_offensive,Not_offensive
"Malaysia Tamil fans waiting for Kadaram Kondan movie Chiyaan Vikram, Kamal Haasan fans hit like here",Not_offensive,Not_offensive,Not_offensive
Thala looks vera level like a lion🦁,Not_offensive,Not_offensive,Not_offensive
Acting king surya v level,Not_offensive,Not_offensive,Not_offensive
ட்ரெய்லர் பார்க்கும் போதே சிரிப்பை கண்ட்ரோல் பண்ண முடியல!,Not_offensive,Not_offensive,Not_offensive
Vani always luks gorgeous oh my kadavule,Offensive_Targeted_Insult_Individual,Not_offensive,Not_offensive
Ahahaha sema siripu udayanithi pathu 🤣🤣,Offensive_Targeted_Insult_Individual,Not_offensive,Not_offensive
Paaka smart Aana hero ila but tallent irunthaa poathum jeiklaamnundrathuku example dhanush tha,Not_offensive,Not_offensive,Not_offensive
"வாழ்த்துக்கள் எனது சார்பில் எங்கள் கிராமத்தில் இருந்து 600 நபர்களை நான் அழைத்து செல்வேன். விரைவில் தேதியை அறிவிக்க வேண்டும். இப்படிக்கு,நான் தனி ஒருவன் இராமசாமி சேலம் மாவட்டம்.",Not_offensive,Not_offensive,Not_offensive
HISTORY MAKER THALA...tamil il oru hollywood padam...THALA DA...,Not_offensive,Not_offensive,Not_offensive
Pompala mela kai vaikira naai ku padam odathu god iruntha intha padam matum ila ivanda entha padamum odathu,Offensive_Targeted_Insult_Individual,Not_offensive,Offensive_Untargetede
semma mass lov u vijay,Not_offensive,Not_offensive,Not_offensive
Yow karthi subburaj yenna ya senju vachurukka... thalaivaaaaaa... Petta paraak,Not_offensive,Not_offensive,Not_offensive
kaapaan = kollywood mission impossible,Not_offensive,Offensive_Targeted_Insult_Group,Not_offensive
kaththita irukan teaser fulla bgm vara kadupa avuthu ivanuku dsp ya paravala,Offensive_Untargetede,Offensive_Untargetede,Not_offensive
Ellam sari sasikala and somanbabu role ah yaaru nadikapoora🤣🤣,Not_offensive,Offensive_Targeted_Insult_Group,Not_offensive
இலவு பழுக்காது தமிழ் அழியாது நிலவு விழியாது தமிழ் மறையாது களவு அறியாது தமிழ் ஒழியாது ௭தற்கும் வீழாத தூய தமிழ் காண மக்கள் தொலைக்காட்சி நிகழ்ச்சிகளை யூ டியூப் ல் காணுங்கள் நன்றி.,Not_offensive,Not_offensive,Not_offensive
பெண் குழந்தை பெற்ற தகப்பன்மார்கள் சார்பாக வாழ்த்துக்கள்.,Not_offensive,Not_offensive,Not_offensive
Thala pola varuma thalada trailerre evalo superna movie evalo supera irukkum,Not_offensive,Not_offensive,Not_offensive
Rajini sir fans mattum like podunga pa,Not_offensive,Not_offensive,Not_offensive
ட்ரெய்லரை அருமையாக உள்ளது விஜய் ரசிகர் மன்றம் சார்பாக வாழ்த்துக்கள்,Not_offensive,Not_offensive,Not_offensive
"வேலைக்கு ஆட்கள் தேவை இடம்: சென்னை வயது:18 to 28 வருமானம்:13500 ‍to 15000 நிரந்தர வேலை தங்குமிடம் இலவசம், 8973624334",Not_offensive,Not_offensive,Not_offensive
Yuvan vera level... BGM speaks a lot,Not_offensive,Not_offensive,Not_offensive
Nanum indha padathula act pannirukkan ks Ravi Kumar kooda hiphop pinnaei iruppan bar scene la,Not_offensive,Not_offensive,Not_offensive
Peru onne pothu... Mgr sivaji rajini Kamal Vikram Surya vjs nu emblem irukkum,Not_offensive,Not_offensive,Not_offensive
Single pasangalam readya irunga inda lovers dayla masss panrom,Not_offensive,Not_offensive,Not_offensive
va va bhairavaa.. athiradi teaser. anna rocks. vasool mannan yup!!,Not_offensive,Not_offensive,Not_offensive
இந்த படத்தை ஆதரிக்கிறதையோ எதிர்க்கிறதையோ விட்டுட்டு... அந்த ராயபுரம் ரெஜிஸ்டர் ஆபீஸ் உண்மை சம்பவமா இருந்தா அவனுங்கள யாருன்னு மக்களுக்கு அடையாளம் காட்டுங்க புடிச்சி உள்ள போடுறதுக்கு என்ன செய்யனுமோ அத செய்ங்க மொதல்ல அத விட்டுட்டு இங்க வந்து உங்க சாதி வெறிய காட்டாதீங்க...,Offensive_Targeted_Insult_Group,Not_offensive,Offensive_Targeted_Insult_Group
Thanjavur Maavattam Papanasam kaduvettiyar bhakthargal sarbaga padam vettriyadaiya vazhthukkal.,Not_offensive,Not_offensive,Not_offensive
2019...now... yogi B rap no body can beat...yogi B,Not_offensive,Not_offensive,Not_offensive
Ilayaraja sir:Naa yanai illa kudthira.Summa takkunu enthrichuduven.,Not_offensive,Not_offensive,Not_offensive
வேதாரண்யம் சத்ரியர் குலச் சார்பாக வாழ்த்துக்கள்,Not_offensive,Not_offensive,Not_offensive
Hit like for Surya,Not_offensive,Not_offensive,Not_offensive
நானும் தேவன் தான்டா ஆனால் என் தாத்த பசும்பொன் தேவனாகிய கடபிடிக்கிறவன். நாம உயர்ந்தவர்கள் தான் ஆனால் சாதியால் இல்ல எல்லா சாதியம் சம நினைத்து பிறருக்கு உதவுவதில்,Not_offensive,Not_offensive,Not_offensive
Chai indha kelavanuku Amy Jackson kekudha...idhu ellam enna Padam Karumo🤮🤮🤢🤢🤢🤢🤢🤢indha kelavanoda moonjiya pathale kaduppa varudhu🤬🤬🤬,Offensive_Targeted_Insult_Individual,Offensive_Targeted_Insult_Individual,Offensive_Targeted_Insult_Group
Asuran trailer ( Dhanush + vetrimaaran + Gv ) Sola varthaikaley ilaa!!,Not_offensive,Not_offensive,Not_offensive
Namaku thevayaanadha namma thaan adichu vaanganum,Offensive_Untargetede,Offensive_Untargetede,Not_offensive
enna kadhaya irukumunu puriya maatudhu. but there baby,Not_offensive,Not_offensive,Not_offensive
Thalaaaaaaaaa vaaaaa thala sikram... Waiting thalaaaaaaaaa...,Not_offensive,Not_offensive,Not_offensive
என்னதான் நடக்கும் நடக்கட்டுமே இருட்டினில் நீதி மறையட்டுமே மோகனால் வழி வரும் தயங்காதே ஒரு மாவீரன் இருக்கிரான் கலங்காதே,Not_offensive,Offensive_Targeted_Insult_Group,Not_offensive
இப்பதெரியுதா எதுக்கு எங்க அண்ணன நடிப்பின் நாயகன் னு சொல்றம்னு...நடிப்பின் நாயகன்,Not_offensive,Not_offensive,Not_offensive
Ajith fans plss tailer samaya eruku like panunga vj fans marri dislike panathenga,Offensive_Targeted_Insult_Individual,Not_offensive,Offensive_Untargetede
1:34 kudumbathoda sernthu 🤣🤣🤣 etho saravana stores ad ah than kalaikkuringa nu nenachitten da,Offensive_Targeted_Insult_Group,Offensive_Targeted_Insult_Group,Offensive_Untargetede
கடலூர் மாவட்டம் யாதவார் கள் சார்பில் வாழ்த்துக்கள்,Not_offensive,Not_offensive,Not_offensive
"Apo, Ungalukum Polaikarathuku Rajni Thevai... lol... 🤣🤣",Not_offensive,Not_offensive,Not_offensive
Intha thadava national award miss aagathu!! Eluthiruvaila vechukkonga,Not_offensive,Not_offensive,Not_offensive
"vijay vikku unaku set agala da, sotta thala thalaivaa",Offensive_Targeted_Insult_Individual,Offensive_Targeted_Insult_Individual,Not_offensive
Vera Vera Vera Vera Vera Vera Vera level Thalaivar...,Not_offensive,Not_offensive,Not_offensive
Romba naala waiting... Love you vjsagain ungala big screen la pakanum... Pathukitae irukanum...,Not_offensive,Not_offensive,Not_offensive
"நடாக காதல் செய்யும் நாய்கள் நடுநடுங்கி, கதறல் சத்தம் அதிகமா கேக்குது... படக்குழுவினருக்கு நன்றி...",Offensive_Targeted_Insult_Group,Not_offensive,Not_offensive
Vera leval trailar Vera leval heip hap athi sema,Not_offensive,Not_offensive,Not_offensive
Ajith sir carrierlaye idhu vidhyasamaana padamnu solravanga cmt pannunga,Not_offensive,Not_offensive,Not_offensive
Keka bukka keka bukka short film?,Not_offensive,Not_offensive,Not_offensive
End card பங்கம்... எங்க புள்ளைங்க எல்லாம் பயங்கரம்...,Offensive_Targeted_Insult_Group,Not_offensive,Not_offensive
தர்பார் ட்ரெயிலரை முறியடிக்க போகிறது திரெளபதி திரெளபதி தொடர்ந்து மிரட்டுகிறாள்..,Not_offensive,Not_offensive,Not_offensive
Bgm is Malayalam song januvariyil viriyumooo,not-Tamil,not-Tamil,Not_offensive
Kadasila super star appu pavam da,Not_offensive,Not_offensive,Not_offensive
"Myskin sir ungaluku Vera hero kidaikalaya sir, intha dupakur mandayana herova potu irrukinga",Offensive_Targeted_Insult_Individual,Offensive_Targeted_Insult_Individual,Not_offensive
please time waste pannni it KK padathukku pogathinga semma mokka@!##^@*#/#&#:×&#:#^,Offensive_Untargetede,Offensive_Targeted_Insult_Group,Offensive_Targeted_Insult_Group
அருமையான முன்னோட்டம். மண்ணும் பொன்னும் எங்களுக்கு ரெண்டுமே முக்கியம் தான்.. தரமான சம்பவம்.,Not_offensive,Not_offensive,Not_offensive
Podu kolamass nu solravangallam oru like pottutu poradhu,Not_offensive,Not_offensive,Not_offensive
"ஆகச் சிறந்த போதை பேச்சு போதை- செம, அருமையான டிரெய்லர்",Not_offensive,Not_offensive,Not_offensive
Movie kab ayga hindi dubbit me,not-Tamil,not-Tamil,not-Tamil
hyyyy semaaaa nammaa thalapathiii teaser 10 m ah thottruchuu,Not_offensive,Not_offensive,Not_offensive
Surya intha padathula villaina? Herova? Illa triple acta???,Offensive_Targeted_Insult_Individual,Not_offensive,Not_offensive
enanu theriyala rompa putichiruku natipu pavanaigal,Not_offensive,Not_offensive,Not_offensive
Hip Hop Tamizha Fans Hit Like,Not_offensive,Not_offensive,Not_offensive
It looks like a grand flim,Not_offensive,Not_offensive,Not_offensive
Meendum family yoda paka koodiya oru nalla padam,Not_offensive,Not_offensive,Not_offensive
1:18 teejay super anna dhanush sir,Not_offensive,Not_offensive,Not_offensive
Pudusa irukku ovvoru thadava paakum bodhum... Vera level,Not_offensive,Not_offensive,Not_offensive
Haiyoooo trailer Pathala Padam Vara level madhiri theriyudhe...feel like seeing it fdfs...,Not_offensive,Not_offensive,Not_offensive
Waiting for 1M likes,Not_offensive,Not_offensive,Not_offensive
Ivan vera siripu ivanuku oru loosu followers vera,Offensive_Untargetede,Offensive_Targeted_Insult_Individual,Not_offensive
0:50 ivan vera enna romba paduthran da,Offensive_Targeted_Insult_Other,Offensive_Targeted_Insult_Individual,Not_offensive
Podu vera leval த்தா வந்து வச்சிபாருங்க டா,Offensive_Untargetede,Not_offensive,Not_offensive
Deiii movie eppa da waiting laye veri aaguthu,Offensive_Untargetede,Offensive_Untargetede,Not_offensive
அருமையாக உள்ளது நன்றி கே.வி. சார் திரையில் காண ஆவலுடன் உள்ளேன்...,Not_offensive,Not_offensive,Not_offensive
Thala Thala Tamil naatuku ore Thala🤩,Not_offensive,Not_offensive,Not_offensive
Thalaa Gethuuuuuuyov pandey (Militry) Nee ena yaa inga,Not_offensive,Not_offensive,Not_offensive
Thalapathy fans pakkuruvangeh like pannugeh,Not_offensive,Not_offensive,Not_offensive
Thalaivaaaaaaa - Dheeeeivaaa levellll <3 Back to 90's energy:* Rajinism:O,Not_offensive,Not_offensive,Not_offensive
iSmart Shankar movie YouTube par Kab Aayegi YouTube,not-Tamil,Not_offensive,Not_offensive
தமிழன் என்றொரு இனம் சாதியால் அழிந்து போகட்டும்.. பிறந்தால் உயிர் இறந்தால் உடல்.. அழியட்டும் ' இச்சமூகம் சாதியால் அழிந்து போகட்டும்' வரலாறு கேவலமாக பேசட்டும் தமிழனை...,Offensive_Targeted_Insult_Group,Not_offensive,Not_offensive
You kene tunggu lebih lama lagi,not-Tamil,not-Tamil,not-Tamil
U1 kola mass bgm. Verithanam pannitinga ponga,Not_offensive,Not_offensive,Not_offensive
Ena da old jai Shankar movie mathiri iruku,Offensive_Targeted_Insult_Individual,Offensive_Targeted_Insult_Group,Offensive_Untargetede
Rea ni lg rahi... plastic dummy lg ri..,not-Tamil,not-Tamil,not-Tamil
WHAT DID YOU SAY... Roar...,Offensive_Untargetede,Not_offensive,Not_offensive
Ithu chotta beem la vara tun tun aunty,Not_offensive,Not_offensive,Not_offensive
Viswasam trailer parthutu nera inga varavungala hit likes,Not_offensive,Not_offensive,Not_offensive
Vere Level Padam Ith Pwolikkmm Katta Wi8ng,not-Tamil,Not_offensive,Not_offensive
Amam eppa puthu trailer poduvingo... 1960 mgr kala thu padama... Re release panna poran gala...,Offensive_Untargetede,Offensive_Targeted_Insult_Individual,Not_offensive
சேலம் மாவட்டம் வன்னியர் சார்பாக வெற்றி விழாகான வாழ்த்துக்கள்,Not_offensive,Not_offensive,Not_offensive
Tharama sambavam only at Aug 8,Not_offensive,Not_offensive,Not_offensive
Super thalaivaaaa awesome awesome awesome,Not_offensive,Not_offensive,Not_offensive
எங்க அப்பா மிலிட்ரி டா ஓடி விளையாடவா சொல்லி தருவான்... த்தா வேற லெவல்டா...,Offensive_Targeted_Insult_Other,Not_offensive,Not_offensive
I m waiting for u Thalaiva va sekrama screen la va Thalaiva dhanush,Not_offensive,Not_offensive,Not_offensive
Phoenix Thala in NKPku marana waiting Agust 10 therika vuduranda,Not_offensive,Not_offensive,Not_offensive
Akshara Hasan... Acting is not ur thing.. SERIOUSLY!!!,Offensive_Untargetede,Not_offensive,Not_offensive
பாகுபலியை மிஞ்சக்கூடிய அளவு வெற்றி பெற வாழ்த்துக்கள்.,Not_offensive,Not_offensive,Not_offensive
Thalaivar padam velli villa kaana valthukkal by THALA VERIYAN VENKAT,Not_offensive,Not_offensive,Not_offensive
Enaku rajnium pudikum ajithum pudikum aana petta Trailer than super,Not_offensive,Not_offensive,Not_offensive
"Telugu fans of Surya hit like, Surya super king",Not_offensive,Not_offensive,Not_offensive
vera level ovvorru sec num super paa,Not_offensive,Not_offensive,Not_offensive
Thala innum konjam naal la thatta va var mariduvaru,Offensive_Targeted_Insult_Individual,Not_offensive,Not_offensive
Ponmaanikavel sir oda perah abuse pannaama irrundha nallaa irrukum,Not_offensive,Not_offensive,Not_offensive
Otha thevidiyapaya athu enna daa thalapathyaa sollittu thalayaa Solana nanga Elam silent aiyiduyomaa,Offensive_Untargetede,Offensive_Untargetede,Offensive_Untargetede
it was like Jeeva's mask ( telugu title ) movie 🤔🤔,Not_offensive,Not_offensive,Not_offensive
tabu ethumu puthu padam nadikuranga,Not_offensive,Not_offensive,Not_offensive
திருநெல்வேலி மாவட்ட வன்னியர் சார்பாக வாழ்த்துகள் பல ஆண்டுகள் கழித்து சினிமா துறையில் ஒரு ஆண்மகன்..அடிச்சா திருப்பி அடி,Not_offensive,Not_offensive,Not_offensive
Appadi enna tha use irukku? Intha madhiri oru padathunale??,Not_offensive,Offensive_Untargetede,Not_offensive
Intha trailer pathavunga ellam poitu MARIS RECORDS channel a kandippa parunga frds please,Not_offensive,Not_offensive,Not_offensive
Thalaivaa thaivame pinnittinga thalaivaa unkalukku kodi muuhthangal thalaivaa,Not_offensive,Not_offensive,Not_offensive
Thalaivaa nee va thalaivaa Naaange eruko,Not_offensive,Not_offensive,Not_offensive
Saavumna sanda pottu saavanum sir bayathula kaila kalula vilunthu saava koodathu,Offensive_Untargetede,Offensive_Untargetede,Offensive_Untargetede
Intha padhathulae nanum naduchurukadhu santhosama iruku vaipu kudutha samuthirakani annanuku thanks na padam verithanama irukum come back sasi Anna supera dance aduningana best of luck na,Not_offensive,Not_offensive,Not_offensive
இயக்குனருக்கு பாராட்டுக்குகள் தவறுகளை தோலுரித்து மக்களுக்கு எடுத்து உரைக்க முயன்றிறுக்கும் இந்த முயற்சி வெற்றி பெற வாழ்த்துக்கள்,Not_offensive,Not_offensive,Not_offensive
Next Super star - Vijay Fan,Not_offensive,Not_offensive,Not_offensive
Kathir bro vikram vedha nala turn and pariyerum perumal bigil and congrats to sarbath and jada,Not_offensive,Not_offensive,Not_offensive
இயக்குனர் மோகன் sir தொடர்ந்து இது மாதிரியான படங்களை இயக்க கேட்டுக்கொள்கிறோம்...அதுவும் குறிப்பாக வட தமிழகத்தில் இயக்க கேட்டுக்கொள்கிறோம்...தங்களுக்கு மேலும் மேலும் நிச்சயமாக ஆதரவு பெருகி கொண்டே போகும்...,Not_offensive,Not_offensive,Not_offensive
Ippa enna panna poro sweet sapta poro sema pakka marana massu thalaivar,Not_offensive,Not_offensive,Not_offensive
Aruvi ponnuku yenda chance kudukala,Not_offensive,Not_offensive,Not_offensive
Intha movie ya Tatarla paaka pooravanka like panuka support panuka,Not_offensive,Not_offensive,Not_offensive
ema massa iruku..thala..super thala..super.. i love thala...,Not_offensive,Not_offensive,Not_offensive
போராடுவது தப்பு என்றால் போராடுவதற்கு உண்டான சூழ்நிலை ய உருவாக்குவதும் தப்பு,Offensive_Targeted_Insult_Group,Not_offensive,Not_offensive
bala sonna mathiri... tamizh cinimavuku dhanush oru varaprasatham than...,Not_offensive,Not_offensive,Not_offensive
Copy from pink movie!,Not_offensive,Not_offensive,Not_offensive
Kola kandla iruken movne kollama vidamaten super thalaiva,Offensive_Untargetede,Offensive_Untargetede,Offensive_Untargetede
Sema trailer a Shankar sir film...bgm sema,Not_offensive,Not_offensive,Not_offensive
Super ajith sir Vera enna Solla,Not_offensive,Not_offensive,Not_offensive
Super. 1 like is equivalent to 100 likes.,Not_offensive,Not_offensive,Not_offensive
I'm waiting!!!vijay Na summa va??!!! thalapathy dawww!!!,Not_offensive,Not_offensive,Not_offensive
Biopic edukrendra perla sodhapi vechiradhinga da..,Offensive_Targeted_Insult_Group,Offensive_Targeted_Insult_Group,Not_offensive
Thala thala than evalalium onnum panna mudiyadhu,Not_offensive,Not_offensive,Not_offensive
அருமை.. நம் அடையாளம்... அந்த அடையாளத்தை விட்டு குடுக்க கூடாது... வந்தா..த்தா ஒட விடனும்..,Not_offensive,Offensive_Targeted_Insult_Group,Not_offensive
marana waiting... hip hop tamizha!!!,Not_offensive,Not_offensive,Not_offensive
Thaliva vjs epoma mass vilan netha pa say like it,Not_offensive,Not_offensive,Not_offensive
Congratulations to throwpathy team... Love ah vachu katta panjayathu pani kaasu pakkaravangaluku entha film oru padama erukanum,Not_offensive,Not_offensive,Not_offensive
Ithula aarambathula Raana sethuruvar vivegathula Vivek obray villain,Not_offensive,Not_offensive,Not_offensive
Trailer yeh semmma comedy ah erukku... Padam varattum Marana waiting da,Not_offensive,Not_offensive,Not_offensive
Silurkkuthu udambula innum padam yepti irukka pogutho.marana mass verithanam,Not_offensive,Not_offensive,Not_offensive
superb Surya Sir iam a big fan to you sir,Not_offensive,Not_offensive,Not_offensive
யோவ் மோகன் ஜி தரமா வச்சு செஞ்சுருக்க போலதெற்கு சீமை பள்ளர்கள் சார்ப்பில் படம் வெற்றியடைய வாழ்த்துக்கள் அண்ணா,Not_offensive,Not_offensive,Not_offensive
Kerala thala fans... Aarokke und..,Not_offensive,Not_offensive,Not_offensive
"OK sir, enaku ore sila kelvigal mattum thaa iruku intha padatha pathiyum, unga saadhi kalaachaaratha pathiyum, kelvi-1: neenga soldra maari unga saathi pengala emaathanum ngara ennam illaama, unga veetu pennoda sammathathoda, keel saathi nu neenga nenakara makkaloda thimir illaatha anboda oru kaadhal ah neenga ethupeengala??? Kelvi-2: illa ithunaala antha ponna peththa parents sethuruvaanga nu neenga sonna, avanga kevalama pesi saagura alavuku pressure tharathu neenga thaa, so Atha maathitu avanga ethupeengala??",Not_offensive,Offensive_Targeted_Insult_Group,Not_offensive
I support 2.0...no...i support Indian Cinema,Not_offensive,Not_offensive,Not_offensive
aaha nalla ve illa aalum kudimiyum,Offensive_Targeted_Insult_Individual,Not_offensive,Not_offensive
2 padam nadichitu neelam vj padatha disgrace panra,Offensive_Targeted_Insult_Individual,Offensive_Targeted_Insult_Individual,Not_offensive
சாதி மறுப்பு திருமணம் பத்தி 16 வயசு பொண்ணுக்கு என்னடா தெரியும். அத கூப்பிட்டு போயி கல்யாணம் பண்ணி டிக்டாக் ல போடுறாங்க. அது சட்ட படி செல்லாதுனு கூட தெரியாம... 🤦🤦🤦 அந்த பொண்ணுக்கு அந்த வயசுல என்னடா தெரியும். த்தூ இதே பொழப்பா வச்சுட்டு ஊர் ஊரா சுத்துறாங்க. அறிப்பெடுத்த பசங்க. இதுல ஜெய் பீம்னு அம்பேத்கர வேற அசிங்கப்படுத்துறாங்க...,Offensive_Targeted_Insult_Group,Offensive_Targeted_Insult_Group,Offensive_Targeted_Insult_Group
Come on thala fans mudinja innum moonu naal ku no1 trending la vainga come on,Not_offensive,Not_offensive,Not_offensive
Dei Mersal Scene ku Naane Sirichitenn daa,Not_offensive,Not_offensive,Not_offensive
Vera level trailer thalaiva vettrimaran sir super,Not_offensive,Not_offensive,Not_offensive
Thala nalae mass tan...ithu massoo massuuu,Not_offensive,Not_offensive,Not_offensive
Inga FL trailer teaser nu vittutu irukanuga anga enna da onnayum kaano dei Siva nee enga da iruka,Offensive_Targeted_Insult_Individual,Offensive_Targeted_Insult_Individual,Offensive_Untargetede
Indha movie ku edhuku A certificate 🤔🤔,Offensive_Untargetede,Offensive_Untargetede,Not_offensive
Oruthar mela vishvasam kaaturathikaaga innoruthara en asinga paduthuringa.. superb dialogue.. hope fans understand..,Not_offensive,Not_offensive,Not_offensive
Love from Karnataka!! Loved trailer.. dub in Kannada..,Not_offensive,Not_offensive,Not_offensive
Chinna Vayasula Eri la kulipom la anga kuttitu poda adhu mella dhan nadandhutu irukkom🤐 Enna da Jayam Ravi mathiri varuva partha Nilalgal ravi mathiri vara,Offensive_Targeted_Insult_Group,Offensive_Targeted_Insult_Individual,Offensive_Targeted_Insult_Group
Ye to jaylalita ka naam kharab karegi,not-Tamil,not-Tamil,not-Tamil
Dislike pandrathukuney oru kumbal katharitu varum varatum varatum yengaluku views athigam agum,Offensive_Untargetede,Offensive_Untargetede,Offensive_Untargetede
Pawala fans licking apandraaaa thuu Mee bathuku ajith fans lekapothe kukkalu kuda dekav mimalini,not-Tamil,Offensive_Targeted_Insult_Group,Offensive_Targeted_Insult_Individual
rakul prett sing fan like panuga,Not_offensive,Not_offensive,Not_offensive
"சூப்பர், ரவி இதே மாதிரி படங்களாக நடிங்க, இதுக்கு முன்னாடி வந்த படங்கள் எல்லாமே negative mode.",Not_offensive,Not_offensive,Not_offensive
Poda losu punda 96 IL thalaivar haraciyalucku varuven endru sonnaraa,Offensive_Untargetede,Offensive_Untargetede,Offensive_Untargetede
my hero ajit kumar aavaran king brand,Not_offensive,Not_offensive,Not_offensive
Shankar + Rajni = Cinematic Extravaganza.,Not_offensive,Not_offensive,Not_offensive
Thala Pola varumaaaaaaaaaaa (Our Superstar) always I'm Impressed Give Me More,Not_offensive,Not_offensive,Not_offensive
Police kaar pasangala govt paathukumaaaa...! mairla paathukummmm...,Offensive_Untargetede,Offensive_Targeted_Insult_Group,Not_offensive
1m like come fast thala fans like here,Not_offensive,Not_offensive,Not_offensive
படம் வெற்றிப்பெற அனைத்து அம்பலகாரர் சார்பாக வாழ்த்துக்கள்...,Not_offensive,Not_offensive,Not_offensive
Kids: Nice Song Men's: Osm song Dadfuker's: 2019?,Offensive_Untargetede,Not_offensive,Not_offensive
69 vayasula avaroda stylea parrungada we love u thalaiva,Not_offensive,Not_offensive,Not_offensive
Waiting for kaapaan super Surya action,Not_offensive,Not_offensive,Not_offensive
1:20 ithu unaku konjam over lolu da aadhi... Va va vetchu seiya poranga Ajith Vijay scenes movie la ooti claps vangura neenga lam... Avanga scenes ooti keli panni sirika arambichuteenga,Offensive_Untargetede,Offensive_Targeted_Insult_Individual,Offensive_Targeted_Insult_Group
"நீ ஓடிவரும் போதே அங்க உன் அப்பன் உசிரை விட்டிருப்பான் இதை வெறும் வார்த்தைகளாகவோ வசனங்களாகவோ கடந்து விட முடியாது. கவுரமாக வாழும், பெண் பிள்ளைகளை பெற்ற தகப்பனுக்கோ,அண்ணன் தம்பிகளுக்கோ தான் அதன் வலியை உணர முடியும். பெண்பிள்ளைகள் வளரும் ஒவ்வொரு வீட்டிற்கும் இப்படம் சென்றடைய வேண்டும்.",Not_offensive,Not_offensive,Not_offensive
Thala da vera yarume illa da,Not_offensive,Not_offensive,Not_offensive
Intha agela ippadi oruththarala nadikka mudiyumna sollunga saththiyama na unga fan aana but i'am rajini uyir da,Not_offensive,Offensive_Targeted_Insult_Group,Offensive_Targeted_Insult_Group
Thala Thala Thala Thala Thala,Not_offensive,Not_offensive,Not_offensive
Thala daaaa waiting for u Thala,Not_offensive,Not_offensive,Not_offensive
I would do anything for kangana,Not_offensive,Not_offensive,Not_offensive
Copied from kekka bekka... Tamil short flim.. in 2017,Not_offensive,Not_offensive,Not_offensive
kARTHI...ANNA KU VALTHUKAL...KAITHI SUPRR DARK THRILLER FILM,Not_offensive,Not_offensive,Not_offensive
Last dialogue bigil ku sonna mathiri iruku,Offensive_Targeted_Insult_Individual,Not_offensive,Offensive_Targeted_Insult_Individual
Rajini pathi trailer la vantha mathiri movie la vantha screen kilinjitum ta bautu basangala,Offensive_Untargetede,Not_offensive,Offensive_Targeted_Insult_Individual
வேற level... அதான் ஆர்யா அவளை கல்யாணம் பண்ணிடியே. திரும்பவும் marry me யா,Offensive_Targeted_Insult_Individual,Not_offensive,Not_offensive
வீர முத்தரையர் சார்பாக படம் வெற்றி பெற வாழ்த்துக்கள்,Not_offensive,Not_offensive,Not_offensive
Tamil cinema Vai oulagatharathircku kondu sellum muyarchi Sankar hotsap,Not_offensive,Not_offensive,Not_offensive
அருவி போல் அருமையாக இருக்கும் வாழ்,Not_offensive,Not_offensive,Not_offensive
or ak super duper flop kangana movie...coming soon...🤣🤣,Offensive_Targeted_Insult_Individual,not-Tamil,Offensive_Targeted_Insult_Group
தலைப்பு கூடத் தமிழில் வரலயே டா..... அவங்க உயிரோட இருந்திருந்தா உன்ன வச்சி செஞ்சிருப்பாங்க,Offensive_Targeted_Insult_Group,Offensive_Targeted_Insult_Individual,Offensive_Targeted_Insult_Group
Dr br ambedkar sithathanthai uddaikka Enna oruvanalum thadukka mudiyathu🤗🤗,Not_offensive,Not_offensive,Not_offensive
darbar motion poster ku yaar la wait panra like ah podu,Not_offensive,Not_offensive,Not_offensive
August 10 tharamana sambavam iruku kathiruppom,Not_offensive,Not_offensive,Not_offensive
AjiTh FanS Ku AjiTh(A) #RajiniFan irunthu solrapula LasT Dialouge...,Not_offensive,Not_offensive,Not_offensive
Indha video va pakkum podhu yaru like takku potta,Not_offensive,Not_offensive,Not_offensive
My like is to Mohan lal...ours lalettan,Not_offensive,Not_offensive,Not_offensive
Inime than sirappana tharamana sambavangala pakka poringa... Best wishes for thalapathy fans,Not_offensive,Not_offensive,Not_offensive
Came here after makal selvans Insta story,Not_offensive,Not_offensive,Not_offensive
Trailer verithanam solluravanga like pannunga 🤘,Not_offensive,Not_offensive,Not_offensive
Release kulla 15 million views varanum bro,Not_offensive,Not_offensive,Not_offensive
Evlo generation marinalum...namma mara kudathu...namma vittu ponna pathalea aruva aduthu ore vettu avlotha,Offensive_Targeted_Insult_Group,Not_offensive,Not_offensive
Wait until seeing full movie don't put negative comments...,Not_offensive,Not_offensive,Not_offensive
Trending vittu evloo kila venaalum pogatum.na daily intha trailer pakuvan comment poduvan.,Not_offensive,Not_offensive,Offensive_Untargetede
Trailer la Rajini illainu feel panravanga Like Pannunga,Not_offensive,Not_offensive,Not_offensive
Trailer paithu mersal anivnga like podinga..,Offensive_Untargetede,Not_offensive,Not_offensive
Super ji superji...semma intro. not like camera kita moonja kamichi bayamurthara bairava..,Offensive_Targeted_Insult_Individual,Not_offensive,Not_offensive
"vera vera vera level... kaali oda full tharishanathukaga waiting,..",Not_offensive,Not_offensive,Not_offensive
Nan arasiyalukku varuvathu urudhi ithu 96... semma,Not_offensive,Not_offensive,Not_offensive
pattaya kelapungada vijay and co jai rajni jai selvadhan jai kamal hassan aaaaaa kabali daaaaaaaa ena solada,Not_offensive,Not_offensive,Offensive_Targeted_Insult_Individual
"Itha veli vidama thadukka enna venalum pannuvanga, yapdiyathu itha release pannunga apatha pala ponnungaloda life kapathapadum",Not_offensive,Not_offensive,Not_offensive
Ethu ennanu theriyamaleya dislike panni vachirukkanga...mutta pasanga...The legend Sankar sir's trailer...,Offensive_Untargetede,Offensive_Untargetede,Offensive_Untargetede
Last la vara andha dance step than ultimate,Not_offensive,Not_offensive,Not_offensive
All the best sar I am karnataka,Not_offensive,Not_offensive,Not_offensive
Pakarauthuku chinna payyan maari orukku.. rajani sir n nawasudhin sidhique..,Not_offensive,Not_offensive,Not_offensive
புளுசட்ட review பாத்து சிரிச்சவங்க like பன்னுங்க,Offensive_Untargetede,Not_offensive,Not_offensive
Veraaaaaa level allways thala gethu thaaaa... Cmts eh 74k,Not_offensive,Not_offensive,Not_offensive
Nerkonda parvai CONTINUE 5 days IN (ALL TEATER) IT WILL BE BLOCK BUSTER MOVIE YES=LIKE NO=COMMENT,Not_offensive,Not_offensive,Not_offensive
Savarndha irrundhalu sanda potu saavanu...kale vilindhu saava kudathu,Offensive_Untargetede,Offensive_Untargetede,Offensive_Untargetede
Intha trailer la Aathi ku dialogue ku illa. Yarrullam note panninga,Not_offensive,Not_offensive,Not_offensive
Aiyo namba mind vera angaya poguthya #Sivakumar 🤣,Offensive_Untargetede,Not_offensive,Not_offensive
Semma mass and class nu solravanga like panuga,Not_offensive,Not_offensive,Not_offensive
Condipa hit moviethanu solaravanga ellarum oru like podunga,Not_offensive,Not_offensive,Not_offensive
நான் 250 கருத்துகள் பார்த்தேன் அனைவரும் தமிழில் கருத்துக்களை பதிவு செய்து உள்ளிர்கள் இப்போ நம்பிக்கை வந்து இருக்கு அண்ணா...தமிழ் அழிய பொரந்தது இல்லை ஆள பொரந்ததுனு...வாழ்க தமிழ் வளர்க்க தமிழ்...,Not_offensive,Not_offensive,Not_offensive
This veray happy kaapan move varlavail,Not_offensive,Not_offensive,Not_offensive
en sunni ooompuna ajith ipditha parappaan,Offensive_Targeted_Insult_Individual,Offensive_Targeted_Insult_Individual,Not_offensive
BEST WISHES FROM THALAPATHY FANS,Not_offensive,Not_offensive,Not_offensive
Dislike pannavan Ellamea raththam kakki saavaan...,Offensive_Untargetede,Not_offensive,Offensive_Untargetede
Kaappaan teaser views nearing to NGK teaser...innaikkula overtake pannumnu nenacha one like here,Not_offensive,Not_offensive,Not_offensive
sema superrrrrrrrrrrrrrrr vijay therrrrrrriiiiiiiiiiiii masssssssssss i like u lot,Not_offensive,Not_offensive,Not_offensive
"sudhandhiram British kaaran Kita irunthu vaangi, arasiyal vaathinga Kita koduthutom.. Ithu romba palaya dialogue",Offensive_Targeted_Insult_Group,Not_offensive,Not_offensive
Nice trailer 🤜Sk.fans.like u.r super hero.. trailer,Not_offensive,Not_offensive,Not_offensive
Suriya +kv anand+ mohanlal = verithanam,Not_offensive,Not_offensive,Not_offensive
I am waiting DHANUSH thalaivaaaaaaaaaaaa first day first show I am go I LOVE YOU DHANUSH ANNA,Not_offensive,Not_offensive,Not_offensive
Asuran trailer no 1 go nice good,Not_offensive,Not_offensive,Not_offensive
Thalai ku thalai poora Neraiya Neraiya Neraiya romdha Neraiya neracha mudi irruku,Offensive_Targeted_Insult_Individual,Not_offensive,Not_offensive
Kaithi jeyil layae irrukirathu nallathu... BIGIL on the way...,Offensive_Targeted_Insult_Individual,Not_offensive,Not_offensive
"Mathavanuku oru nyayam,Vijay Ku oru nyayamah,podthuitu pongada fools",Offensive_Untargetede,Offensive_Targeted_Insult_Group,Offensive_Untargetede
Yemmadi!! Allu thalludhuda paavi.. enna verithanam...,Not_offensive,Not_offensive,Not_offensive
Idhula oru samugakaruthu iruku.adha matum eduthukonga..commentla ovoru jaadhi per kekumbodhu inu neegala maaraladanu nalla theriudhuu..jaadhi pera vidu..elaru manusanganu unaruu,Not_offensive,Not_offensive,Not_offensive
Avalavo rajini padam trailer pathathea ila verithamana eruku...,Not_offensive,Not_offensive,Offensive_Untargetede
"Thalayavuthu pundaa yavuthu pogaadaa suni thalais,,engaluku epavome Ore oru Thala than avar than ENGA STR MASS MAN STR",Offensive_Targeted_Insult_Individual,Not_offensive,Not_offensive
25 minutes la 100 k likes varumaa?,Not_offensive,Not_offensive,Not_offensive
Mass ah iruku chiyan epovum masss dhan acting king,Not_offensive,Not_offensive,Not_offensive
"To be honest nan oru thala fan,trailerla manushan pichhi eduthu irukaaru,avaru ivvalo kashta pattu body building pannanumunu avasiyame illa irunthalum,thanna nesikkira fanskaaga pannanumunu panni irukaaru,simply padam mission impossible,expandables antha rangela iruka poothu,i expect part 2,3,4 varumunu nenaikiren...",Not_offensive,Not_offensive,Not_offensive
Kaithi thaan intha yr diwali blockbustrr cnfrm,Not_offensive,Not_offensive,Not_offensive
ippathan vayasukku yatha character la nadikkaru polea,Not_offensive,Not_offensive,Not_offensive
ஜடா வெற்றியடைய தளபதி ரசிகர்களின் சார்பாக வாழ்த்துக்கள்,Not_offensive,Not_offensive,Not_offensive
தமிழகத்தில் சாதிய பெருமை தலைவிரித்தாடுகிறது என்பதை கீழே உள்ள கமெண்ட்களை படிக்கும் போதே தெரிகிறது... எத்தனை பெரியார் வந்தாலும் இவர்களை திருத்த முடியாது...,Not_offensive,Not_offensive,Not_offensive
Aaahha oohho super nu avnga avnga jaadhi pera potu comment panravanga kita kekuren...unmaya love pana sethu vachurvingala / vachurkingala... Indha padatha paathutu inum nalla aanava kola pannunga poii,Not_offensive,Not_offensive,Not_offensive
Thalavi va national award ready pannuga pa,Not_offensive,Not_offensive,Not_offensive
உ.செல்லூர் வன்னியர் சங்கம் சார்பாக படம் வெற்றி பெற வாழ்த்துக்கள்,Not_offensive,Not_offensive,Not_offensive
Rombe naal kalichi oru NALLA padam pahpom nu nambikai irukku... all the best,Not_offensive,Not_offensive,Not_offensive
Rajini kalaika semma gethu venum ithudan dairiyam,Not_offensive,Not_offensive,Not_offensive
கடலூர் மாவட்டம் வன்னியர் சங்கத்தின் சார்பாக படம் வெற்றி பெற வாழ்த்துக்கள்,Not_offensive,Not_offensive,Not_offensive
அவர்களுக்கு கொடுக்கப்பட்டிருக்கும் சிறப்பு சட்டத்தை பயன்படுத்தி பல போலி வழக்குகள் பதியப் பெற்று பலர் பாதிக்கப்பட்டிருப்பதாக கேள்விப்பட்டிருக்கிறேன் அதை ஆய்வு செய்து உண்மையாக இருந்தால் அதையும் ஒரு படமாக எடுங்க அண்ணா,Not_offensive,Not_offensive,Not_offensive
Moviekaga I am waiting Sema group s,Not_offensive,Not_offensive,Not_offensive
Kevalama erukku... Enthe Movie la Odumanu Theriyala... Felputhaa,Offensive_Untargetede,Offensive_Targeted_Insult_Group,Not_offensive
"91k views,112k likes,3.2 dislike how it can happen likes or more thn views",Offensive_Untargetede,Offensive_Untargetede,Offensive_Untargetede
Mass Patta. Rajini sir,Not_offensive,Offensive_Targeted_Insult_Individual,Not_offensive
Varla varla va varla va thalaiva!!!!!,Not_offensive,Not_offensive,Not_offensive
raja va nenga vanthingana rmba santhosa paduvom #str #strveriyan,Not_offensive,Not_offensive,Not_offensive
Podra thalaivar vera level. Trailer kiliyudhu sekiram va thalaiva,Not_offensive,Not_offensive,Not_offensive
Sivagangai district verakudi vellalargal sarpaga padam vettri ataiya valthukal,Not_offensive,Not_offensive,Not_offensive
4 days aah srilanka la trending#1,Not_offensive,Not_offensive,Not_offensive
கருணாஸ் ஜாதிவெறி பிடித்தவன் அவனை ஏன் இந்த படத்தில் நடிக்கவச்சிங்க?,Offensive_Targeted_Insult_Individual,Not_offensive,Not_offensive
No different to pink same to same,Not_offensive,Not_offensive,Not_offensive
Ranjith Neuma da trailer patha.. Parthu irutha Sethuru,Offensive_Targeted_Insult_Individual,Offensive_Targeted_Insult_Individual,Not_offensive
Sotta thala rajiniya Super ah kalachiteenga Super Super ummmmma,Offensive_Targeted_Insult_Individual,Not_offensive,Not_offensive
chiiiiiii.. mokka punda trailer... wigpathy sura 2... next flop is ready.. kadaisiiii varaikum duppakki dawwwww thaaan,Offensive_Targeted_Insult_Group,Offensive_Targeted_Insult_Group,Offensive_Targeted_Insult_Group
1:34 yaarukellam itha kekum pothu edho tv advertisement maari thonichu Kudumbathoda sernthu...,Not_offensive,Offensive_Untargetede,Not_offensive
ithu kandipa vera level blockbuster tamil cinemalaa,Not_offensive,Not_offensive,Not_offensive
1:55 aduthan ella pakkamum thuppaki irukku la appram edukku sutti sutti sudureenga,Offensive_Targeted_Insult_Individual,Offensive_Untargetede,Offensive_Untargetede
Ina pa like low va iruku,Offensive_Targeted_Insult_Other,Not_offensive,Not_offensive
Aaj jaya lalitha Zinda Hoti tho Uski biopic dekh lethi Magar Kya Kare Khuda Ke pass chalegayi Kangana hard work Ke liye taali taali taali taali,not-Tamil,not-Tamil,not-Tamil
Dislike 40k antha bayam daa rumba pudichirukk ae sirf trailer hai picture abhi bakki hai mere dosth You gonna see #ThalaRage,not-Tamil,Offensive_Untargetede,not-Tamil
Note:Oru oru second kum oru comment varuthu,Not_offensive,Not_offensive,Not_offensive
Idhu mathiri Nenga Neraiya padam pannanum #Mohan-G Anna Congratulations,Not_offensive,Not_offensive,Not_offensive
Kolaveri Mass...Mass ku Ellam Mass Thalaivar Super Star,Not_offensive,Not_offensive,Not_offensive
Enaku ore asatha...oru dislike potavanayavathu paknum.ipdiyum irukangalanu,Not_offensive,Offensive_Untargetede,Offensive_Untargetede
aioo vaa thala...5inch screen la paakumbodhae ippdi irukae... 70mm screen la paakumbodhu enna aaga potho,Offensive_Targeted_Insult_Individual,Not_offensive,Not_offensive
Intha padam jathiyai potruvara thavira cinema rasigana thrupthi paduthathu,Not_offensive,Not_offensive,Not_offensive
Nanga oruthan kittah matikittu irukom avan yeanatha pannah porano,Offensive_Untargetede,Not_offensive,Offensive_Untargetede
#ngk audio launch... #kaapaan audio launch...guys spread it...as a surya veriyan fan...,Not_offensive,Not_offensive,Not_offensive
Ultimate star Ajithkumar vera level MASS,Not_offensive,Not_offensive,Not_offensive
"YUVAN + SELVA SIR, >>>> THE GREATEST",Not_offensive,Not_offensive,Not_offensive
"ஜீவாவின் வழக்கமான மொக்கை ஆக்ஷன் படங்களில் இதுவும் ஒன்று, தலைவலி உறுதி.",Not_offensive,Not_offensive,Not_offensive
Jinko Tamil Kuche Bhi Nahi Samja O Thodo Like...,not-Tamil,not-Tamil,not-Tamil
Sanda potu jeinga thaniya jeigathinga... VJ sir,Offensive_Untargetede,Offensive_Untargetede,Not_offensive
1 million likes plz all thala fabs like here,Not_offensive,Not_offensive,Not_offensive
Idha idha idha than edhirpathom @ surya,Not_offensive,Not_offensive,Not_offensive
Dai ena pakra marye iruku da serious ane situation Ku siripu varum,Offensive_Untargetede,Not_offensive,Offensive_Untargetede
Tevidiya pasanga naxalite ku support panranunga,Offensive_Targeted_Insult_Other,Not_offensive,Not_offensive
Vera level i am waiting for kappan movie,Not_offensive,Not_offensive,Not_offensive
daa mokka teaser is so bad,Offensive_Targeted_Insult_Group,Offensive_Untargetede,Offensive_Untargetede
En thalaivam eruma saani vijay oruka than trailer la vaararu da,Offensive_Targeted_Insult_Individual,Not_offensive,Offensive_Untargetede
mannu ponnu 2 um mukiam athula yar kaiya vachalum sema... ranjith gang ku serupadi,Not_offensive,Offensive_Targeted_Insult_Group,Offensive_Targeted_Insult_Individual
idhu trailer ah? illa idhuthan trailer ah?,Offensive_Untargetede,Not_offensive,Not_offensive
Adhi yaanil padhi Semma trailer Adhi Anna fans hit like,Not_offensive,Not_offensive,Not_offensive
bairavaa maassss thalaivaaaaaa. look is very nice thalaivaaaaaaa.,Not_offensive,Not_offensive,Not_offensive
இதுதான் உண்மையா நடக்குது நாட்டுல மக்கள் எல்லோரும் தெரிந்து கொள்ளுங்கள் hats off to director n producer,Not_offensive,Not_offensive,Not_offensive
Dharmapuri paparaapatti vanniya singangal sarbaga dhropathi padam vetri pera vazthukkal,Not_offensive,Not_offensive,Not_offensive
pWoliiii superb oZAm bgm #Vijay annaaaa love yewww,Not_offensive,Not_offensive,Not_offensive
SURYA fans ellarum oru like podungaaa,Not_offensive,Not_offensive,Not_offensive
Petta trailer la hostel warden nu sonnadhum Vadivelu gyabagam vandhavalam kai thukongo. Vadivelu for life,Not_offensive,Not_offensive,Not_offensive
1 million likes varum solluravanga like podunga..,Not_offensive,Not_offensive,Not_offensive
"யுவராஜ் கவுண்டர் வழியில் இயங்கி வரும் தமிழ்நாடு அனைத்து வேளாளர்கள் இளைஞர் படை ( பிள்ளை,முதலியார்,கவுண்டர்) சார்பாக இப்படத்திற்கு மாபெரும் வரவேற்பு மதுரை திருநெல்வேலி திருச்சி மற்றும் கொங்கு மண்டலத்தில் அளிக்கப்படும்",Not_offensive,Not_offensive,Not_offensive
நாடக காதல் கும்பலுக்கு கிடைக்க இருக்கும் அருவா வெட்டு இந்த திரைப்படம்,Not_offensive,Not_offensive,Not_offensive
trailer is very super but songs innum konjam gavanam seluthi irukkalam brok groung music pinniduvaru trailer 2 vitta nalla irukkum,Not_offensive,Not_offensive,Not_offensive
Telugu people like here... We like u sir,Not_offensive,Not_offensive,Not_offensive
Idha nambi thaan da theatre ku vanden.. Kadaisila naamatha potingaley da 🤦 🤦,Offensive_Untargetede,Not_offensive,Offensive_Targeted_Insult_Group
Trailer laye Thalaivan entry mass ah iruke...Movie la therika epdiyum thrika vitruvapla..#STR,Not_offensive,Not_offensive,Not_offensive
This is what you call MUSIC? TRASH-worthy...Kadhavula eli mattina maadhiri kathinaa paattaa? thoooooooo,Offensive_Untargetede,Not_offensive,Not_offensive
THALA.. WAITING FOR AUG 8,Not_offensive,Not_offensive,Not_offensive
Varalam varalam va varalam va bairavaa indha pongal namaku super collection ma,Not_offensive,Not_offensive,Not_offensive
Teaser ke Kaadu jovvellam kezhingi pochi;)..But good one!!,Not_offensive,Not_offensive,not-Tamil
120 sec video pathu like dislike poda mudiyala...,Not_offensive,Offensive_Untargetede,Offensive_Untargetede
Viswasam trailer parthuddu inka vanthavan maddum like podu,Not_offensive,Not_offensive,Not_offensive
director ranjith pardhu sakattum avan mattum than saathi padam edupana,Offensive_Targeted_Insult_Individual,Not_offensive,Not_offensive
Yogi babu is the best. Nowadays all movie can see yogi babu,Not_offensive,Not_offensive,Not_offensive
வாழ்த்துக்கள்...நாம எவன் வம்புக்கும் போக கூடாது..வந்த வம்பை விட கூடாது.அவனுக்கு மட்டும் தான் படம் எடுக்க தெரியுமா?நமக்கு தெரியாதா?,Not_offensive,Offensive_Targeted_Insult_Group,Not_offensive
Jayam ravi punda movana devidiya paiya porampokku punda echakalla nathari punda Thoooooo veenatha koothingala. Thoooooo. Thoooooo. Thoooooo....,Offensive_Targeted_Insult_Individual,Offensive_Targeted_Insult_Individual,Offensive_Targeted_Insult_Individual
sumass pakaa sumaa mass teaser thalapathy,Not_offensive,Not_offensive,Not_offensive
naanam undoda ninakekaa...neyaka...anugal ayal nerit kalich jayik..allathe..,not-Tamil,Not_offensive,Not_offensive
"என்ன மாஸ் கற்றான் டா ஹீரோ செமயா இருக்கு பா கண்டிப்பா இந்த movie பாக்கணும்...,,",Not_offensive,Not_offensive,Not_offensive
anna padam thaaru maaru.teaser hits 11m.intha 2017 namma surya fansku thaan.,Not_offensive,Not_offensive,Not_offensive
Ithellam yaarala siva aalaya illa arjun aalaya y1 uhhhhhhhhhh,Offensive_Targeted_Insult_Individual,Not_offensive,Not_offensive
Sema kalaai rajini in political entry...,Offensive_Targeted_Insult_Individual,Not_offensive,Not_offensive
Kongu vellalar gounder sarba ean valthukal,Not_offensive,Not_offensive,Not_offensive
irukku diwalikku sarvedi irukku pakka kaithi,Not_offensive,Offensive_Targeted_Insult_Individual,Offensive_Targeted_Insult_Individual
i am waiting 1000 k thala maaranam masss,Not_offensive,Not_offensive,Not_offensive
9K left for 500K likes nearing,Not_offensive,Not_offensive,Not_offensive
Ovvoru shot um like a film,Not_offensive,Not_offensive,Not_offensive
na ivolo nal itha கைத்தி nu la padichutu irunthen,Offensive_Untargetede,Not_offensive,Not_offensive
Kola gandle irukken... RAJNI SIRR...,Offensive_Untargetede,Offensive_Untargetede,Offensive_Untargetede
mokke trailer...even 2 min was boring,Offensive_Targeted_Insult_Group,Offensive_Untargetede,Offensive_Untargetede
1m likes vara varaikum very thanama than irupen,Not_offensive,Offensive_Untargetede,Not_offensive
6 la irunthu 60 vara RAJINI RAJIAYAM...,Not_offensive,Offensive_Targeted_Insult_Individual,Not_offensive
Teaser ah Vida vfx semmaya panni irknga,Not_offensive,Not_offensive,Not_offensive
எங்களுக்கு மண்ணும் பொண்ணும் இரண்டுமே முக்கியம் தான் வீர தேவேந்திர குல வேளாளர்,Not_offensive,Not_offensive,Not_offensive
wow suriya anna is backkkkkkkkkkkkkk sema dialouge and Masss teaser,Not_offensive,Not_offensive,Not_offensive
ഇതിൽ use chythekuna bgm...Nala parichayam indalo,not-Tamil,Offensive_Untargetede,not-Tamil
Thalaiva vayasu analum Unga azhagum style lum apdiye iruku Super star fan hit like,Not_offensive,Not_offensive,Not_offensive
Naptu tunai fans hit like here,Not_offensive,Not_offensive,Not_offensive
Eagerly Waiting FarmersKAAPPAAN... Nadippin Naayagan SURIYA... Harris JayaRaj.,Not_offensive,Not_offensive,Not_offensive
Ungaluku ennada theriyum.padam edukurenu yanda entha polappu seththa pamba pottu adichutu irukinga..avunga history la vantha vitham righto wrongo ana avunga la mathiri oru aalumayana thiramayana leader illa.ethunaala rendu kostinga sanda pottukurathuthan micham. Ethunala makkaluku onnum nallathu nadaka porathu illa.innum yarum makkalukunu pannanumnu yentha arasiyalvathi yum nenachu pakala..yevlo thuttu adikalam nu mattum than nenappu iruku,Not_offensive,Offensive_Untargetede,Offensive_Targeted_Insult_Group
Oruthar meela neegga viswasham katrathala...innoruthara yeen asinggappaduthuregga...,Offensive_Untargetede,Offensive_Untargetede,Not_offensive
Sk production /Niya naana lan vrdhu...rytu... Vijy tv suma irka Matanolae🤣...100tyms aachum thirupi thirupi poduvano,Not_offensive,Not_offensive,Not_offensive
Vijay going to next level thalaivaaaaa,Not_offensive,Not_offensive,Not_offensive
மண்ணு பொண்ணு ரெண்டுமே ஒன்னு அதுல எவன் கைய வச்சாலும் வெட்டுவோம் மரண வெய்ட்டிங் ப்ரோ.. திரெளபதி திருநெல்வேலி சீமை தென்காசி மாவட்டம் நெடுவயல் வன்னிய குல ஷத்ரியர் சமுதாயம் சார்பாக திரைபடம் வெற்றி பெற வாழ்த்துக்கள்,Offensive_Targeted_Insult_Group,Not_offensive,Not_offensive
Babu mele ko ye song sunke kuch yesa feel hua apko bata nhi sakti --- music ka duniya...,not-Tamil,not-Tamil,not-Tamil
asuran= aadukalam+pudupettai+ wada chennai..yellame ore madirida...,Not_offensive,Not_offensive,Offensive_Targeted_Insult_Individual
Vijay's all movies look like same.,Not_offensive,Not_offensive,Not_offensive
"Eh Idhu 96, yaara emathuringa.. Bangam ji Bangam ji",Offensive_Targeted_Insult_Group,Offensive_Targeted_Insult_Individual,Offensive_Targeted_Insult_Individual
