text,actual_label,predicted_label
suma kaththaatha da sound over a pooda kudaathu pa s3 1 month oda stop aakidum then bairavaa da aaddchi than kaththi kaththi thondaiya kilikatha pa,Offensive_Untargetede,Offensive_Targeted_Insult_Group
ஆனவக் கொலைகள் நடக்காவிடில்...நம் அடையாளம் அளிக்கப்படும்... இயக்குனருக்கு வாழ்த்துக்கள்...தமிழ்நாடு முத்தரையர்கள்,Offensive_Targeted_Insult_Group,Not_offensive
Power ranger megazord niyabagam vantha hit like,Offensive_Untargetede,Not_offensive
0:28 Shaktimaan Parle-G Biscuit SaptuNaanum sinna vayasula jump panni parakka try pannirukken 90's Pasanga Da 🤣,Offensive_Untargetede,Offensive_Targeted_Insult_Group
எவனுக்கும் அடங்க மாட்டோம்... எவளுக்கும் மயங்க மாட்டோம்🤙... # நாடக காதல் # கும்பல்களை வேரோடு அழிக்க வந்த # திரௌபதி படத்திற்கு.. தேவேந்திர குல வேளாளர் சார்பாக வாழ்த்துக்கள்.,Offensive_Targeted_Insult_Group,Not_offensive
Movie yachum nailla eruka nu papom,Offensive_Untargetede,Not_offensive
nice aana teaser starting laa vandha dialogue mgr sir engaveetu Pillai la padina naan anai etal ooda middle lines laa...,Offensive_Targeted_Insult_Other,Not_offensive
🤣🤣🤣 video ku dislike pottavangalam vanthu Inka oru like ah thatti vitutu ponga,Offensive_Targeted_Insult_Other,Offensive_Untargetede
கோமாளி90'பசங்க வெறித்தனம் இந்த படத்துல தெரியும் டா90'பசங்களோட வலி அப்போ. இப்போ,Not_offensive,Offensive_Targeted_Insult_Group
Aathi kanithan 2 paatha maarilla iruku...,Offensive_Targeted_Insult_Individual,Not_offensive
Vaa thalaiva..ENPT ku serthu idhula bangam pandrom..!!,Offensive_Untargetede,Not_offensive
"Ennathu ithu konjam kuda sense illama,pakkum pothu kudava ungalukku antha ponnu j.j konjam kuda match agalanu thonala...waste of time",Offensive_Targeted_Insult_Group,Not_offensive
trailerna ithu trailer pakka mass & class like muyal vegham dislike Aamai vegham dear hatter's Uusshh |,Not_offensive,Offensive_Untargetede
Sivakarthikeyana vida Action king than neraiya edathula vararu,Offensive_Targeted_Insult_Individual,Not_offensive
intha Diwali ku iruku aaaappppu iruku..but yarukunu na sollamata,Offensive_Targeted_Insult_Other,Not_offensive
Kozhandhaila vellaya iruparam.valandha karupa iruparam.idhudhan avaroda super power ah.indha logic ah epo da mathuvinga,Offensive_Untargetede,Offensive_Targeted_Insult_Group
Ghibran pundaya vitta ungalukku vera aale kedaika laya da.,Offensive_Targeted_Insult_Individual,Offensive_Untargetede
Paka thana pora Inda kaliy to atatha,Offensive_Untargetede,Not_offensive
Oruthar mela neenga viswasam katrathukaga innoruthara yen asingam paduthuringa by thala Ithu ovvoru thala and thalapathy fan kum therinjurukanum,Offensive_Untargetede,Not_offensive
SK fans ah vida Arjun Fans than adhigama irukainga daw,Offensive_Targeted_Insult_Individual,Not_offensive
Poga dai sarkar tha best NGK waste,Offensive_Targeted_Insult_Group,Offensive_Untargetede
Ana trailer pathona exaitment thanga mudyala,Offensive_Targeted_Insult_Group,Offensive_Untargetede
Mysskin nalla talented director thaa aana edhukku udhayanidhi ya select pannaru nu terla,Offensive_Targeted_Insult_Individual,Not_offensive
Ninga evlo sonnalu namma natu pasanga thirunda maatanga,Offensive_Targeted_Insult_Other,Offensive_Untargetede
Nammakitta kaadu irundha eduthukiduvanuva Ruva irundha pudingiduvanunuva Padippa mattum nammakittarndhu eduthukidave mudiyadhu,Offensive_Untargetede,Not_offensive
"Intha selvaakai vaithu ivar arasiala onnum pudunga mudiyaathu. Venum endral, thanudaya padahukku athigamamna vilayil black ticket vithu panam sambathikalaam. Thamil makklaukku intha karumiyai patri indru nalave theriyum.",Offensive_Targeted_Insult_Individual,Not_offensive
No dialogue music copy from titan give royalltey,Offensive_Targeted_Insult_Group,Offensive_Targeted_Insult_Individual
Enakku trailer purinjuthu...ethukku idhula udayanithi Stalin vararu nu theriyala 🤣,Offensive_Untargetede,Not_offensive
Dei Namma aalu Vijay sethupathi irukkida. Mutheeeeiiiii,Not_offensive,Offensive_Untargetede
Dei man of steel oda saayal theriyudhey... Ena unga kadha?,Offensive_Targeted_Insult_Individual,Offensive_Untargetede
Udhay ku kannu theriyadho indha movie la🤔,Offensive_Targeted_Insult_Individual,Not_offensive
Devidiya punda... eva yaru da gommala,Offensive_Targeted_Insult_Group,Offensive_Untargetede
இது உண்மை...திருமாவுக்கு சரியான செருப்பு அடி... இதே தேவேந்திரகுல வேளாளர் மக்கள் வரவேற்கிறோம்...,Offensive_Targeted_Insult_Individual,Not_offensive
Mugamoodi part 2,Not_offensive,Offensive_Untargetede
Rip Sr Prabhu punda mavan... Ne theru Kodi thaan di... Sad luck Karthi and Lokesh Anna...,Offensive_Untargetede,Offensive_Targeted_Insult_Individual
oruthar mela nega viswasam katurathu naala yen inorutha mela verupu katurega,Offensive_Untargetede,Not_offensive
"Padam flop dhan pola, enna vijaya production logo hindi la eruku modhala adha mathungada",Offensive_Targeted_Insult_Other,Offensive_Targeted_Insult_Group
Dislike varathuna avan naadaka kadhal kootam than,Not_offensive,Offensive_Untargetede
edhukku indha loosu pundai aryava movie la eduthinga gowtham karthick nalla irunthurukkum,Offensive_Targeted_Insult_Individual,Offensive_Untargetede
I have never seen avideo like it this is killer,Offensive_Untargetede,Not_offensive
Aiyo intha koothiyanunge likes ku pichai eduka arambicitanungele,Offensive_Targeted_Insult_Other,Offensive_Untargetede
Love uuu superstar... Jzt killed it..,Offensive_Untargetede,Not_offensive
Vera Level Trailor Ali Ajith Fans Inka Vanthu Sunni Ooombama orama poi pool paandi da poola vaayila edunkada,Offensive_Targeted_Insult_Individual,Offensive_Targeted_Insult_Group
பரதன் விக்கு வெச்சிட்டானாம் அங்க சிவானு ஒருத்தன் வாயில வெச்சினு இருக்கான் அதெல்லாம் கேக்க மாட்டானுவ,Offensive_Targeted_Insult_Individual,Offensive_Targeted_Insult_Group
mayruva buyrawa mokkawa sappawa serupouwa pruppuwa vijay oru potta wa,Offensive_Targeted_Insult_Individual,Offensive_Untargetede
"ஜாதியை ஒழிடான்னா இவனுங்க ஜாதியை கூதியிலத்தான் தேடுறானுங்க, ஒம்மால...!",Offensive_Untargetede,Offensive_Targeted_Insult_Group
Ithu 96 yara yematha pakkra.. innumaya athey dialogue...,Offensive_Targeted_Insult_Group,Not_offensive
Annanu angu keralavilum und katta fan base,not-Tamil,Not_offensive
Movie fullaa night la mattum shoot pannittanga pola...🤔,Offensive_Untargetede,Not_offensive
Power rangers padam patha Madri iruke 🤔,Offensive_Untargetede,Not_offensive
Jayam ravi:Chinna vayasula oru yerila kulipom la anga polam da.. Yogi babu: Athu mela than da nadanthuchu poinu irukom..,Offensive_Targeted_Insult_Individual,Offensive_Targeted_Insult_Group
Trending List layae Illa Ppaaa,Offensive_Untargetede,Not_offensive
இதுல எது புடிச்சிருக்கு திரு மாமா வளவன் தெரு மாமா வளவன் திரு மாமா கிழவன் தெரு மாமா கிழவன்,Offensive_Targeted_Insult_Individual,Offensive_Targeted_Insult_Group
Bestie nu sollitu matter aah panranga...ivaru friend irunthu wife kooda matter panna mataram...,Offensive_Targeted_Insult_Group,Not_offensive
Indha bgm kekumpodhu viswasam bgm mind la vandhutu pogudhu..,Offensive_Targeted_Insult_Individual,Not_offensive
***tha Remake na Ippadi irukanum,Offensive_Untargetede,Not_offensive
"இங்க வெறுப்பை பதிவு செய்யுரவங்கள கொஞ்சம் ஆய்ந்தறிந்தால் புரியும், அவனுங்களும் இந்த டிராமா லவ் கோஸ்டின்னு!!",Not_offensive,Offensive_Targeted_Insult_Group
Enna ya holly wood ye munji duva pola myskin,Not_offensive,Offensive_Untargetede
kena koothi...kullan surya... kevalamana dialogues and bgm...sure shit flop... Sivakarthikeyan paathu kathuka...,Offensive_Targeted_Insult_Individual,Offensive_Targeted_Insult_Group
vijay fanes unga movie ku 400k dislike varum atu confirm airuchu,Not_offensive,Offensive_Untargetede
Yanaku arivillaiya muddaa kothi Apurem santhanam madum yanga irunthu vantharu kilinja vayanukallam support u,Offensive_Targeted_Insult_Individual,Not_offensive
ENPT release agalanu kavala illa aurathanamana Asuran varuthu adhu pothum...,Offensive_Targeted_Insult_Individual,Not_offensive
Edho sadhi nadakudhu pa inum trending la varala,Offensive_Untargetede,Not_offensive
thaaru maaru.. thakkali soru...,Offensive_Untargetede,Not_offensive
Dhanush nd vijay fans lam veetla okkandhu azhuvanga,Offensive_Targeted_Insult_Individual,Not_offensive
Ellam avan seyal film mari iruke lyt ah dha full ah illa,Offensive_Untargetede,Not_offensive
Thirumavalavan groups mattum thaan katharitu irukanunga,Offensive_Targeted_Insult_Group,Not_offensive
Last dialogue for petta viswasam problem🤔🤔🤔🤔,Offensive_Untargetede,Not_offensive
Yanna pa sollama kollama eppati release,Not_offensive,Offensive_Untargetede
Ilayaraja sir... Beethoven music ah Unga padathula potu irukinga... Anmai iladhavan dhana ipadi panuvaan... neenga dhana sir soninga?,Offensive_Targeted_Insult_Individual,Offensive_Untargetede
un like pandravan cinmava pakka kutathu..yenna avan oru rasanai Ellathavan theri semma mass,Offensive_Untargetede,Not_offensive
Ivanga appan oru jathi veri piducha nayee,Offensive_Targeted_Insult_Individual,Not_offensive
so poor dialogue delivery From Mohanlal...,Offensive_Targeted_Insult_Individual,Not_offensive
Dai thevidiyaa valavan engada irukaa pathutu sethuru,Offensive_Targeted_Insult_Individual,Offensive_Untargetede
2.09 dai gammala yennada pannivechi irkinga avana...johnny depp enda nenapa flash back young yogi babu,Offensive_Untargetede,Offensive_Targeted_Insult_Individual
Apo pa padatha release panuvenga v r waiting...,Offensive_Untargetede,Not_offensive
KGF chapter 1 - like Kaithi - like,Offensive_Targeted_Insult_Other,Not_offensive
ஹே... இது 96... யார ஏமாத்துறீங்க... பங்ங்ங்ங்கம்ம்ம்ம்ம்ம்...,Offensive_Untargetede,Not_offensive
Stallin ad mayira thukunga da... kadupula dislike paniten...,Offensive_Targeted_Insult_Group,Offensive_Untargetede
2.06 sema serupadi to thalaivar,Offensive_Targeted_Insult_Individual,Not_offensive
Itha paathu dislike pannravanga potta pasanga aambalaya iruntha dislike pannathinga haters ungala like panna sollala aana dislike pannathinga otha panninga potta pasanga,Offensive_Targeted_Insult_Other,Offensive_Untargetede
அசுரன் ப. பெருமாள் காலா படம்லா சமூகநீதி அப்ப திரௌபதி சாதி படமா. மற்ற சமூகத்தை ஏமாற்றும் நாடக காதல் கும்பலை பற்றி கதை. உங்கலுக்கு ஏன்டா வலிக்குது. அப்ப அதை செய்வது நீங்களா,Offensive_Targeted_Insult_Group,Not_offensive
Kattaya vachi car ye kavutthitiye thalivaaaaa..,Not_offensive,Offensive_Targeted_Insult_Individual
Ajith citizen film wakkala ikee,not-Tamil,Not_offensive
"Mannu seri, ponnu Enna porulaa? Oru manishiyaa property aa paarkudhu.. naadu nasamaga Dan poga pogudhu.. pollachi issue la maatunavan la endha caste nu therila ye.. epdium aandai yaa Dan irupaanga pola.. paarpan kitta adimaiyaa irundhaalum ivanukku innoru adimai venum..",Offensive_Targeted_Insult_Group,Not_offensive
Yogi babu koko 500k Super star rajinikanth ku 374k tha thu thu entha vayasula ethu thavaiya da,Offensive_Untargetede,Offensive_Targeted_Insult_Individual
Bro starting dialogue la konjam thimiru irikae. Thappa irikae bro.,Offensive_Untargetede,Not_offensive
Evlo naal tha Diwali kku unga Vijay ae varuvaruu Intha yr Diwali enga anne #kaithi Naaanga thaa,Offensive_Untargetede,Offensive_Targeted_Insult_Individual
Ajith ku set agala.. No mass scene,Offensive_Targeted_Insult_Individual,Not_offensive
Dub k like te dub k support,not-Tamil,Not_offensive
All ammai kunji fans ku oru ooooo podu...🤟,Offensive_Untargetede,Not_offensive
Dr. BR. Ambedkar dialogue. Jai bheem,Not_offensive,not-Tamil
"Dai u.nithi... Nee psycho mattumila KENAPAYA., MENTALPAYA., MUTTAPAYA...",Offensive_Targeted_Insult_Individual,Offensive_Untargetede
wowwwwww what a style ya...,Offensive_Untargetede,Not_offensive
Kaithi trailer super AND Bigil teasar kaha marana Waiting,Not_offensive,not-Tamil
Okkali matha saadhi karan elam intha padatha theatrela poi parunga...indha group ah oda vidrom🤘🤘Hindu Nadar,Offensive_Untargetede,Not_offensive
"Yow innaya ithu,,,,shankarala mattum than ippadi mudiyum semma weight",Offensive_Untargetede,Not_offensive
Rasini rsigakunjugal thooku pottu saagavum...nalla naaka pudungura madiri kelvi ketrukanunga thaleevara!!!,Offensive_Targeted_Insult_Group,Offensive_Targeted_Insult_Individual
"ayyo cmmnt sectn fulla tamil..ethume puriyilla...ithile yaar gud yaar bad... kannadi ya or silabam vathiyara,gud?",Not_offensive,Offensive_Targeted_Insult_Individual
enna achchi sakar sir no good,Offensive_Untargetede,Not_offensive
அருமையான படம் மிகப்பெரிய வெற்றி அடைய வாழ்த்துக்கள் சமூகத்தின் இன்றைய அவல நிலையை எடுத்துக்காட்டும் படம் காதல் என்னும் பேரில் நடித்து பெண்பிள்ளைகளை ஏமாற்றும் தேவி..யா பயலுகளை கண்டந்துண்டமா வெட்டனும் அந்த ஈனபிறவிகளை சங்க அறுக்கனும்,Offensive_Targeted_Insult_Group,Not_offensive
Enna da asuran masuran nu sollikittu...Tha veerama vara da #draupathi #BGM,Offensive_Targeted_Insult_Group,Offensive_Untargetede
Chindamani kolacase movie orma vannavark ivide like adikkam,Not_offensive,Offensive_Untargetede
Nammaku tevaiyanada namma taan adichi vaanganum; Padipa mattum nammakitta irundu edutuka mudiyathu,Offensive_Untargetede,Offensive_Targeted_Insult_Group
Dei bhairava copied photo echa pasangala,Offensive_Targeted_Insult_Other,Offensive_Untargetede
Editing seriya panala bha.. jump shot la rope theriyuthu.. paathu konjam seingha...,Offensive_Targeted_Insult_Other,Not_offensive
Namma #Thalapathy64 director_kage Oru like podlama?,Offensive_Untargetede,Not_offensive
"திராவிடமும், தலித்தும் ஒன்னு என்றும் சொல்லும் தேவிடியா மவனே சாவுடா புண்டை மவனே... உன்கிட்டதான் சரக்கும் மிடுக்கும் இருக்கா வரச்சொல்லுடா யாரிடம் இருக்குனு பாக்கலாம்...",Offensive_Targeted_Insult_Individual,Offensive_Targeted_Insult_Group
Orea padam than total tamilnadum intha kuruma groupaala epdi pathichiruku...ipo katharunga da,Not_offensive,Offensive_Targeted_Insult_Group
Cmt aana kammunaatingaluku...ithu easy ha purithu...singles ku masuru mari iruku...oru mannangatiyum purila...,Offensive_Targeted_Insult_Group,Not_offensive
Intha padathil don alleyaaa..ith enna mayam,Offensive_Untargetede,Not_offensive
இயற்கையாகவே உற்பத்தி ஆகுற நதிய தனக்கு மட்டும் சொந்தம் கொண்டாடுர உரிமய யாருங்க குடுத்தா...,Offensive_Targeted_Insult_Other,Not_offensive
sathyama onume purilla solravanla kai thooku,Offensive_Untargetede,Not_offensive
இந்த ஆண்ட சாதி ஆமைகள் தொல்ல comment section la தாங்க முடியல நா தேவன்டா நா கவுண்டன்டா நா வன்னியன்டா அப்படினு comment போட்டு saavadikiraanuga,Offensive_Targeted_Insult_Group,Not_offensive
Udayanidhi fans like here... Likes Varuma?? Fans irupaangala...,Offensive_Targeted_Insult_Individual,Not_offensive
Yuvan 2k kids ayum addicted aga vachutaru.,Offensive_Targeted_Insult_Individual,Offensive_Untargetede
Thala mass illa padam eppudi irukkumo,Offensive_Untargetede,Not_offensive
Idhu chumma trailer thaa ma Main pitch ah nee innun paakala... Paatharaatha pathari poyuruva,Offensive_Untargetede,Not_offensive
Marana masssssssssssssss eanga thalaivar yaru vayasu ayeduchu mavena parunga enga marana masssssssssssssss eanga thalaivar,Offensive_Untargetede,Not_offensive
Jeikromo illaiyo mothala sanda seiyanum --vada chennai Saavaratha irunthalum sanda pottu saavanum sir--- kaithi,Offensive_Untargetede,Offensive_Targeted_Insult_Individual
நா கவுண்டண்டா...நாங்க செய்ய போறத படமா எடுத்துடாங்க,Not_offensive,Offensive_Targeted_Insult_Group
Lallettan&Surya main role kappaan fdfs locked,Offensive_Targeted_Insult_Group,Not_offensive
savuratha irunthalum sanda pottu savanum sir payanthu kal la vilunthu sava kudathu sir... super dialogue,Offensive_Targeted_Insult_Other,Not_offensive
Eppovathu kathuna ok yepovumae kathuna yepadi da,Offensive_Untargetede,Offensive_Targeted_Insult_Group
Mass thiruttu kumbalakku sariyana ADI...,Offensive_Targeted_Insult_Group,Not_offensive
karthi enna kidu look aanu.poli mass padamanu.narenum thakarthu,Offensive_Targeted_Insult_Other,Not_offensive
Nanda Gopala Kumaran Negative Gopala Kumaran,Offensive_Targeted_Insult_Individual,Not_offensive
Karnataka naaye vaazhuda tamilan pootta pichayela,Offensive_Targeted_Insult_Individual,Not_offensive
வடிவுகண்டு கொண்டபெண்ணை மற்றொருவன் நத்தினால் விடுவனோ அவனைமுன்னம் வெட்டவேணும் என்பனே..அடுத்த ஜாதி பெண்ணை தொடனுன்னு நினக்கிறவனை வெட்டி கூறு போடு..இப் படம் வெற்றி பெற வாழ்த்துக்கள்...,Offensive_Targeted_Insult_Other,Not_offensive
Kadasiya neeyym unga appanum phsycovathanda aga poringa,Offensive_Targeted_Insult_Individual,Offensive_Untargetede
Oruthar (vijay) mela viswasam kaatardhukaga innorthara(ajith) en asinga paduthureenga Or vice versa Well said...,Offensive_Untargetede,Not_offensive
Suriya Anna fans lam ennada pantringa... Teaser pathi ethavathu comments pannungada,Offensive_Targeted_Insult_Group,Offensive_Untargetede
Dislike pottavanga lam தேங்காய் சீனிவாசன் rasikarnu ninaikuren,Offensive_Targeted_Insult_Individual,Offensive_Untargetede
Eippa Kudiurimai perichani poidu eruku etha therippe vidathan Entha jathi perichani eippa ahrampichudanga edhu puriyama jathiya paithi peasura nerama ethu. Srilanga LA Erukarava unga jathikaranum eruka Ennoda jathikaranum erukan ahvanga enga varakudathunu than Kudiurimai saittam Entha saittatha ethurith eillarum poraduranag Entha nerathula Ethuku Entha movie trailer release ahganum yocinga,Offensive_Targeted_Insult_Group,Not_offensive
Na arasiyaluku vradu urudi adra adra 14 varushama solnukiraru...,Offensive_Targeted_Insult_Individual,Not_offensive
துபாய் பாலைவனமாய் இருந்ததா அந்த மக்கள் சோலைவனம் மாற்றி இருக்காங்க ஆனா தமிழ் நாடு சோலை வனமாக இருந்ததா ஏன்டா பாலைவனம் மாத்தறீங்க,Offensive_Untargetede,Not_offensive
Anbumani apadiya rombha nalava... mudhal jathi veri naiya ah avadha...da porike...anubamani vaichu movie edutha ida vuda kavalam ah edukalam..,Offensive_Targeted_Insult_Individual,Offensive_Targeted_Insult_Group
ithula illayaraja music ea illaye intha music vera engayo keta maari irukee,Offensive_Targeted_Insult_Individual,Offensive_Untargetede
Pa. ranjith kita director ameer kaetaru sari ranjith namma intha jathi certificates elam kiluchu potu elam onna aaiduvom. Apo evan enna panranu papom nu sonaru. Apo ranjith solraru athu epdiga nanga #dalith nu. Ipo theriutha yaru jathi yaa kondu vanthaga movie la nu. Nija valkaiyilum. Ne apdi edutha ivan ipdi thaan edupan. Ne nambalanalum athaan nezam,Not_offensive,Offensive_Targeted_Insult_Group
hi Suriya bro nengulum arasiyala kk nadu nalla erukkum,Offensive_Targeted_Insult_Individual,Not_offensive
Konjam yoshirukalam fire truck kuptu thanni pachiruntha Ella phone vela senjirukathu yosingaya,Not_offensive,Offensive_Untargetede
Trisha simran'a Vida aged ah Irukanga. Vj Sethupathi,Offensive_Targeted_Insult_Individual,Not_offensive
OMALA KV IS BACK BITCHES!!! SURYA MOHANLAL ARYA SAYYESHA,Offensive_Targeted_Insult_Group,Not_offensive
Guys Teaser la suriya Anna name podalai guys Enna nadakuthu,Offensive_Targeted_Insult_Other,Not_offensive
"Music Ilaiyaraja than, aana avaru Beethoven music a thirudala avaru aanmai ullavar vera",Offensive_Targeted_Insult_Individual,Not_offensive
"Epo 96 la avar arasiyaluku varadhunu urudhinu sonaru, poiya unmai aaka ungalala dhan mudium, edhu sonalum namba Inga ullavangalala nallavae mudidhu..",Not_offensive,Offensive_Targeted_Insult_Group
"General ah.. Ella padathoda trailer um nalla tha iruku.. Aana full movie pakkum pothu tha therium athu hit ah flop ah nu.. So, guys, endha padama irundhalum 2 min trailor pathu yemarathinga.. 2.30 mani nera padam pathittu comments podunga..",Offensive_Targeted_Insult_Other,Offensive_Targeted_Insult_Group
"Pullingo likes bigil, men like kaidhi",Offensive_Targeted_Insult_Other,Offensive_Targeted_Insult_Individual
i think vaseegaran will die in this movie!!!,Offensive_Targeted_Insult_Individual,Not_offensive
Kadaisi varaikum oru Potta a r murugadoss ah naakitu ippo Attlee pakkam nakka vanthuruku.. Yaaro antha potta,Offensive_Targeted_Insult_Individual,Offensive_Untargetede
Blue sattai will be like... Padathula avanga sirichikite than irrukanga aana Padam paakara namaku than siripe varala,Offensive_Targeted_Insult_Group,Not_offensive
"Ennangada ithu viswasam bgm kekuthu, 🤔🤔",Not_offensive,Offensive_Untargetede
காதல் எண்ற போர்வேவியில் ஏமாத்தும் அனைவருக்கும் செருப்பால் அடிச்ச படம்,Offensive_Targeted_Insult_Other,Not_offensive
pahhhhhhhhhhh kandipa theatre la yelarum saga poranga... thanks director hariiiiii ji teaser parthae padam yepadi iruku nu ennagaluku puriya vechadhuku... innum ne thirudhalaya da kulan Surya...,Offensive_Targeted_Insult_Individual,Not_offensive
Viswasam 17m view 3days..petta 17m views 7 days...,Offensive_Targeted_Insult_Individual,Not_offensive
thala tha Da mass... pidikala na Muditu poga Da don't dislike... enagaluku enga thala tha Da apovuma..,Not_offensive,Offensive_Untargetede
amai fansss 8 K dislikes. poaramai level,Offensive_Targeted_Insult_Group,Offensive_Untargetede
Rajni kitta poi kelu vijayakanth annana pathi. Payam thiriyum.,Offensive_Targeted_Insult_Individual,Not_offensive
"Ennada Trailerae Ipdi Bore Adikuthu, Intha Padatha Vera Download Pani Vera Pakanum. Yenda Engala Ipdi Kolreenga",Offensive_Targeted_Insult_Group,Offensive_Untargetede
32k anil fans.. i mean wig anil fans,Offensive_Targeted_Insult_Individual,Not_offensive
Dai vani bhojan engada ivlo kammiaya katirukinga pongadaaa,Offensive_Targeted_Insult_Group,Offensive_Untargetede
EnnadA 20 time's mela patachu idhu verailkum. Views erala da dae youtube channel owner unna adichu koluvaenda,Not_offensive,Offensive_Untargetede
Sathiyama solra teasera nighttha pakren antha bgmoda avanga bodhu allu vttruchu peiya paatha maari irukku,Offensive_Targeted_Insult_Group,Not_offensive
Same problem my family side good work mohan bro I'm vanniyar movie win panna valthukal nadakathal sarakku midukku naikalukku seruppadi,Offensive_Targeted_Insult_Group,Not_offensive
Savadi vanga poreenga!!! Kevalama iruku,Offensive_Targeted_Insult_Group,Not_offensive
intha padam kadaisi verai unarvukalai thoondi kadasiyil pillai seen ala veiththathu... best. hot illa songs ill a,Offensive_Targeted_Insult_Other,Not_offensive
Unakennapa 0:45 sivakarthikeyan koodalam nadula!!! Naangalam apdiya🤥🤥🤥,Offensive_Untargetede,Not_offensive
Director oru meme creator'a iruppar pola... Yara yematha paakura idhu 96,Offensive_Targeted_Insult_Individual,Not_offensive
I think dislikers are Indian. But I'm #ANTIINDIAN.,Not_offensive,Offensive_Untargetede
ஜாதி அழிஞ்சுடுச்சு நம்புங்கடா🤣அழிச்சது நம்ம சுடலையும் அவுங்க அப்பனும்தான் நம்புங்கடா,Not_offensive,Offensive_Targeted_Insult_Group
Enada ithu views 58k likes 98k ppidrukku... lokesh rocks,Offensive_Targeted_Insult_Individual,Offensive_Untargetede
5 days agudhu Views eramatingdhu,Offensive_Targeted_Insult_Group,Not_offensive
Ghatiya just like cartoon movie...,not-Tamil,Not_offensive
First mobile akshay pudinganathe shivakumar sir oda phone dhaan.. Adha edit pannitaanga.. Anti mobilians,Offensive_Untargetede,Offensive_Targeted_Insult_Individual
Not as BIOPIC... Looks like BADPIC.. Can't suit as MAHANATI,Offensive_Targeted_Insult_Group,Not_offensive
Semma...but...Yellam Avan seyal... Pola irukku...,Offensive_Targeted_Insult_Individual,Not_offensive
நடிகை தேர்வு ஜே'வின் இறப்பை விட மர்மமானது! Kangana's casting Decision a Greater Mystery than J's death Mystery!,Offensive_Targeted_Insult_Group,Not_offensive
Pollachi mater yana achu konjam yasiga,Not_offensive,Offensive_Untargetede
0:45 vikram vedha bgm copy cat pachaya adichirukan,Offensive_Targeted_Insult_Group,Offensive_Targeted_Insult_Individual
all india kicha sudeep fanz likr,Not_offensive,not-Tamil
setha sandai potu savanum kaalil vizhundu ila sema dialogue,Offensive_Untargetede,Not_offensive
y innum trending la varalaa???,Offensive_Untargetede,Not_offensive
Konar sarpaga valthu thiruma oonoda Katha ethoda over da 🤣🤣🤣🤣,Offensive_Targeted_Insult_Individual,Offensive_Targeted_Insult_Group
Oruthar mela Viswasam kaatrathukkaga..innoruthara yen Asinga Paduthuringa?? #Thala #Thalabathy #Fans #Fight,Offensive_Targeted_Insult_Group,Not_offensive
"அண்ணே, சாதிஒழிப்புனா என்ன, சாதி வெறின்னா என்னணே? அடேய் டிபன் பாக்ஸ் தலையா, எங்களுக்கு மண்ணு பொண்ணு ரெண்டுமே முக்கியம், யார் கைய வச்சாலும் கைய வெட்டுவோம்னு சொன்னா அது சாதி வெறி கவுண்டன வெட்டு கவுண்டச்சிய கட்டுன்னு சொன்னா அது சாதி ஒழிப்பு... இன்றைய சூழ்நிலைக்கு ஏற்ற திரைப்படம்!!! வெற்றி பெற கொங்கு நண்பர்கள் சார்பாக வாழ்த்துக்கள்!!!",Offensive_Targeted_Insult_Group,Not_offensive
paaka thana pora indha kaali yoda aatatha!,Not_offensive,Offensive_Untargetede
Karumam karumam amma ku vera tamil nadigaiye illaya s,Offensive_Targeted_Insult_Group,Not_offensive
Ayyyoooo trailer ah pathaley bayama irukae,Offensive_Untargetede,Not_offensive
Rajin political entry dailog 1996/2016 10 years one dailog naaku baag nachindi,not-Tamil,Offensive_Targeted_Insult_Individual
"Enapa gangster padam nu nenacha clg, students, protest, old age love scene la katrenga, kabali madere la irukadea...",Offensive_Untargetede,Not_offensive
yo yo yo yarra yarra inga ooru ketta theriyum,Offensive_Untargetede,Not_offensive
Rajini sirku therium yapa ena pananumnu nega yalarum avara pathi pasi ungala publicitydha panikarega avaruku opposite a pasara yalarumay Oru publicitykagadha pasarega suyama ungalukunu per sambarega Vijay sir ajith sir mare Suma mathavagala vachu game aadadhega,Offensive_Targeted_Insult_Group,Not_offensive
Peeta best or visuwasam best peeta best na like pannuga visuwasam best na dislike pannuga,Offensive_Targeted_Insult_Individual,Offensive_Untargetede
Trailer OK but rajini sarra kalaikeramatta erukku,Offensive_Targeted_Insult_Individual,Not_offensive
Epdi muku naalum first part maari varadhu,Offensive_Targeted_Insult_Group,Not_offensive
இது ஒரு ஆண்மை இல்லாத தனம் அப்பிடி அவரே சொல்லுவாராம் அப்பரம் English song ல இருந்து background music போடுவாராம்,Offensive_Targeted_Insult_Individual,Not_offensive
Siva anna Vera mathiri irukka yae naa,Offensive_Targeted_Insult_Individual,Not_offensive
"*tha intha maari padam yedukuranuga,ithuku support vera comments la padikavey mudila... Vanmam pudichu alaiyuranuga...",Not_offensive,Offensive_Targeted_Insult_Group
ரஜினி சாரை வெச்சு காமெடி என்கிற பெயரில் நல்ல பல்பு வாங்குறீங்க,Offensive_Targeted_Insult_Individual,Not_offensive
"coimbatore fun cinemas mall la a1 padathukku ponen...canteen la popcorn 270,300,coke 200rs nu vilai yethi vachirukeenga.verum popcorn ku 300 rs kodukira loosu koothi nu nenachuteenga pola..familya cinemavukke kootitu varamudiyatha situation ah adhu maripochu...naama kashta pattu sambarikira panatha ivanga nammala mathika matranga...tamilrockers mattum illama iruntha ticket prize 300 pannirupanga...namma hometheatre vangi ungala padangala parkirathuthan best..tamilrockers and tamil talkies blue sattai avargalukku nandri...",Offensive_Targeted_Insult_Group,Not_offensive
Iths Comment polling stop pannuga daaa...!,Offensive_Untargetede,Not_offensive
In the Talab polygon Dabang Nagar Pune,not-Tamil,Not_offensive
Epudi da oru ANJAN oru AYAN oru NJK. mari irukumo,Offensive_Targeted_Insult_Group,Not_offensive
AFTER TRENDING PETTA MORE VIEWS THAN VIS VASAM THALAVAR BACK ON FIRE,Offensive_Targeted_Insult_Individual,Not_offensive
"ஜாதி வெறி பிடிச்ச நாய்ங்களா., இப்படம் நாசமா போக வாழ்த்துக்கள்...",Offensive_Targeted_Insult_Group,Not_offensive
"Theatre owner kalukku Rajinidheepanin yecharikai, padathil Rajiniyin katchikal neekavillai yendral enkalukku theriyathu screen kilikka padum",Offensive_Untargetede,Not_offensive
Trailer merala aticithookuthu ellar vayil veralavaikuthu,Offensive_Untargetede,Not_offensive
aiyayooo ithu adutha jillaaa pola... usar aiyyaa usaaru..,Offensive_Targeted_Insult_Group,Not_offensive
நான் அரசியலுக்கு வருவது உறுதி... அட சண்டாளா 20 வருசமா ஏமாதிட்டு இருந்துருக்கான் பாரேன்...,Offensive_Targeted_Insult_Individual,Offensive_Targeted_Insult_Group
Ha ha padam full aah ve Wig dhaan pola #WigPathy #Pandaram,Offensive_Targeted_Insult_Individual,Not_offensive
Pavadai kalin kaikuli vijay padatai indukal nangal parka kudathu,Offensive_Targeted_Insult_Individual,Offensive_Untargetede
Gotha epo dhan da bigil trailer viduvinga,Offensive_Targeted_Insult_Individual,Offensive_Untargetede
Idha vida Rajiniya Troll panna mudiyave mudiyadhu da saamy,Offensive_Targeted_Insult_Individual,Offensive_Untargetede
Intha padam onnum antha alavuku weight aana subject illa,Offensive_Untargetede,Not_offensive
Antha 2.5 k dislikes Rajini kannis thana...enjoy,Offensive_Targeted_Insult_Individual,Offensive_Untargetede
Omala inuma daaa jaaathi kooothi nu pesitu irukeenga 🤦‍21st century la irukeenga daa daaaiiiii 🤦‍🤦‍,Offensive_Targeted_Insult_Group,Offensive_Untargetede
16K dislikes Well Done You fucking Vijay fans,Offensive_Targeted_Insult_Individual,Offensive_Untargetede
இதுல கூட ரஜினி அரசியலுக்கு வரனு சொல்லி கதை விடுவதை வெச்சி செஞ்சிடாங்க,Offensive_Targeted_Insult_Individual,Offensive_Targeted_Insult_Group
Dai enada Ilayaraja music oduma vilankelada,Offensive_Targeted_Insult_Individual,Offensive_Untargetede
Maranam maasu maranam... Toughuu taranumm... Athukku avanthan porandhu varanum...,Offensive_Untargetede,Not_offensive
Onakku ithellam set agala.. Thambi siva..,Offensive_Targeted_Insult_Individual,Not_offensive
first vijay kooda surya compare panniega da surya chinna payan vijay mass,Offensive_Targeted_Insult_Individual,Not_offensive
SE/ST Naiku oru nalla Padam irukum,Offensive_Targeted_Insult_Group,Not_offensive
Ennada panni vechirukke editor appadiye kadha full a sollivechirekke,Offensive_Targeted_Insult_Individual,Offensive_Untargetede
Luks lik SAW hollywood movie for sure,Offensive_Targeted_Insult_Group,Not_offensive
Are u a virgin girls??? Kani kazhiyama irukingala???,Offensive_Untargetede,Not_offensive
Ore jathikulle jathi parthu vantha athukku peru arippu jathi parthu love panni kalyanam panavanga kathal kathele kidaiyathu so ungalukkum vibacharikum entha vitiyasamum kidaiyathu,Offensive_Targeted_Insult_Group,Not_offensive
Remake pe remake pe remake aakhir kitne remake tollywood,Not_offensive,not-Tamil
Logesh kanagaraj masss thalapathy 64 ku waiting g,Offensive_Targeted_Insult_Individual,Not_offensive
Kaapan movie ha idhu clash Pani irundha kilinchu irukum asith pundai 🤣🤣🤣🤣🤣🤣🤣🤣🤣,Offensive_Untargetede,Offensive_Targeted_Insult_Group
Thalaivaraaa insult pannurathu remba remba thappu,Offensive_Targeted_Insult_Group,Not_offensive
அட ஜாதி வெறி பிடிச்சவங்கலா எதன பேர் டா ஜாதி சர்பா வாழ்த்து சொல்லுவிங்க நீங்க எல்லா திருந்தவே மாட்டிங்க,Offensive_Targeted_Insult_Group,Not_offensive
Bruce Wayne: Enna simran idhellaam,Offensive_Untargetede,Not_offensive
ஏய்... இது 96 சு.. யார ஏமாத்த பாக்குறீங்க.? என்னடா ஒரு சூப்பர் ஸ்டார் னு கூட பாக்காம பொசுக்கு னு கலாச்சுட்டீங்க..,Offensive_Targeted_Insult_Individual,Offensive_Targeted_Insult_Group
Filem malaysia selamat hari lahir abah,not-Tamil,Not_offensive
vijay sethupathi nu oru nala actor irundhan ana avanum ipo poramboka maritan,Offensive_Targeted_Insult_Individual,Not_offensive
ரஜினி வச்சு செஞ்சுடீங்க படத்தில் காமெடி கேரண்டி,Not_offensive,Offensive_Targeted_Insult_Individual
Etha trailer ena koora nu dislike panriga,Offensive_Targeted_Insult_Group,Offensive_Untargetede
selvaragavan da...13k dislikers um thooku maatitu savungada,Offensive_Targeted_Insult_Individual,Offensive_Untargetede
சசிக்குமார மட்டும் எப்போ பார்த்தாலும் automatic-ah அண்ணேனு கூப்புட தோணுது,Not_offensive,Offensive_Targeted_Insult_Group
Vanguraa kasukuu enna velai seiyanumoo atha senjaa pothum,Not_offensive,Offensive_Untargetede
Idhukum 5.9 K dislikes ahh.. viswaasamaana fans pottadhu pola irukey,Offensive_Targeted_Insult_Individual,Offensive_Untargetede
இன்று வந்தவர்கள் பல இங்க எவனும் இல்ல எங்க #தல'க்கு நிகர் இல்ல #VivegamTrailer,not-Tamil,Not_offensive
It's pink with ajith Kumar ka chutiyapa,not-Tamil,Not_offensive
Thiruma kunji kalai cmt box ku azhaikurom🤣🤣🤣,Offensive_Targeted_Insult_Individual,Not_offensive
OMG.. Goose bumps aa gaye,not-Tamil,Not_offensive
Jai ak.from pk fan.jai pk jai ak,Not_offensive,not-Tamil
Dai nkp traileruku 800k like Singapenne pattukku 765k like da Only thalapathi,Offensive_Untargetede,Not_offensive
day Time la oru frame kuta varlaiye.. the 1st full dark film ah irukumo..🤔🤔,Offensive_Targeted_Insult_Individual,Not_offensive
Ena da aarya va mokka pantiga,Not_offensive,Offensive_Untargetede
"Batman,superman,spiderman ivanga varisaila mugamoodi? Sk anna- thambi ponga thambi poi oorukula yengala pathi kelunga thambi",Not_offensive,Offensive_Targeted_Insult_Individual
Super aana nadhuvila en Vijay apparam Ajith Mattum en kalaichi irundenga,Offensive_Targeted_Insult_Individual,Not_offensive
Ilayaraja periya mayiru Mathiri 96 music director ah sonna...ipo avaru matum intha movie la bgm ena potrukar...ooranveettu music ah tha pottu vachrukar...,Offensive_Targeted_Insult_Individual,Offensive_Targeted_Insult_Group
pesi pesi time waste pannama trailer views increase panna parunga,Offensive_Untargetede,Not_offensive
Yeppaa aadhi... unaku mandaiyila pirachanai..,Offensive_Untargetede,Not_offensive
ஜோக்கர்: எனக்கு கண்ட நேரத்துல சிரிப்பு வரும் ஹிப் ஹாப்: எனக்கும்தான் பாண்டியன் ஜனகராஜ்: அங்க என்னடா சத்தம்?,Offensive_Untargetede,Not_offensive
Perusa perusa hero purichu erukainga 🤣,Offensive_Untargetede,Not_offensive
Yenda Teaser ra vittu kittu irrukangae padhatha eppa da vidue vinga,Offensive_Targeted_Insult_Individual,Offensive_Untargetede
hello...epdi la panna thiga...mathavaga povo...epdi eduthirkae...paaaa...vivegam...vetri vagai sodum,Offensive_Untargetede,Not_offensive
Iyarkayave uruvaagura thanakku mattumthanu sontham kondadura urimaya yaarunga kodutha,Offensive_Untargetede,Not_offensive
நாம் தமிழர் அண்ணன் சீமானின் கோவத்தை NGK படத்திள் பார்களாம் NTK...,Offensive_Targeted_Insult_Group,Not_offensive
"Dei, idhu animation padama illa original padama...",Offensive_Targeted_Insult_Group,Offensive_Untargetede
Inga Rajini ya pathi mattum comment pannunga nan Vijay sethupathika papen aniruthuka Papen apdina adichu underwearoda oda vituven...Thalaivar forever,Offensive_Untargetede,Not_offensive
Anandhi vj antha ponnu...Peasi peasi voice ipdiyae akiruchi,Not_offensive,Offensive_Targeted_Insult_Individual
கண்ணு தெரியாத ஒருவனை சுற்றி கதை நகர்கிறது ஆனா கண்ணு தெரியாதவங்க இந்த ட்ரைலரை புரிஞ்சிக்க முடியாது.. #love this lovable idiot..,Offensive_Untargetede,Not_offensive
Dislike pannavan laam ADMK & NTK thondargal,Offensive_Targeted_Insult_Group,Offensive_Untargetede
Jayalalitha va kaata sonna church father ah kaatrenga,Offensive_Targeted_Insult_Individual,Not_offensive
theri idhu trailer vivegam idhuvum trailer thaan mokka naai asith,Offensive_Targeted_Insult_Individual,Offensive_Untargetede
1000 padam epd vanthalum Paruthi veeran matri padam vaipe ila...,Offensive_Untargetede,Not_offensive
Yaarellam Vadachennai movie alavuku asuran illanu feel panreenga,Offensive_Untargetede,Not_offensive
"Vaiyagara thinra vayasula, amy ellam unaku thevaiya",Offensive_Untargetede,Not_offensive
Vijay sir dialogue paathu sirikkaathinga antha scene na cut pannunga...,Offensive_Targeted_Insult_Group,Not_offensive
gommapunda Ajith devidiya paiyan... ummbu da child sunniyaaa,Offensive_Targeted_Insult_Individual,Offensive_Targeted_Insult_Group
Kaithi paathavanga sollunga kgf mari irukka?,Offensive_Targeted_Insult_Group,Offensive_Untargetede
Vadi va August month va unaku periya apppu iruku,Offensive_Targeted_Insult_Group,Not_offensive
Naaa yenna ninakkuranna rajini sir paththi yethavathu pesunaa prabalam aayidulaam polarukku,Offensive_Targeted_Insult_Other,Not_offensive
ennada 3naalku aprm trending... enna pithalaatamaa iruku...,Offensive_Targeted_Insult_Individual,Offensive_Untargetede
HERO TRAILER = LIKE THAMBI TRAILER= COMMENT,Offensive_Targeted_Insult_Group,Not_offensive
at 0:32 pause panni 5sec face ah partha gubeernu sirippu varuthu,Offensive_Targeted_Insult_Individual,Not_offensive
1:29...Sarkar. Ennana theriyela ellam padathalayum villain thookiye aavanuma?,Offensive_Untargetede,Not_offensive
Thevidiya Ajith fans kadharal autolike da nu,Offensive_Targeted_Insult_Group,Offensive_Untargetede
"சாகோ, இன்னும் வீரியமாக இருந்தால் நன்றாக இருக்கும். ஆனால் இதுவே வெறித்தனமான ஒன்றுதான். கதறுங்கடே",Offensive_Targeted_Insult_Other,Not_offensive
Chei ivala oru azhu punda ollal punda,Offensive_Targeted_Insult_Individual,Offensive_Untargetede
Antha trailer la itha notice panengala mersaluku seema laugh but viswasam Thuku just small laugh,Offensive_Targeted_Insult_Group,Not_offensive
Super Anna maku kavalasindi iedhaa,not-Tamil,Not_offensive
Chiyaan ku all the best..but trailor semma mokkkaa..,Offensive_Targeted_Insult_Individual,Offensive_Untargetede
yenda ungalukkellam vera illlayya... summa masuuu therinnnu vengayam... paya pulllaganla padikka vayungada... nalla padigada... velaiyya parungada... likkkuuu punnnakkku..,Offensive_Untargetede,Offensive_Targeted_Insult_Group
Har bar alag look yr ohsame only one man Vikram,not-Tamil,Not_offensive
Siva va Rombha scene ah illama iruntha nalla irukkum,Offensive_Targeted_Insult_Individual,Not_offensive
Potta Ajith aamai 9 ali utter flop confirm,Offensive_Targeted_Insult_Individual,Offensive_Targeted_Insult_Group
entha naiku nadakakuda mudiyathu periya buildup,Offensive_Untargetede,Not_offensive
படம் sema kik ko kik trailer,Not_offensive,not-Tamil
Thalaivaa Mass. Thalaivaa Seeman Jatti poduvaana Ilaiyanu teriyalaiyeh?,Offensive_Targeted_Insult_Individual,Not_offensive
Petta k but visuvasam trailer is still not release,Offensive_Targeted_Insult_Individual,Not_offensive
"без пизды, фильм огонь получится!!!",not-Tamil,Not_offensive
Dai indha rajini ah dhaan da pala varshama naanga kekrom,Not_offensive,Offensive_Untargetede
Enna pandey news channel la velai illanu nadika vanduthiya...,Offensive_Targeted_Insult_Individual,Not_offensive
Vijay semma mass da nee oru pida,Offensive_Targeted_Insult_Individual,Not_offensive
Ethukku da antha Varun ku sambanthame illama oru getup kudukarenga producer na ithellam nanga pakkanuma so waste,Not_offensive,Offensive_Targeted_Insult_Group
Trailer itna mst hai to movie kitna gjb hoga yaar,Not_offensive,not-Tamil
vadachennai teaser likes ah overtake paniruchu,Offensive_Targeted_Insult_Group,Offensive_Untargetede
saakabothu sandapottu saganum that mean ethavathu nallathu senchittu saganum.. i like dialogue!,Offensive_Targeted_Insult_Other,Not_offensive
Dey enaku viswasam scene sirichathu kuda enaku siripu varala.. 1:22 scene ah paatha udane loudly ah sirichiten da..ennada pani vachirukeenga,Offensive_Untargetede,Offensive_Targeted_Insult_Group
"குருமா, ரஞ்சித் பார்த்து கதறுங்க டா",Offensive_Targeted_Insult_Individual,Not_offensive
Indha vels film producer alumbu thaanga mudila pa...ella padathulaiyum avan thangachi paiyan ah nadikka vittudaraan🤣🤣🤣,Offensive_Targeted_Insult_Individual,Not_offensive
*Frienduna facebookla like kodukaravanu nenachiya...life eh kodukanunda... Enakkum vandu vaachirukunga..* 🤨,Not_offensive,Offensive_Untargetede
Teaser mokkaya irukunu solravanga mattum like pannunga,Offensive_Targeted_Insult_Group,Offensive_Untargetede
Suriya Anna verea levelaaaa bhairava record polichu koduthuu Suriya Annan,Offensive_Untargetede,Not_offensive
Kangana ka face madumakhi ke chatte me aa gaya kya,Not_offensive,not-Tamil
Fdfs porathuku munadi litae ah veri ethikirom thalivaaa,Offensive_Untargetede,Not_offensive
Ellam avan seyal padam maadhiriye irke #Vandumurugan,Offensive_Targeted_Insult_Individual,Not_offensive
ஆடி அடங்கும் வாழ்க்கையடா ஆறடி நிலமே சொந்தம்மடா...,Not_offensive,Offensive_Targeted_Insult_Group
"டேய் கிலட்டு தேவிடியா அஜித் பசங்களா, நீங்க என்ன டா சொல்றது, எங்க தளபதியோட நண்பன் சூர்யா'வோட சிங்கம் 3 வெற்றி பெற வாழ்த்துகிறோம்டா!!",Offensive_Targeted_Insult_Individual,Not_offensive
Jiva na kuda unna ennomo periya veeran nenaichen enna da posukunu poita kadaisiya eppa hit padam kudutha napaham iruka,Offensive_Targeted_Insult_Individual,Offensive_Targeted_Insult_Group
suriya: naan kola passiyila irruken audience: annanuku oru uthaapam,Offensive_Targeted_Insult_Individual,Offensive_Untargetede
"Dai thevudiya pundai director and jayam Ravi paradesi, 1996 la politics ku avaru varen nu sonnara, rajiniah epdi vennalum kindal pannalam edhuvum sollamattaru nu kozhai pindaihala, kandippa flop thanda, rajiniah seendunavan evanum nalla irukka mattan...",Offensive_Targeted_Insult_Individual,Offensive_Targeted_Insult_Group
Graphics sari illa nu solrathukune oru gang suthum parunga,Offensive_Untargetede,Not_offensive
"Whom do you think, will suit like jayalalitha Nithya menon =like Kangana = comment",Offensive_Targeted_Insult_Individual,Not_offensive
STR🤩🤩🤩VJS yapo da padatha release pannuvinga?,Offensive_Targeted_Insult_Group,Not_offensive
Padam erankunathuku aprm director ah pathu oorey sirikum,Offensive_Targeted_Insult_Individual,Not_offensive
You trailer bore adikudu da paaka pakka kovam varudu idelam trailer Karunakaran panaradalam comedy a enna,Offensive_Targeted_Insult_Individual,Offensive_Untargetede
Ne yaruda komalai fans hit like @1:42,Offensive_Untargetede,Not_offensive
இன்னேரம் குறீயிடு குரூப் கிளம்பி என்னென்ன குறீயீடு கணக்கு எடுத்துட்டு இருக்குமே..,Offensive_Targeted_Insult_Group,Not_offensive
enga thala thaanda eppavume gethu meethi ellaarum vethu,Offensive_Targeted_Insult_Other,Not_offensive
Intha Like pichai eduthu enna panna poraanunga🤔🤔,Offensive_Targeted_Insult_Group,Not_offensive
dislike pottavan mirugam avan mobile vedikkum da,Offensive_Targeted_Insult_Other,Offensive_Untargetede
Then mavatathula indha padatha release pannungada papom...,Offensive_Targeted_Insult_Other,Not_offensive
yarellam vivegam teaser. paathutu intha komali teaser paaka vanthinga?,Offensive_Targeted_Insult_Individual,Not_offensive
thalaivar varum bodhu mezhuguvarthi anajadha paatheengalaa stand. irattai mezhuguvarthi simonukku tharamaana sambavam,Offensive_Untargetede,Not_offensive
🤮🤮Asuran movie satupala adichum ivanuga thirdhala🤮🤮,Offensive_Targeted_Insult_Group,Not_offensive
nan arasailyakku varuvathu uruthi... semaiya kalaichutaniga,Offensive_Targeted_Insult_Individual,Not_offensive
Yaaruda panni pandara pandeva laaam nadikka vachadu. Thalaiku munnal pande laaam thoosi,Offensive_Targeted_Insult_Individual,Offensive_Untargetede
#Big Boss V2kula #Kavina #Kathoda Apunane Avan Thane #Hero #Pradeep Antony🤣🤣🤣,Offensive_Targeted_Insult_Group,Not_offensive
இளையராஜா தன்னோட இசையை பயன்படுத்தியதற்கு 96 பட இசை இயக்குனர கொச்சை படுத்துனார். ஆனா இப்ப Beethoven Composition அ BGM போட்டுள்ளார். இது எந்த வகையில் நியாயம்,Offensive_Targeted_Insult_Individual,Not_offensive
Trailer naai kundiya nakuna mathiri eruku,Offensive_Targeted_Insult_Group,Offensive_Targeted_Insult_Individual
இளையதளபதி புரட்சிதளபதி இளைய #சூப்பர்ஸ்டார் இன்னும் எத்தனை எழுத்துக்கள் வந்தாலும்🤘 நின்னு அடிக்கும் இரண்டே எழுத்து தல,Offensive_Targeted_Insult_Individual,Not_offensive
Entha music padathu ila ethuko vishiyathu use panirupanga antha trailer ila ah eruku,Not_offensive,Offensive_Untargetede
"Evana pakka Chinna paiyan marri irukkan,,,,,,F*** girl",Offensive_Untargetede,Not_offensive
Otha sivakarthikyan Ellam hero waaa??? Nadikveeee theriyathu,Offensive_Targeted_Insult_Individual,Not_offensive
Maranam...massu maranam.toughu tharanaum...adhuku avan dhaan porandhu varum...semma thalaivaa,Offensive_Untargetede,Not_offensive
50k views but 92k likes YouTube 🤪,Offensive_Untargetede,Not_offensive
Yennada padam release aana aprom TRENDING la varuthu,Offensive_Untargetede,Not_offensive
அசுரன் படம் பார்த்து சாதிவெறி நாயிங்கள் அதுக்கு எதிரா எடுத்திருக்கிறானுங்க,Offensive_Targeted_Insult_Group,Not_offensive
Edu hit aakum Ella fansinum ee movie oru marupadiyavum,not-Tamil,Not_offensive
எங்க அப்ப மில்டிரிடா கோலி விளாடவா சொல்லிதருவா,Offensive_Untargetede,Offensive_Targeted_Insult_Group
"intha vj thevangu fans tholla thangala.enda ungalukku ipdi oru padathu kodukkavum mudiyathi atleast anthamathiri padatha troll pannama irunga da,ungalukkellam intha puli,sura,bhirava thanda crt.poramapudicha pundainga vj fans",Offensive_Targeted_Insult_Other,Offensive_Targeted_Insult_Group
Padathtu pathtu naanga tha psyco va suthanum *orae music padam ful ah potu syco akiduvanga.. Ithu vera erkanave keta musiq ah irku #conform psyco tha,Offensive_Targeted_Insult_Individual,Offensive_Targeted_Insult_Group
THALAIVAR ah kalaichitanga Lama dei komali team unmaiyavey komalidhanda padam mokkanu therinju Thalaivar superstar name ah use panni promotion panra echainga thuuuuu...,Offensive_Targeted_Insult_Individual,Offensive_Targeted_Insult_Group
"ithu entha varushamm 2016, naan arasiyalku varuven,hey ithu 1996, yaaraa emathuraa semaaa",Offensive_Targeted_Insult_Group,Not_offensive
Thalapathi fan.But dislike panna manasu varala,Not_offensive,Offensive_Untargetede
Ithu 96 sema.anekama bjp rajini mandram antha scene cut pana soli porattam panuvanga padam 100 crore collection confirm,Offensive_Targeted_Insult_Other,Not_offensive
Me no so so in love love an,not-Tamil,Not_offensive
Want to see Ajak mama in underwear,Offensive_Targeted_Insult_Individual,Not_offensive
மண்ணும் பொண்ணும் முக்கியம்னா மண்ண விக்கிற மாதிரி பொண்ணையும் வித்துருவோம்னு சொல்றீங்களா என்ன ரியல் எஸ்டேட் பிசினஸாடா பன்றீங்க நாமே எல்லோரும் இந்துதான் நம்புங்க,Not_offensive,Offensive_Targeted_Insult_Group
bayamkaram ga undhi.!!!you will see my rage,not-Tamil,Not_offensive
dear anils itha paarthu mersal aavathinga innum paarka vendiyathu neraya iruku,Offensive_Targeted_Insult_Individual,Not_offensive
யாரு படம் டா இது... குடிசை கொளுத்தி கொல்லி குடம் குரூப்பா.? அசுரன் பார்த்து இன்னும் அழுகை நிக்கல போல கதறல் ஓவரா இருக்கு.,Not_offensive,Offensive_Targeted_Insult_Group
Viswasam ellam nar nara kizhiya pokuth mass kattreenga thaliver,Offensive_Untargetede,Not_offensive
Karthike ivlo mass ah apa Vijay ku Telugu padam pola irukum polaye,Offensive_Targeted_Insult_Individual,Not_offensive
சாதி பார்க்கும் ஒவ்வொருவனும் விபச்சாரிக்கு பிறந்த பிள்ளை,Offensive_Targeted_Insult_Group,Not_offensive
Hero mattum vera yaarachum potrukalam.. Sudala payan venam Myskin and Ilayaraja combo,Offensive_Targeted_Insult_Individual,Not_offensive
மண்ணு பெண்ணு எல்லாருக்கும் முக்கியமானதுதான் ஒருவனுக்கு மட்டும் சொந்தமல்ல அவ்வளவு மானம் இருந்தா பஞ்சமி நிலத்தை திருப்பி தரவேண்டியதுதானே தமிழ்நாட்டில் உள்ள பாதி ஏரிகள் வயலாக்குனதே நீங்கதாண்டா அந்த ஏரிகளை தூர்வாரவிடாம மடக்குரிங்க அப்படி தூர்வாரப்பட்டால் மண்ணு இருக்காதுடா உங்களுக்கு,Offensive_Targeted_Insult_Other,Not_offensive
Sarkar record brk pana venam adlist Mersal recrd aachum brk pana vainga da,Offensive_Untargetede,Not_offensive
இந்த படத்துக்கு எல்லாம் எவன் டா தியேட்டர் தரத்து படம் இது சாதி வெறி பிடித்த புண்ட பசங்களா,Offensive_Targeted_Insult_Other,Not_offensive
adengapa flightaiyae carala nirutharapula sama chance ilaaaaa...,Offensive_Untargetede,Not_offensive
Adchi Oda vidu ellarayum orama nadandhu varareda enga thala veerama thala bloods hit like her,Offensive_Untargetede,Not_offensive
இந்து மதம் என்பது ஒருவனை தேவடியாள் மகன் என்கிறது ஒருவனை தாழ்ந்தவன் என்கிறது வந்தேறிநாடோடிகளை உயர்ந்தவன் என்கிறது.இந்தநேரத்தில் மோகன் இப்படி சாதிவெறி அரிப்பெடுத்தபடம் ஏன்?,Offensive_Untargetede,Not_offensive
"காலா, கபாலி, அசுரன், பரியேறும் பெருமாள் இத்தனையும் சமூகநீதிப்படம்னா...*த்தா இது மட்டும் எப்டிடா ஜாதிவெறிப்படமாகும்... Proud Hindu & சைவ வெள்ளாளர் சமூதாயத்திலிருந்து இப்படம் வெற்றிபெற வாழ்த்துகிறேன்...",Offensive_Targeted_Insult_Group,Not_offensive
TN ELECTION RESULTS IN PETTA TRAILER ITSELF. RAJINI LIKES - 592K OPPOSITION LIKES-46K,Offensive_Targeted_Insult_Individual,Not_offensive
Romba nerama pakuren 467299views la nikkuthu... ena da paninga ethavathu panitingala ena...,Offensive_Untargetede,Not_offensive
Rajini power # ipo itha lusu pasaga jam Ravi and producer director s gu purichurugum...,Offensive_Targeted_Insult_Group,Not_offensive
"Police da police, vechu seiya poran",Offensive_Targeted_Insult_Group,Offensive_Untargetede
Yenga ipa lam payan thaan ga yemaruthan. Payan yemarurathu veliya thyrela ponu yemantha matum ipadi kuthikiringa oonmaya kathalicha pasangala yematha thana saiuthu intha oolagam jathiya kati,Not_offensive,Offensive_Targeted_Insult_Group
Saaho 10m in 28 hours. Asit ajakkuku saavu mani adichitu poitaaru namma Bahubali.,Offensive_Untargetede,Offensive_Targeted_Insult_Individual
அடுத்த சர்க்கார் மாதிரியே half boil வரப்போகுது இதுக்கும் இங்க சில்லறை சிதற விடபோராணுங்க,Offensive_Targeted_Insult_Group,Not_offensive
Gajini - decent laugh Mersal - Gubeer laugh Viswasam - smile,Offensive_Targeted_Insult_Group,Not_offensive
"10,7 Mio Aufrufe 400 Tsd. Likes 22,7 Tsd. Kommentare #2Point0Trailer",not-Tamil,Not_offensive
Ennada aruvi movie theme la varuthu...,Not_offensive,Offensive_Untargetede
"mass dialogue...########## Mass teaser...#### surya veriyan##### singam singam 🦁🦁🦁🦁duraisingam seerum engum...vada↔ vada ↔vada... mass dialogue: na paathathalam thingara onaai illa,pasicha mattum vettaiyadra singam🦁, kola pasila irukan ethu kedaichalum vettaiyadra verila irukan,ethurula evan vanthalum eari methichittu poite irupan singam da",Offensive_Untargetede,Not_offensive
1st trailer looked stupid this looks dumb,Offensive_Untargetede,Not_offensive
Ennada MAN OF STEELE bgm la poderinge!! 🤣 🤦‍,Not_offensive,Offensive_Untargetede
Boom boom robo da robo da🤖🤖🤖🤖🤖🤖🤖🤖,Offensive_Untargetede,Not_offensive
Dei vaani bhojan ku la fan iruka da,Offensive_Targeted_Insult_Group,Offensive_Untargetede
Music engayo kae ta madhari irukae,Offensive_Untargetede,Offensive_Targeted_Insult_Individual
"Saathi veri pudichu alaiyiringaleda en saadhi dhan perusu nu trainlayo bus la vizhunthu avan avan saadhikkaga usura vitrungada, tamilnade rattha aaru odattum adhukkaprom balance irukuravanga nimmathiya irukkom.",Not_offensive,Offensive_Targeted_Insult_Group
முதல் தடவையா தமிழ் பட trailer பாத்து Hollywood காரன் copy அடிச்சிருக்கான். Watch MORBIUS(2020) Trailer.,Offensive_Targeted_Insult_Other,Not_offensive
Enikoru doubt.. kadaram kondan um drivanatchathiram vm rand cnma aano.. atho onnaano,Offensive_Untargetede,Not_offensive
"AMBEDKAR, KAMARAJAR Okay.. Adhu yaaru Velu nachiyaar thevudiya",Offensive_Targeted_Insult_Individual,Not_offensive
Kekka bekka short film ah idhu Ada paaavingala,Offensive_Targeted_Insult_Other,Not_offensive
yaarulam trailer start agurathuku munnadiye like potathu..!!,Offensive_Untargetede,Not_offensive
Gorilla movie Potta Pola Bgm poduringa konjam mathinga,Offensive_Targeted_Insult_Individual,Offensive_Untargetede
open challenge ninka vijay annava odunaa naanka Ajith annaava oduom,Offensive_Targeted_Insult_Group,Not_offensive
teaser nalla thana iruku.. idhuvum palaruku pidikala pola.. ______ oru polapu:p,Offensive_Untargetede,Not_offensive
Ennada amma padatha eduthutu chinnamma va nadikka vachirukinga,Offensive_Targeted_Insult_Group,Offensive_Untargetede
Perfect dialogue ஓவியம் வரையரவன் தன் பிள்ளைக்கு என்ன சொல்லி தருவான்... ஓவியம் வரைய... எங்க அப்பா militaryகாரன் டா... கோலி விளையாடாவா சொல்லி தருவான்...,Offensive_Targeted_Insult_Other,Not_offensive
ரஜினி ஒரு எச்ச... தொட நடுங்கி... ஒரு RSS மணநிலை கொண்டவன்...,Offensive_Targeted_Insult_Individual,Not_offensive
அருவி - சொல்வது எல்லாம் உண்மை வாழ் - நீயா நானா Arun prabu things,Not_offensive,Offensive_Targeted_Insult_Individual
Sarkar kitta kooda nerunga mudiyala just 10million views,Offensive_Untargetede,Not_offensive
Evan da music nu keka thonuchu..Pradeep..well done..soul stirring..,Offensive_Untargetede,Offensive_Targeted_Insult_Group
Hello You Tube Ennassu Irukkireenkala? Allathu Seththupoddinkala??,Offensive_Untargetede,Not_offensive
SARKAR FDFS Leaks SARKAR TEAM,Offensive_Targeted_Insult_Individual,Not_offensive
"Psyco 1960 Hollywood la vandhuruku. Andha moviya remake pannitananunga Pola,",Offensive_Targeted_Insult_Group,Offensive_Untargetede
இது தலித் எதிரான படம் மட்டும் அல்ல தோழர்களே ஒட்டுமொத்த பென் இனத்தையே கேவலப்படுத்தும் படம் தலித் இளைஞர்களை(மக்களை) பொது மைய நீரோட்டத்தில் இருந்து புரந் தள்ள வேன்டும் என்பது அவர்களது கனவு அதர்க்காக தன் சமூக அக்கா தங்கைகளை இப்படிய அசிங்கபடுத்த வேண்டும் த்து...,Offensive_Targeted_Insult_Group,Not_offensive
Who is watching after seeing movie? Indha madhri pichayedukara velai yenthanai peru kelamirukinga??,Offensive_Untargetede,Not_offensive
Dislike pottavan yellam rajini fan pola..20varusam kalichu solvanga idhu 96 dhana nu...appo therium,Offensive_Targeted_Insult_Group,Offensive_Untargetede
Mass... intha unlike panravanuga vaitherichal pudicha setup sappa star kujay fans uh than irupanuga,Offensive_Untargetede,Not_offensive
பெண்களை இவனிங்க சொத்தா பாக்காங்களாம்.. முதல்ல உணர்ச்சி உள்ள சக உயிரினமா பாருங்கடா அப்பர செண்டிகளா...,Not_offensive,Offensive_Targeted_Insult_Group
Indha padamavadhu Vikram ku odanumnu nenaichen...trailer paatha udane andha aasaiyum pochu...che,Offensive_Untargetede,Not_offensive
worst teaser!! enna da kuppai lorry ah otaran...? lol varlam va varlam va lol:P thu,Offensive_Untargetede,Offensive_Targeted_Insult_Group
Intha pundaiku than built up da,Offensive_Untargetede,Offensive_Targeted_Insult_Group
Ending speech mass thalivaaaaaaakola kandula iruken,Not_offensive,Offensive_Untargetede
Heros அ மட்டும் பார்த்துட்டு வெறி ஆவாதீங்கடா.. ஒக்காலி bgm தெறிக்குது dawww ARR DAWW 1:02 நீ வந்து சென்றனை... பூமி பூமி சுத்தும் சத்தம் ஆழி ஆழி கத்தும் சத்தம் மனிதன் மனிதன் யுத்தச்சத்தம் இதில் எங்கே கேட்கும் குயிலின் சத்தம்..,Offensive_Targeted_Insult_Group,Not_offensive
0:14Ulla ponavan yellam உல்லாசமாதான் இருக்குரானுக velila irukkuravanga than sethukittu irukkanga,Offensive_Targeted_Insult_Other,Not_offensive
Da suriya kulapaya nee police ah,Offensive_Targeted_Insult_Individual,Not_offensive
3k dislikes from அரசியலுக்கு வருவது உறுதி' fans... பாவத்த,Offensive_Targeted_Insult_Group,Offensive_Untargetede
விஜய தல மூத்திரத்த வாங்கி குடிக்க சொல்லுங்க,Offensive_Untargetede,Not_offensive
Padathula enna vena pesalam Nijathula onnum nadakaadhu,Offensive_Targeted_Insult_Group,Not_offensive
Indha padattha patthukkuttu irukkum podhu un ootu ponna thookkikittu poira porano patthu siringada...,Offensive_Untargetede,Offensive_Targeted_Insult_Group
When AJITH fans turn into Broker Mama for Kaidhi...Dai Mama's Kaidhi yum Engaluku Jeikanum #THALAPATHY64,Offensive_Untargetede,Offensive_Targeted_Insult_Individual
Original: Kickin' it old skool (2007),Offensive_Targeted_Insult_Group,Not_offensive
better luck next time!:D:D:D,Offensive_Targeted_Insult_Other,Not_offensive
நான் காட்டு கத்து கத்துறேன் ஒருத்தனும் கண்டுக்றல ஆனா தல கம்முனு இருக்காரு எல்லோரும் கடவுளா நினைக்குறானுக. சீமான் மைன்ட்வாய்ஸ்,Offensive_Targeted_Insult_Individual,Not_offensive
Ivana pakkum pothu Ellam jallikattula pathila odiponathu than niyabhagam varthu... Ivan intha rj balaji... Chai worst fellows da ninga,Not_offensive,Offensive_Targeted_Insult_Group
Mohanlal dialogue delivery Summaar thaan irukk... Oru Punch kidakkamaattirinke...,Offensive_Targeted_Insult_Group,Not_offensive
Oru vela intha movie bigil ku mundai vandhu irundha atlee inum konjam nala yeduthu iruparu pola...!!,Not_offensive,Offensive_Untargetede
தலைவா போய் கிழவா ஆய்ட்டார்....Nice Toappa...,Offensive_Targeted_Insult_Individual,Not_offensive
Evadra vadu dislike kottinadhi...chuuuth salaaa... Terroristss,not-Tamil,Offensive_Untargetede
Enada lawyer sanda podran🤣 tamil cinema tamil cinema thaanya... Nama aluga enaki dha thirundhu vangalo,Offensive_Untargetede,Offensive_Targeted_Insult_Group
நான் அரசியலுக்கு வருவது உறுதி தலைவா உன்ன போற வர்றவன்லாம் கலாய்க்குறான் தலீவா...,Offensive_Untargetede,Not_offensive
Mokka da deiii ithelam Oru padama,Offensive_Targeted_Insult_Group,Offensive_Untargetede
Comment படிக்கும் போது தான் தெரிகிறது 85% முட்டாள்கள் நாம் சமுகத்தில் இன்னும் இருக்கிறார்கள் என்று.,Offensive_Targeted_Insult_Group,Not_offensive
Dai ranjith... Ippo pesuda...,Not_offensive,Offensive_Untargetede
Irumugan maathiri feel aachu solluravan like poodu,Offensive_Untargetede,Not_offensive
Jeyalalitha VA photo la yaachum paarthurukeengala,Offensive_Targeted_Insult_Group,Not_offensive
Neengal thalayel erunthu peranthavargal nangal kalil erunthu peranthavargal magaparadham solgeradhu ok nangal nadagam kadhal seivadhillai nadagathel thathan kadhal perakkudhu,Offensive_Targeted_Insult_Group,Not_offensive
Gotha dislike panna pundaiyellam pannada badatha irukkum,Offensive_Targeted_Insult_Group,Offensive_Untargetede
Pakathana pora pongalugu inntha kalliyoda attatha,Offensive_Untargetede,Not_offensive
Bigil kaithi vijay ajith nu.. chai Tamil cinema la ipathan konjam nalla padam la varuthu athu sanda,Not_offensive,Offensive_Targeted_Insult_Individual
Chinna vayusaula erila kuzhipola Anga Pola Adhu Mela than nadakurom,Offensive_Targeted_Insult_Group,Not_offensive
Oru raksha illa Mone kaithiii uff,not-Tamil,Not_offensive
அனைத்து மக்களும் பார்த்து பா.ராஞ்சித் முகத்தில் காரி துப்பவும்,Offensive_Targeted_Insult_Individual,Not_offensive
Poi appa character iruntha nadika solluga setaaa agala 2.o mass ithu pushhh,Offensive_Untargetede,Not_offensive
Sathiyama solra intha padam 200 theatre kuda odathuda ithu eannoda saval daaa saval eanna da odathu aavalotha,Not_offensive,Offensive_Targeted_Insult_Group
dai movie la ega da nerya scen kanummm,Offensive_Targeted_Insult_Group,Offensive_Untargetede
Naan yaaru ennurudha eppavume naan mudivupanuruthilla... En edhurula nigakaravanga thaan mudivupanuvanga... Naan avangalluku naanban-ah illa ethiri-ah...,Offensive_Untargetede,Not_offensive
Did rajini sir was so old in 1996. Bosadeke,Offensive_Targeted_Insult_Individual,Not_offensive
மண்ணும் பொன்னும் ஒன்னா அப்போ விலை அதிகமா கொடுத்தா ரெண்டையும் வித்திருவிங்களா,Not_offensive,Offensive_Targeted_Insult_Group
KK na KK na yaare...? King of Kollywood,Offensive_Untargetede,Not_offensive
Market illatha dog la vaai pesuthu pannada Ravi,Offensive_Targeted_Insult_Individual,Offensive_Untargetede
Sama music sam cs super trailer Vara level ku thariya bgm karanam super ji,Offensive_Untargetede,Not_offensive
Rajni eppo da 1996 la arasiyalukku varenu sonnaru... I think Comali team eh 1996 la comala irundhu Vera yaro solra thappana thagavala kettu padam eduthu irukkangalo... Oruthangala pathi therinjittu olarama padam edukka try pannunga team...,Offensive_Targeted_Insult_Group,Not_offensive
Teaser kandittu ithu marana mass iteam aayirikkum jillayill vannna lalettan aayirikkillllaaaaa... Athu pole thannne nammude swantham suryiayude pwoli performanceum kaanumwaitingggggggg...,not-Tamil,Not_offensive
திருமாவளவனையும் ராமதாஸையும் கைது செய்து கட்சிகளை தடை செய்தால் தமிழகம் அமைதி பூங்காவாக மாறும்... தமிழினம் காப்போம்...,Offensive_Targeted_Insult_Individual,Not_offensive
22k dislikes oru vela visay pans a irupanugalo,Offensive_Targeted_Insult_Individual,Offensive_Untargetede
Trailer nalaa thaa iruku anaa ungalaa mari nangalaum trainkuu bomb vaichaaa KAAPPAANUU solla matrangaa THALIBAANUU soluvangalayee 🤣🤣🤣🤣🤣🤣,Offensive_Targeted_Insult_Group,Not_offensive
படம் பெயர் mental nu வச்சி இருக்கலாம்,Offensive_Untargetede,Not_offensive
Nee engitta vilayaada la yeman kitta,Offensive_Untargetede,Offensive_Targeted_Insult_Individual
Appu gelah ipol lam pombelah kadike kastum.. Kadichethu vechi santosama irugeh,Not_offensive,Offensive_Untargetede
Ranjith vanthu karthik suburaj kita vangi kudi da.. Ithan padam.. Ithu than trailer,Offensive_Targeted_Insult_Individual,Not_offensive
"After nadodigal 2 relese review- nadodigal 1 tha best, Antha alavuku ilai, sasikumarum anjaliyum kathikitae irukaga",Offensive_Targeted_Insult_Group,Not_offensive
Na arasiyaluku varathu vuruthi dei bangam paniteenga da,Offensive_Targeted_Insult_Group,Offensive_Untargetede
poradakudathu nuu sonna rajni lusu pundayaa...karnataka kee thorathee adipom...ini tamil Nada tamizhan thaan aalaanum,Offensive_Targeted_Insult_Individual,Offensive_Targeted_Insult_Group
teaser.. Suma paka massss...ajak fans vairu eritha,Offensive_Targeted_Insult_Group,Not_offensive
சக்திமான் காப்பாற்றுவார் என நினைத்து கீழே விழுந்ததில் கோமாவுக்கு பொய்டாறோ...,Not_offensive,Offensive_Targeted_Insult_Group
"ஒரு ஜாதியை சொல்லி அரசியல்,அராஜகம் பண்ணும் பரதேசிகளுக்கு இந்த படம் ஒரு சவுக்கடி,இதுபோல சவுக்கடிகள் இனி தொடர்ந்து விழும்,,,,",Offensive_Targeted_Insult_Group,Not_offensive
Enna da hip hop Thalapathy padathukku srikkura thala padathukku srikka matraa,Offensive_Targeted_Insult_Individual,Not_offensive
Mokka Thu... Ena solradhu coffee sollunga thatha kum pethikum loves...,Offensive_Targeted_Insult_Group,Offensive_Untargetede
sambhavam? sir etha mean pannurenga,Offensive_Untargetede,Not_offensive
என்ன மயிரு ட்ரைலெர்ட்டா இது ஒன்னும் புரியல 🤦‍,Offensive_Untargetede,Not_offensive
Tharamana sambavam great vetri maran and dhanush,Offensive_Targeted_Insult_Individual,Not_offensive
Iron man ku voice koduthu. Movie ah kevalapaditala. Entha movie flop aerum,Offensive_Untargetede,Offensive_Targeted_Insult_Group
Padam pathathukku appuravum trailer pathavunge like podunge fan from kerala,Offensive_Targeted_Insult_Other,Not_offensive
1.41 bgm ku yaru lam addict Naan aagiten ‍ Neeinga?,Not_offensive,Offensive_Untargetede
goosebums yaaaa eppaa enna traioleru norukungada like buttonaa,Not_offensive,Offensive_Untargetede
Trailer bangam youv shankar yepaya ni ippadi oru padam rajini vechi yeduka pora yepapar robo gobo ni poya,Offensive_Untargetede,Offensive_Targeted_Insult_Individual
Adei dhaadi vacha aala paatha anbumani ramadoss maathri iruke,Not_offensive,Offensive_Untargetede
கமண்ட்ல கூட சாதி கூதி னு வாழ்த்து சொல்ல வந்துதானுங்க..,Offensive_Targeted_Insult_Group,Not_offensive
மானங்கெட்டவங்களா! சாதிய ஒழிக்கலாம் ன்னு இங்க போராடிட்டு இருந்தா இந்த தேவடியாப்புள்ளிங்க வளக்குறதுலயே குறியா இருக்கானுங்க,Offensive_Targeted_Insult_Group,Not_offensive
121k like 92k views enna வெறித்தனம்,Offensive_Untargetede,Not_offensive
Hope it is not Rekka 2,Offensive_Targeted_Insult_Individual,Not_offensive
Nearing 4M views... semma allu for dhukka deepavali fans...,Offensive_Targeted_Insult_Group,Not_offensive
Daii Suriya ku heroine enga daw???,Offensive_Targeted_Insult_Other,Offensive_Targeted_Insult_Individual
Arjun sir and sk padam yeppadi irukkum,Offensive_Targeted_Insult_Other,Not_offensive
Kennedy club - Aan adakkanum song ah appadiye bgm Ku use Panna Maari irukku,Not_offensive,Offensive_Targeted_Insult_Individual
THALAPATHY KU NERAYA SIRIKIRAN 🤣 THALA KI KAMMI AH SIRIKIRAN 🤣 ADHA YAARU KAVANISHINGA,Offensive_Targeted_Insult_Group,not-Tamil
இப்போதான் அங்க ஒருத்தன் குத்துது குண்டி எரியுதுன்னு சொல்லிட்டு வருவான்,Offensive_Targeted_Insult_Individual,Offensive_Targeted_Insult_Group
Hip hop tamizhakku disease varathu because Vaai vittu sirithal noi vittu povum,Offensive_Targeted_Insult_Individual,Not_offensive
Na oru thalaivar veriyan...intha padam pakanum innu nenaichen...ahna trailer pathuttu mudivu pannitten..kandippa padam pakka matten.,Offensive_Targeted_Insult_Group,Not_offensive
thalaiva unaku epadhan vayasu agum?,Offensive_Targeted_Insult_Individual,Not_offensive
Surya annan vijay annante pillerdu vijayasamsakal...From kerala,not-Tamil,Not_offensive
ஒரு திருட்டு நாய்க்கு இந்த வீடியோ போட்டு காட்டுங்க...,Offensive_Targeted_Insult_Other,Offensive_Targeted_Insult_Group
Masss bigil enna etha parungka pa,Not_offensive,Offensive_Targeted_Insult_Individual
Kola verila erukan...ranjith mela...kolaama vidamaten avana...,Offensive_Targeted_Insult_Individual,Offensive_Untargetede
ethirile evan vanthalum eeri methichitt poyitte iruppe,Offensive_Untargetede,Not_offensive
நாடோடிகள் பார்ட் 1 போல இந்த படமும் ஹிட் அடிக்கிறது கஷ்டம் தான் பா sorry,Offensive_Targeted_Insult_Group,Not_offensive
Dislike பன்னுன அனைவரும் அடங்கமறு குருமா பாய்ஸ்தான் இருக்கனும் நெனெக்கிறேன்,Not_offensive,Offensive_Targeted_Insult_Group
Yeneke yennomo intha trailer kinemaster la edit panna mari irruke editor namba alla irrepare pola,Not_offensive,Offensive_Untargetede
okkkala oli... finishing la vara bgm... vayiru kalakirchu vera level,Offensive_Targeted_Insult_Group,Offensive_Untargetede
"entta ipti sathi sathinnu sinna vattathukulla adanchu irukinga, atha vittu veliya vanga da, adayalaththa thoranthu ella nattulayum poi valara mari irukanum",Not_offensive,Offensive_Targeted_Insult_Group
Ongammala kuttu va pundaila vadai sudurom,Offensive_Untargetede,Offensive_Targeted_Insult_Group
"Stupids.. Rajini 1996'le Sonnathu Vera. Aana Ippo Varaikkum Rajini'ye Target Panringee. Mr Jayam Ravi..Its Not Your Vijay. Its Rajini.Sonathe kandippa seivaru. Vijay mathiri Fans kitte Kaasu Vangikittu, taanam tarmam seiyarathu",Offensive_Targeted_Insult_Individual,Offensive_Targeted_Insult_Group
comali na coma VA da,Offensive_Targeted_Insult_Group,Offensive_Untargetede
4 dislike potta antha arrivali ga yaru,Not_offensive,Offensive_Untargetede
Enakku bgm pudikkala waste bgm old bgm,Offensive_Untargetede,Not_offensive
Last sounds looks like kathi tunnel out sound,Offensive_Targeted_Insult_Individual,Not_offensive
"Singam illa asingam, Marana mokka trailer",Offensive_Targeted_Insult_Group,Offensive_Untargetede
Ivaru periya jokeru ellathukum sirikiraru poda dei,Offensive_Untargetede,Offensive_Targeted_Insult_Individual
Adei AL Vijay. Thalaivaa padathukku unnaiyum Vijaiyaiyum vachi senjadhukku badhiladi kodukkara polarukku. Adhuvum andha Amma sethadhuku apuram.,Offensive_Targeted_Insult_Group,Not_offensive
Sanda pootu saaganum... Sema ending,Offensive_Untargetede,Not_offensive
Intha comment section la type pannuna anaivarum avanga jaathi ponna thavira Vera yaarayum sight kooda adika maatanga. Apdi sight adicha Avan oru aambala thevidiyaa,Offensive_Targeted_Insult_Group,Not_offensive
எங்க வீட்டு பெண்கள் தான் எங்களுடைய கௌரவம். என் வீட்டு பெண்ணை தொட்டா கண்டிப்பாக வெட்டுவேன். ஒடுக்கப்பட்ட சமூகம் என்ற போர்வைக்குள் அவர்கள் செய்யும் அநியாயங்களை தட்டிக்கேட்கும் இந்தத் திரைப்படம். தஞ்சை - கள்ளர் மறவர் அகமுடையார் ஆகிய முக்குலத்தோர் சார்பாக இத்திரைப்படம் வெற்றி பெற வாழ்த்துகிறேன். பசும்பொன் முத்துராமலிங்கத் தேவர் தெய்வமாக துணை நிற்பார் வாழ்த்துக்கள்,Offensive_Targeted_Insult_Group,Not_offensive
Ithokke dislike adikkan vendi kure myrukal,Offensive_Targeted_Insult_Other,Offensive_Untargetede
Indh domer eniki kathuratha nipatrano aniki dha urupaduvan!!!chaiii,Offensive_Untargetede,Offensive_Targeted_Insult_Individual
Tamil mindunna oru PM. Ayale kakkan varuna oru Tamil MIndunna black cat. Villain Mar okke Tamil MIndunnu. First half avar hero ine adikkunu. Second Half hero thirichadikunu. 5 fight. 4 paatu. OK padam.,Offensive_Targeted_Insult_Group,Not_offensive
இந்த டிரைலருக்கு வாழ்த்து சொல்லும் எல்லோரும் தவறான வழியில் பிறந்தவர்கள் என்று சொன்னால் அது மிகையாகாது...,Offensive_Targeted_Insult_Group,Not_offensive
indha padathukaprom aadhi sirikradhu na ena ney marandhruvar,Offensive_Targeted_Insult_Individual,Not_offensive
Lalettan Surya Lalettan fans Surya fans undengil like,not-Tamil,Not_offensive
Akshay kumar 1st dialog olunga kekala... Ennadu paah adu??? Cell phone vechu irruka ovovruthanu...???,Offensive_Untargetede,Offensive_Targeted_Insult_Individual
Wow. Ithu 96 yaara yamatha paakkura,Offensive_Untargetede,Not_offensive
"அம்மனம் பெண்ணுக்கு மட்டும் தான் அசிங்கமா???உணக்கு இல்லையான்னு அந்த ஈனப் பிறவியை அம்மணமா கட்டிப்போட்டு உதைச்சிகிட்டே வசனம் பேசியதை, நேற்று நாள் முழுக்க கேட்டுக்கொண்டே இருந்தேன்.. சுமார் 300 முறைக்கு மேல் இருக்கும்",Not_offensive,Offensive_Targeted_Insult_Group
ரஞ்சித் & மாரி செல்வராஜ் = மோகன் நீ வா அண்ணா நாகா இருக்கும் ( dai மாரி செல்வராஜ் & ரஞ்சித் உங்களுக்கு serupu அடி,Offensive_Targeted_Insult_Group,Not_offensive
varlan varlan va bairavaa... dhala fans enga aalaiyee kaanam...,Offensive_Targeted_Insult_Group,Offensive_Targeted_Insult_Individual
Lowest investment then biggest Money earning offer Any one intrested msg me on whatsapp 7448660012 மிக குறைந்த முதலிடு மிக அதிகமான வருமாணம் விருப்பம் உள்ளவர்கள் தொடர்பு கொள்ள வேண்டிய Whatsapp எண்: 7448660012 நிங்கள் தரும் பணத்திற்கு Na Guarenty,Offensive_Targeted_Insult_Group,Not_offensive
Surya fan ek like to bantahai,Not_offensive,not-Tamil
Nadikrathukunu vanthta nadikanum...enniya ithu... old thala,Offensive_Targeted_Insult_Individual,Not_offensive
Finally Kangana Assassinated Jayalalitha,Offensive_Targeted_Insult_Individual,Not_offensive
Rangaraj pande ipodhan theridhu neenga en thandhi tv la irundhu vandhinga,Offensive_Targeted_Insult_Individual,Not_offensive
Eppadithan super hero aakanum endu kadaisila kaanama peithiduvanga.,Offensive_Untargetede,Not_offensive
Tharamana serupadi iruku silla naaygaluku sema,Offensive_Targeted_Insult_Other,Not_offensive
ஹிட் ஆன படத்த பார்த்து ஃபலாப் ஆக போர படம் சிரிக்கக் கூடாது.,Offensive_Targeted_Insult_Group,Not_offensive
50 k views 88 k likes epdiya,Offensive_Untargetede,Not_offensive
Ada pavingala nega ninaikura maari ithu caste ah perumaiya pesura padam ila da...padam patha than ungaluku puriyum...athukulaa cmt alluthu ponga..,Not_offensive,Offensive_Targeted_Insult_Group
Kichadi padhiri ella English padathaiyum mix panni irrukkan shankar. Vera level pavam,Offensive_Targeted_Insult_Individual,Not_offensive
yarelllam Bigil Paathutu Kaithi Pakka POvinga,Offensive_Targeted_Insult_Group,Offensive_Targeted_Insult_Individual
"Trailer... வேற லெவல்... பல நாடக காதலின் உண்மை முகத்தை தோலுரிக்கும் காவியம், பலருக்கு செருப்பை சாணியில் முக்கி அடிக்க காத்திருக்கிறது... First day first show Conform...",Offensive_Targeted_Insult_Group,Not_offensive
Unlike pannava ava amma Ellam item tha,Offensive_Targeted_Insult_Group,Offensive_Untargetede
Thalaiva.parunga epdi kindal pandranuganu...parthu panunga avlo than soluven,Offensive_Untargetede,Not_offensive
நான் யருங்காரத எப்பவுமே நான் முடிவு பண்றதில்லை. என் எதிர்ல நிக்கரவங்கதான் முடிவு பண்ணுவாங்க..,Offensive_Untargetede,Not_offensive
தேவன் நாயகன் கவுண்ட வன்னியன் னு நம்ம நீ பெரிய ஆலா நான் பெரிய ஆலா நமக்குள்ள எந்த ஒற்றுமை இல்லாமல் இருக்காரனால தான் டா கண்டவன் லாம் நம்ம விட்டு பொண்ணுங்க மூலமா நம்ம விட்டு குள்ள வரான்,Not_offensive,Offensive_Targeted_Insult_Group
Yaara seruppala adikkanum nu thonuthu Like---kaithi Comment-Bigil nu poduravanayaa illa Like---Bigil Comment---Kaithi nu poduravanayaa Like for 1 Comment for 2,Offensive_Targeted_Insult_Group,Not_offensive
Cell phone ah kaanoomaaaa appoooo Siva Kumar ah thaan keatkanum..oorela Iruka yellaa phoneayum veri thanama veattayaadraan yaaa🤣,Offensive_Untargetede,Not_offensive
Dislike panna eppadi dhN manasu varudho🤕🤕,Not_offensive,Offensive_Untargetede
Odra atha Odra atha Vera level bangam,Offensive_Targeted_Insult_Group,Not_offensive
Dei ipo ithu ena pana trending no 1 varum...,Not_offensive,Offensive_Untargetede
Adei indha ulagathula siripu dhan nallathunu nenacha...!! Ini siricha pocha,Not_offensive,Offensive_Untargetede
நாடககாதல் விசிக கும்பலுக்கும் தெருமாவளவன் போன்றவர்களுக்கு செருப்படி,Not_offensive,Offensive_Targeted_Insult_Group
Thirumavalava dai otha... nanga vanniyakula satriyan da.,Offensive_Targeted_Insult_Individual,Offensive_Untargetede
தரமான செருப்படி சில நாடக காதல் கூட்டத்திற்கு மென்மேலும் வளர வாழ்த்துக்கள்,Offensive_Targeted_Insult_Group,Not_offensive
Seriyana serupadi. Kutham panavam ninchu kuru kurunu irukum. Ponnuga life ha yamathi pala kudumbatha azijudu poravanku serupadi,Not_offensive,Offensive_Targeted_Insult_Individual
ஜாதி ஒழிக்க அடுத்தவன் வீட்டு பெண்னைக்கட்டனும் சொல்லுவான்...ஆனால் ஜாதியை ஒழிக்கனும் னா மொதல ஜாதி சான்றிதழ்யும் சலுகை ஒழிக்கனு சொல்லிப்பாரு வாய மூடிப்பான்... எல்லா சமூகத்திலும் ஏழைகள் இருக்கிறார்கள் சாதிப்பார்த்து சலுகை வழங்கக்கூடாது,Offensive_Targeted_Insult_Group,Not_offensive
Nan arasiayaluku varuvathu uruthi... Hey ithu 96 uu yara yamatha pakarenga,Offensive_Targeted_Insult_Other,Offensive_Untargetede
Evanda antha moonu peru dislike pannuthu... Kirukanungaal... Super story...,Offensive_Targeted_Insult_Group,Offensive_Untargetede
Saagarathaa iruththalum senda seinchi saaganum diwali ku,Offensive_Untargetede,Not_offensive
Pa.ranjith mathiri aluka avanukala pathi soona Purachiyama nama panna athu jathiveriyama intha padam theatre la odalana entha padamum odakutathu,Offensive_Targeted_Insult_Individual,Not_offensive
Only arjun sir & Ivana ga paka poran Nan,Offensive_Untargetede,Not_offensive
நான் அரசியலுக்கு வருவேன் 🤣🤣 இணுமா நீ வர,Offensive_Targeted_Insult_Individual,Offensive_Targeted_Insult_Group
KEKKA BEKKA SHORT FILM...KATHAI ROMBA PALASU,Offensive_Targeted_Insult_Group,Not_offensive
Ada Enna ma nee...KK na Kadaram Kondan...ithu kooda theriyatha,Not_offensive,Offensive_Untargetede
likuu varanummm athu enkalukku mattumthan varanumm.. eppa sollunga nanga nallvangala kettavangala..,Offensive_Targeted_Insult_Individual,Not_offensive
мaѕѕ waιтιng ғor ԹҽԵԵɑ,Not_offensive,not-Tamil
Ennda Kathara Kathu Goi nguthu la Speaker ehh theva illada samy,Offensive_Targeted_Insult_Individual,Offensive_Untargetede
Ada paavingala first part la vandha tata sumo car ah Innum ah da maintain pandrenga!!!,Offensive_Targeted_Insult_Group,Offensive_Untargetede
Ada paavingala keka baka keka baka movie scenes da 1st scene aaaa,Offensive_Targeted_Insult_Group,Offensive_Untargetede
Nobody can equal Surya even kamal,Offensive_Targeted_Insult_Individual,Not_offensive
verithanam da..yevan vandhalum vettayadum singam da..,Offensive_Untargetede,Not_offensive
"Sathiyama ithu ajith pada trailer ah...Kevalama iruku vera level la yethirpathen,,,, disappointing",Offensive_Targeted_Insult_Individual,Not_offensive
Adichi oda da atha oda da atha oda da atha oda da atha oda da atha oda da atha oda da atha 🤣🤣,Not_offensive,Offensive_Targeted_Insult_Group
Sir nenga Enna than try pannalum Eli yaanai aagathu,Offensive_Targeted_Insult_Individual,Not_offensive
ரஜினிகாந்த் அவர்கள் நல்ல வாழ்ந்து கெட்ட ஜமீந்தார் போல் வர்றவன் போறவன் எல்லாம் மண்டையில் கொட்றான். அரசியல இது எல்லாம் சாதாரண விஷயமப்பா...,Offensive_Targeted_Insult_Individual,Offensive_Targeted_Insult_Group
Rangaraj Pandey: kelviki Enna badil... Ajith: therikavidalamaaaaa!,Not_offensive,Offensive_Targeted_Insult_Individual
Ad la vara mei trailer super... Surya ku arasiyal padam set avalaiyee boss mokkaya eruku...,Offensive_Targeted_Insult_Individual,Offensive_Targeted_Insult_Group
Mudila daa ennala siripu adakama iruka mudila daa,Offensive_Untargetede,Offensive_Targeted_Insult_Individual
"டேய் ஒண்ட ரெண்டு வாழை பழம் கேட்டேன் ஒன்னு இங்கருக்கு இன்னொன்னு எங்கருக்கு,, எனக்குத்தான் புறிலையா இல்லை உங்களுக்கு மா",Offensive_Untargetede,Offensive_Targeted_Insult_Group
"views 27,likes 512, dislike 7 OMG fake world",Offensive_Targeted_Insult_Group,Offensive_Untargetede
Dai... idhu “Kekka Bekka Kekka Bekka” short film odaiya copy da...,Offensive_Targeted_Insult_Group,Offensive_Untargetede
Nenga ippo tha sumo car aa parakka vitenga ana enga thalaivar eppavo parakka vittutaru #vishal da🤣🤣🤣,Offensive_Targeted_Insult_Group,Not_offensive
2:14 mission impossible scene suttutingale da...,Offensive_Untargetede,Not_offensive
ஓவியம் வரைறவன் தன் புள்ளய்க்கு என்ன சொல்லி தருவான் -ஓவியம் வரைய Correct எங்க அப்பா military டா கோலி விளையாடவா சொல்லி தருவான் #NGKTrailer வெறித்தம்...,Offensive_Targeted_Insult_Group,Not_offensive
Kettukanga Thala fans... oruthar mela katra visuvasathula matha vangala kevala paduthathinga,Offensive_Untargetede,Not_offensive
Ratsasan team kita irunthu ipdi oru padam ah,Offensive_Targeted_Insult_Group,Not_offensive
Nithya menon potruklaam get suit agalada,Not_offensive,Offensive_Untargetede
Mavamey kollama vidamate... ipo sweet sapaporom,Offensive_Untargetede,Not_offensive
Movie nalla comedy ya irukum pola... 🤣,Offensive_Targeted_Insult_Individual,Not_offensive
I did not ever seen a worst movie like this...,Offensive_Targeted_Insult_Group,Not_offensive
Ajith boss Veathalam for sister... Vivegam for wife... Visvasam for dauter #nerkonda paarvai PUBLIC ku,Offensive_Untargetede,Not_offensive
Ajith fans manam ketta jenmangandradhukku indha 3k dislikes oru best example,Offensive_Targeted_Insult_Group,Offensive_Untargetede
"ALWAYS KINGGG OF YOU TUBE,evanum mothanumnu nenachalum avanukku Manda bathirammm",Offensive_Untargetede,Not_offensive
rava rava rava anil rava birava,Offensive_Targeted_Insult_Individual,Not_offensive
Viswasam 22m aachu ivaru enana 20 m Ku mukkuraru,Offensive_Targeted_Insult_Individual,Not_offensive
Thalaiva....semma..unlike panravan ratham kakki savaan,Offensive_Untargetede,Not_offensive
comment la edha kora soldradhukuney varanunga chi graphics seri ila soldrengaley indha graphics panavandha dha pubg uruvaknavan quantumfx studios.,Offensive_Untargetede,Not_offensive
Simran enabha trishava katlum younga iruku. Wow,Offensive_Targeted_Insult_Individual,Not_offensive
Yanga thalivar padathala teejay iruka yaravathu kandupidecha commant panunga,Not_offensive,Offensive_Untargetede
nalla Vela twinkle twinkle little star nu rhymes edhuvum solla la,Offensive_Targeted_Insult_Individual,Not_offensive
"Adapaavihala,, asuran bgm apdiye pottu vachurukan 🤣🤣🤣",Offensive_Targeted_Insult_Other,Offensive_Untargetede
o rasik raja tomar valobasa,Not_offensive,not-Tamil
Aathiii trailer eh epdi na... padam epdiyo,Offensive_Untargetede,Not_offensive
ஹிப் ஹாப் BGM மரணமா இருக்கு,Offensive_Targeted_Insult_Individual,Not_offensive
தெலுங்கு கொல்ட்டி சமுத்திர கன்னி உன் நாயக்க சாதி வெறிய ஒழி.,Offensive_Targeted_Insult_Individual,Not_offensive
Vera level fight sequence la summa tharama irukkum pola,Offensive_Untargetede,Not_offensive
Trailer laam nalla than irruku... thalaivare... kaatru veliyadai or kadal madhiri irundhudhu... tension aayiduvan... suna pana...,Not_offensive,Offensive_Untargetede
I think kanithan story konjam varuthu anyway movie nalla vantha sari,Offensive_Targeted_Insult_Other,Not_offensive
This is fucking disgrace kolaya Enna da nyaya paduthringa jaadhi veri pidicha pundaigala..,Offensive_Targeted_Insult_Group,Offensive_Untargetede
Harris jayaraj ja yen daw music director ta potinga 🤦‍,Offensive_Targeted_Insult_Individual,Not_offensive
Audio oda music loud ah eruku,Offensive_Targeted_Insult_Group,Offensive_Untargetede
"Trailer nalla dhan iruku, theva illama en #BIGIL kooda clash-u.",Offensive_Targeted_Insult_Individual,Offensive_Untargetede
"Trailer pee punda madhiri irukku. Dei kelattu ajith naaye, nee lam edhukku da innu nadichu engala kolra. 100 k dislikes ku kola waiting",Offensive_Targeted_Insult_Individual,Offensive_Untargetede
"இப்ப தான் சாதி *தி னு வருவாங்க... மக்களுக்காக ஒரு பிரச்சன வரும் போது ஒரு நாயும் வர மாட்டாங்க... இந்த ஹைட்ரோகார்பன், விவசாயம் சார்ந்த போராட்டம் பண்ணும் போது லம் இந்த உயர் சாதி னு சொல்லிட்டு திரியுறவங்க எங்க போவங்களோ தெரியல... அங்க வந்து உங்க வீரத்த காட்டுனா நல்லா இருக்கும்...",Offensive_Targeted_Insult_Group,Not_offensive
Love u frm Pakistan surya bahi,not-Tamil,Not_offensive
Rajini look sema mass but trailer mass flop,Offensive_Untargetede,Offensive_Targeted_Insult_Individual
Ithe nadodigal 2 vaa yare emathirengge dei nenggelam nala varuvengge da,Offensive_Targeted_Insult_Group,Offensive_Untargetede
Sema Violence.. Naangale A certificate tharom... Seekarama release panunga..,Offensive_Untargetede,Not_offensive
Sagadikanum ponnugala emathi kootinu pora naigkaa 100 trailer sema,Offensive_Targeted_Insult_Group,Not_offensive
Oruthavanga mela visvasam katrathukaga inoruthavanga yen asinga paduthuringa,Offensive_Untargetede,Not_offensive
sotta paya nadicha padam peeta,Offensive_Untargetede,Not_offensive
Antha end paaaa sirikathavan yarum irukka matanga... Ithu 96 uh yara ematha pakuringa..,Not_offensive,Offensive_Untargetede
Motha padathayum trailer la pota... Padathla Ena da irkum?!,Offensive_Targeted_Insult_Group,Offensive_Untargetede
"தமிழ்நாட்டுல பறையன் தாழ்ந்தவன்...இந்தியாவில் தமிழன் தாழ்ந்தவன்...உலக அரங்கில் இந்தியன் தாழ்ந்தவன்... அவளோ தா bro... இப்படிக்கு, நீங்கள் கூறும் உயர் சமுகத்தை சேர்ந்த நான்... மேலும் என் சமூகம் என்னவென்று தெரிய வேண்டும் என்றால்?",Offensive_Targeted_Insult_Group,Not_offensive
Baatsha style la yae irukku paaa,Offensive_Targeted_Insult_Individual,Not_offensive
Pakkathana pore intha Kali oda aadathaaa,Offensive_Untargetede,Not_offensive
Was ist mit den verdammten YouTube Trends los?!?,Offensive_Targeted_Insult_Group,Not_offensive
Engada next Gopi / Varun 🧐,Not_offensive,Offensive_Untargetede
"Vazhaila Una Edhirta Kooda Nee thotthu Polam!!! Ana, ORU second kooda nee un Kita thotthu Poga koodadhu!!!",Not_offensive,Offensive_Targeted_Insult_Group
dai ajith kelatu naaye intha madri films nee panite vantha ommala kamal Hassan madri neeyum kaanama poiduva da,Offensive_Targeted_Insult_Individual,Offensive_Targeted_Insult_Group
Dislike podravanga Ena dashku video pakuringa,Offensive_Targeted_Insult_Other,Offensive_Untargetede
enna kandraavi da idhu thalapathy barathan vaazhgaaa,Offensive_Targeted_Insult_Individual,Not_offensive
வார்த்தைகள் ஆக பேசுன பிரச்சினைதீராது வாள் எடுத்த தா பிரச்சினை தீரும்,Offensive_Targeted_Insult_Group,Not_offensive
தேவடியா பசங்களா.. சாதி வெறிய வளத்துறீங்களாடா சுன்னிகளா,Offensive_Targeted_Insult_Other,Offensive_Targeted_Insult_Group
Bigil ku conform tough kudukum kandipah,Not_offensive,Offensive_Targeted_Insult_Individual
"Great vfx, ugly protaginist... Looks like a joke!",Offensive_Untargetede,Not_offensive
Ada deeeiiiii thalaivar eh vechi senjitangale Kadasila,Offensive_Targeted_Insult_Group,Offensive_Untargetede
Woww Rajini garu Rajiji fans hit like,not-Tamil,Not_offensive
Trailer la yae padatha paathutan da...dei,Not_offensive,Offensive_Untargetede
indha madhri classy style lam josappu nadikka inum 10 varusham aagum... and indha madhri trailer panradhe andha josappu ku kashtam,Offensive_Targeted_Insult_Individual,Not_offensive
கவுண்ட மூதியா இத பாக்க முடில கேவலமான படம் ச்சை த்தூ,Not_offensive,Offensive_Targeted_Insult_Group
Thala-Thalapathi.. scenes.. bhasha rajini laughing dubsmash! Reference illana tamil padamey illaya 🤔 Evalavu thaan story fight vandhalum.. nalla story irukura padamey varamatengudhey 🤔,Offensive_Untargetede,Not_offensive
Padam eppadiyo mayir mari than irukka povuthu..,Offensive_Targeted_Insult_Other,Not_offensive
Neenga enna mairu movie kooda direction pannikonga but youngrs ah keduthutathinga oorula ellarum aruva vachitu suthitu irukanga,Offensive_Untargetede,Offensive_Targeted_Insult_Group
பெண்களை காதலித்து ஏமாற்றுபவர்கள் அனைத்து சமூகத்திலும் இருக்கிறார்கள்...அந்த தண்மையை கொண்ட ஆண்களிடமிருந்து பெண்கள் தற்காத்து கொள்ளும் விழிப்புணர்வு கதையை படைக்களாம்...அல்லது அந்த மாதிரி கீழ் புத்தி உடைய மனிதன் தன்னை உணரும் விதமாக கதைக்களம் அமைக்களாம்...ஆனால் இது போன்ற காப்பாற்றுவது என்ற பெயரில் களவரம் தூண்டுவதும் ஒரு விதமான சாதிய அரசியல்தான்...மொத்தத்தில் அனைவரும் மனிதர்கள்தான் என்ற இயல்பான கருத்துடன் கதைகளம் இருக்க வேண்டும் அன்பே சிவம்,Offensive_Targeted_Insult_Group,Not_offensive
Dai Surya.. idhulam velaikke avadhu. Poi gautham Menon kitta surrender agidu..,Offensive_Targeted_Insult_Individual,Offensive_Untargetede
தல் நீ வா மஸு கொலை waiting தல டா வேரா எவன் டா thala daa vijay oruthan thaan wigamaati oora emathuran,Offensive_Targeted_Insult_Individual,Not_offensive
"Mass hero subject unaku set avathu kumaru, hayoo",Offensive_Targeted_Insult_Other,Offensive_Targeted_Insult_Individual
கேஸ் போடுரவங்களுக்கு ஒன்னு சொல்றேன் படத்தை படமா பாருங்கட.படத்தை பார்த்துட்டு கேஸ் போடுங்கடா முட்டா பசங்க மாரி டிரெய்லரை பார்த்துட்டு கேஸ் போடாதிங்கடா...,Not_offensive,Offensive_Targeted_Insult_Group
Not good film...zero is far better,Offensive_Untargetede,Not_offensive
Suthama suit ye aagala ya..yow... modhala padatha release pana vidrangala nu parunga...,Offensive_Targeted_Insult_Group,Not_offensive
Saavanumnu irunthaalum sanda pottu saavanum. Bayanthu Kaalla vizhunthu saava koodaathu,Offensive_Targeted_Insult_Other,Offensive_Untargetede
ஆண்ட பரம்பரை எல்லாம் பேசிட்டு இருக்கும் போது இந்த பள்ள பயக ஏன் நம்மட்ட கூட வந்து கத்துறானுவ..,Offensive_Targeted_Insult_Group,Not_offensive
poi antha maavu mandaiyana kootitu vaa,Offensive_Targeted_Insult_Individual,Not_offensive
Dis like adichavare. Athyam video kanne ennite dis like adikketaa,Not_offensive,Offensive_Untargetede
#Thalapathy64 kola mass ah irukka podhu #ThalapathyVijay #Lokesh,Offensive_Targeted_Insult_Other,Not_offensive
ஐயோ இவனா? இவன் கத்தி கத்திப் பேசியே ஆளைக் கொன்னுடுவானே?எல்லோரும் வேகமாக ஓடுங்கள்!ஒரு விசித்திரமான மிருகம் நம்மை நோக்கி வந்துகொண்டிருக்கிறது!,Offensive_Targeted_Insult_Individual,Offensive_Targeted_Insult_Group
Bgm comady irunthalum keke thunuthu funnya irukku,Not_offensive,Offensive_Untargetede
You kena tunggu lama lagi untuk tosaaaaaa,Not_offensive,not-Tamil
Dey enaku viswasam scene sirichathu kuda enaku siripu varala.. 1:22 scene ah paatha udane loudly ah sirichiten da..ennada pani vachirukeenga,Not_offensive,Offensive_Targeted_Insult_Group
10 varusham ula iruntha thana sir theriyum athuku munadi Ena panitu irunthanu theriyathula,Offensive_Untargetede,Not_offensive
vettu vonda Ena pinngal mela kaiyavachinga savu adichuduve,Offensive_Targeted_Insult_Group,Offensive_Untargetede
🤣🤣 ama ama suyama sintheenga da... Batman ah en da ipdi copy adikirenga,Offensive_Targeted_Insult_Individual,Offensive_Targeted_Insult_Group
She looks like a fat mannequin,Offensive_Targeted_Insult_Group,Not_offensive
Mokkaya erukku padam flop tha,Offensive_Untargetede,Offensive_Targeted_Insult_Group
ஜாதியாவது கூதியாவது சுன்னிகளா... போட்ட தேவுடியா பெருசுங்களா,Offensive_Targeted_Insult_Other,Offensive_Targeted_Insult_Group
96 ல ஆத வசனம் 2016 இல்,Offensive_Targeted_Insult_Group,Not_offensive
Semma semma asuraa namakku thevana namadhan aditchi vanganum,Offensive_Untargetede,Not_offensive
Enada panni madhri kootama ivalo Peru irukkinga Singam single a tha varum viswasam Ajith a varum,Offensive_Untargetede,Offensive_Targeted_Insult_Group
Sathiyama solera Dislike panrava manusaney kidaiyathuga,Not_offensive,Offensive_Untargetede
Oru kunda poddu ellarayum kondudanum. Ivanukal ellaam oru manusarukal. Tamil nadu aliyanum aandava,Offensive_Targeted_Insult_Group,Not_offensive
அருந்ததியர் சமூகம் சார்பாக இந்த திரைப்படத்தை காரி உமிழ்கிறோம்,Offensive_Targeted_Insult_Group,Not_offensive
pub g thumbnail nala iruku onum vitu vaikathinga,Offensive_Untargetede,Not_offensive
Enna Orea music ah iruku,Not_offensive,Offensive_Untargetede
2.3k dislikes maaha maanadu grps pola,not-Tamil,Offensive_Untargetede
Ennangada Amma va animation pani vechrkeenga,Offensive_Targeted_Insult_Group,Offensive_Untargetede
Ennangada thalaivi nu movie eduthutu...Amma ah katama Deepa ah katuringa...,Offensive_Targeted_Insult_Group,Offensive_Untargetede
After longtime #Mani# sir movie getting more likes than dislikes 🤣,Not_offensive,Offensive_Untargetede
1.30 ragul preethi kooda sanda poduraru surya Annan,Offensive_Targeted_Insult_Other,Not_offensive
Sambavam polichu pakshe kathiyude bgm kurachoode maatti cheyyarunnu,Offensive_Untargetede,not-Tamil
thala fans poramaila solladhinga... unmailiye nalla illanu manasa thottu sollungada paapom.. thalapathy rocks daa...,Offensive_Targeted_Insult_Group,Not_offensive
kangana best yaar kiya look same to same,Not_offensive,not-Tamil
Mr.vandu kort la ipdilaam kaththa kudathu,Offensive_Targeted_Insult_Individual,Not_offensive
thala ni oru mundham un padam dhandom,Offensive_Targeted_Insult_Individual,Not_offensive
இளவரசன் மூலம் அரசியல் ஆதாயம் தேடிய நாய்களுக்கு நல்ல செருப்படி,Not_offensive,Offensive_Targeted_Insult_Group
Final touch sema Bangam da dei,Offensive_Untargetede,Not_offensive
Hindi movie a sarukhan nadicha padam apidiyea erukku,Offensive_Targeted_Insult_Individual,Not_offensive
21 k dislike sc thevudiyaa pasanga,Offensive_Targeted_Insult_Group,Offensive_Untargetede
Naan oru vela vjs acting ku addict aayittena... 🤔,Not_offensive,Offensive_Untargetede
படம் பேரு NGK ஆணா எனக்கு கனத NTK யோட மாதிரி தெரியுது. புரியல நாம் தமிழர் கட்சி,Offensive_Targeted_Insult_Group,Not_offensive
BGM Nerkonda Paarvai Madhiri eh iruke,Offensive_Targeted_Insult_Individual,Not_offensive
Yaarelam Adichithoooku ku aprm inga vandhurukinga,Offensive_Untargetede,Not_offensive
PS MITHRAN IS BETTER THAN SUJEETH,Offensive_Targeted_Insult_Individual,Not_offensive
"ipom comentla pathi peru sk,u1,arjun,sakthimanetc..fans like pana solvanga.yanda.",Offensive_Targeted_Insult_Group,Not_offensive
மனிரத்னம் படமா எப்படியும் 100'ல 99 மொக்கையா தான் இருக்கும் இது எப்படி இருக்குனு பாப்போம்,Offensive_Targeted_Insult_Individual,Not_offensive
You are very smart surya kua kmal dikhaya apna,not-Tamil,Not_offensive
BIGIL WILL EAT KAITHIMARK MY WORDS,Offensive_Targeted_Insult_Individual,Not_offensive
"Ita theme 5 varsham munb prithviraj sir chayyunna vidhathil njan vijarichatann,but kadha aaka ketath njanum Anta friendsum matram aarod parayanam Ann ariyatond aarondum paranjilla,IPO ith kandapol orupad Santhoshamayi,hatsoff guys",not-Tamil,Not_offensive
Andha 4.2k dislikes rajini pans 🤣,Offensive_Targeted_Insult_Group,Offensive_Untargetede
5th stranded papa va.. Paliyalpalathkaram kumpala pannuvam Baba...,Offensive_Targeted_Insult_Group,Not_offensive
4k potta amai kunchus spotted so far...,Offensive_Targeted_Insult_Group,Offensive_Untargetede
திருமா இனி மேல் நீ குருமா,Offensive_Targeted_Insult_Individual,Not_offensive
Bigil ku yevlo wait panramo athe alavuku kaithiku waiting,Offensive_Targeted_Insult_Individual,Not_offensive
"இயற்கையாவே உற்பத்தி ஆகற நதிய தனக்கு மட்டுந்தானு சொந்தம் கொண்டாட்ற உரிமைய யாருங்க Remember hydrocarbon, methane issue",Offensive_Targeted_Insult_Group,Not_offensive
"Onnu Mattu Theridhu...kooda yevan Release pannalu,Maanam poidum pathukonga.🤣🤣 He is bak.",Offensive_Untargetede,Offensive_Targeted_Insult_Individual
Padiputhaan miga serantha ayuthum. Matra Ayuthathai naam pudikavendum. Aanal kalvi enum ayutham nammai yenthi pudikum.,Offensive_Untargetede,Not_offensive
Siripu Prechana Sirichu Muchina Aluga Mudila Sirichuten 🤣🤣🤣,Not_offensive,Offensive_Untargetede
ஒரே மண்ல பிறக்குறோம் ஒரே மொழி பேசுறோம். நண்பர்களே போதும்.. காற்றில் விஷம் பரவுகிறது... அக்கறையுடன் தமிழன்.. உடனே நீ அந்த குருப் இந்த குருப் னு வராதீங்க...அக்கினி குஞ்சொன்று கண்டேன்,Not_offensive,Offensive_Targeted_Insult_Group
1:56 in seeman thombiga yealarum paruga da!,Offensive_Targeted_Insult_Individual,Not_offensive
Unaku padam ma eduka theriyatha.. ithu la bio pic variya aa.. kastham da samy...,Offensive_Targeted_Insult_Individual,Offensive_Untargetede
எங்களின் இத்தனை நாள் ஆதங்கத்தை இந்த படம் தீர்க்க போகிறது என்று நினைக்குறேன் Trailor ஐ பாக்கும் போது போலி போராளிகளுக்கு செருப்பை சாணியில் முக்கி வாயில் கவ்வ குடுத்து அடித்த மாதிரி இருந்துச்சு,Not_offensive,Offensive_Targeted_Insult_Group
Diwali ku sambavam unduu...#kaithi marana waiting,Offensive_Untargetede,Not_offensive
Who gave dislike is ajith fan,Not_offensive,Offensive_Untargetede
padam mokkaiya aga pothu nu nallavea theriyuthu,Offensive_Targeted_Insult_Individual,Offensive_Untargetede
She looks like a dall..,Offensive_Targeted_Insult_Individual,Not_offensive
Suriya lalettan combo polikkum kerala suriya and lalettan fans adi like,Not_offensive,not-Tamil
sathima solra adicha underware odda vitarava,Offensive_Untargetede,Offensive_Targeted_Insult_Individual
"Arya want to marry again, 0:50 @",Offensive_Targeted_Insult_Individual,Not_offensive
Cast vendaom..hana nenga mathi mathi sanda poduringa ungala karthar mannika mattar.yallarum mannipu kelunga eyasappa kitta,Not_offensive,Offensive_Targeted_Insult_Individual
இந்த பொள்ளாச்சி பாலியல் வழக்கையும் ஒருக் கை பாத்துடுங்க திரெளகூதி,Offensive_Targeted_Insult_Group,Not_offensive
மட்டை ஊறுகாய் அனுபவம் உள்ளவர்கள் யாராவது இருக்கிங்களா,Not_offensive,Offensive_Targeted_Insult_Group
En nan suriya fan thana en yarum ennoda comment ku matum like poda matringa,Offensive_Targeted_Insult_Other,Offensive_Untargetede
Kandippa padam out super steryea comment... podanga,Offensive_Targeted_Insult_Group,Not_offensive
GVP killedd the bgmmwathaaa kolaaa masss bgmmm,Offensive_Untargetede,Not_offensive
Vijay ah seruppala adicha inimey padamey edukka mattan🤨🤨🤨🤨🤨🤨,Offensive_Targeted_Insult_Individual,Not_offensive
Adae musican joker patha psycoRatscan nayabgam varum mysskin,Offensive_Targeted_Insult_Group,Not_offensive
One more flop for Shankar,Offensive_Targeted_Insult_Individual,Offensive_Targeted_Insult_Group
0:36 hei idhu ve meedhi kaasu thaanda,Offensive_Untargetede,Not_offensive
Naidu ponnai katuvan rediar ponnai katuvan enru sollamattan tamil sathi pengalaithan solvan,Not_offensive,Offensive_Targeted_Insult_Individual
Pakarathuku Chinna paiyan maathiriya??? poi sonnalum oru nayam venamada!!!,Offensive_Untargetede,Not_offensive
"Apocalypto maari tribes pathi padam pola, such a barbarian mindset.",Offensive_Targeted_Insult_Group,Not_offensive
Indha ViGay pans Naaiga irukaanugale...smh.. Loosu Koomuttaiga.. Oru Elavum theriyaama 'theri baby'nu thiriyudhunga karumangal,Offensive_Targeted_Insult_Group,Not_offensive
ஐயோ முடியல சிரிச்சி சிரிச்சி வயிறு வலிக்குது,Not_offensive,Offensive_Targeted_Insult_Group
Dei nadhari pasikuthu na ipdi dha kathuviya??kaadhu valikuthu da kulla,Offensive_Targeted_Insult_Individual,Offensive_Targeted_Insult_Group
Love you Rajni sir and akki paji,not-Tamil,Not_offensive
Kishor kumar 24 hit endu sonna sireppanga tamil naddula but telegu hit irukkallam,Offensive_Targeted_Insult_Other,Not_offensive
Hitler ivaluv iruthan na...enna da dialogue aluthuringa samathamai illama...hitler 6 adi irupan da... height an weight ah...apahhhhh..,Not_offensive,Offensive_Targeted_Insult_Group
Movie Miru Mari irukum...pathala therithu🤣 manga mandingilla🤣🤣,Offensive_Targeted_Insult_Group,Not_offensive
Mavanay unnoda flim vodadhu eludhi vatchuko continue unnga flim flop tha agitu irruku idhuvum vodadhu...enga thalvara seendu parthita..hello mobile ringtone vatchu comedy pandringa,Offensive_Untargetede,Offensive_Targeted_Insult_Group
Padam full ah iruttah irukkum polaye,Offensive_Untargetede,Not_offensive
Trailer pakara apo kanithan movie feel varudhu,Offensive_Targeted_Insult_Individual,Not_offensive
Suyama yosikkiravan super hero va appuram yenda krish kick 2 velayutuam ithalam kalanthu adicha maathiri irukku,Offensive_Targeted_Insult_Individual,Not_offensive
Entha padathuku hero Arjun na illa sk va ( trailer la full a Arjun than hero role matiri iruku),Offensive_Targeted_Insult_Individual,Not_offensive
Ena da pani vachuriknga sathyama Siva ku edhala suit agathu da.. Arjun sir always rocks..,Offensive_Targeted_Insult_Individual,Not_offensive
Thala and Thalabathi avanga fans ku solla asapadradhu ithu thaan.. Piurinjukonga da deiii. 1:55,Not_offensive,Offensive_Untargetede
Oru rekshem illa pwli mass... Suryaa annnaaaa,not-Tamil,Not_offensive
Poradurathu thappunna..poradura sulunalaye uruvaakuradum thappu daane,Offensive_Targeted_Insult_Group,Offensive_Untargetede
Tamilnadum Aalanum cinema Aalanuma Nalla varuvinga daa,Offensive_Untargetede,Not_offensive
அரசியல் ஜாதி இல்லையா ஸ்கூல்ல ஜாதி இல்லையா அரசியல் சாசன தல இருந்து சாதியோடு தமிழ் நாட்டில் ஜாதி இல்லாம போகும் மண்ணும் பொன்னும் ஒன்னு தான் கைவைத்தால் வெட்டு,Offensive_Targeted_Insult_Group,Not_offensive
Vijay sethpathi intha padathula irukanala onnum sollala poi tholinkada pem...,Offensive_Targeted_Insult_Individual,Not_offensive
உலகம் அழியுது இல்லையோ ஆனால் சாதியால் தமிழ்நாடு அழிந்துவிடும் நடிகர் கருணாஸ் நீ வர வர ரொம்ப காமெடி பண்ற டா,Offensive_Targeted_Insult_Individual,Not_offensive
Indha character Ku Nithya Menon dha select pananga yen Kangana mathitanga... Suite agala...,Offensive_Targeted_Insult_Group,Not_offensive
ivaru(raja) mattum musicla beethovan patta podalam...matthavaga potta aanmaiyatravarhal...ennada niyayam,Offensive_Targeted_Insult_Individual,Offensive_Untargetede
Kizha irukura comment pathale payama iruku evalavu jadhi veri pudicha naigal iruka,Offensive_Targeted_Insult_Group,Not_offensive
Congrats Anna kuruma group ku seruppati,Offensive_Targeted_Insult_Group,Not_offensive
டேய் இது 96... யார ஏமாத்துறீங்க. ROFL,Offensive_Untargetede,Not_offensive
bgm mass a iruku hair than konjam loose a iruku lol,Not_offensive,Offensive_Untargetede
"படம் வெற்றி பெற வாழ்த்துக்கள்,குருமா குப்பலுக்கு குருமாவால் சொல்லப்படும் மறைமுக செய்தியே இந்த நாடக காதல்,",Offensive_Targeted_Insult_Group,Not_offensive
Aishwarya Rajesh kaadlla malai thaan...vada Chennai - kana - bothai kothai - ippo ithu...,Offensive_Targeted_Insult_Individual,Not_offensive
நீங்க இசைத்தால் போதும்.இளிக்க வேண்டாம்.பாக்கவும் முடியல.கேட்கவும் முடியல.,Offensive_Targeted_Insult_Individual,Not_offensive
Thalapathy maass ah BAIRAVAA teaser vidraru.. charming surya super ah S3 teaser vidraru.. but angutu oru naye inum 1year ah 1st look kuda vidama airport la photoshoot nadathitu iruka.. idhula andha naye fans inga echa thanama sanda mooti vidranunga..,Offensive_Targeted_Insult_Other,Offensive_Targeted_Insult_Group
Nkp and viswasam trailer pathutu yaru ida paka vanduruka,Offensive_Targeted_Insult_Group,Not_offensive
15k dislike..ungalailam enna solli thitturadhunu theriyalaya...vimarsanam varaverka padukirathu..,Offensive_Targeted_Insult_Group,Offensive_Untargetede
Sarkar movie evlo paravailla NGK neenga sootha modittu kilambunga🤣 Mairu trailer,Offensive_Targeted_Insult_Group,Not_offensive
Pink movie trailer 2 years 13million. But neerkonde paarvai 1months 13million,Offensive_Targeted_Insult_Individual,Not_offensive
Surya Annaya Meeku Yamudu Lanti Cinemale Correct,not-Tamil,Not_offensive
"rajini arasiyal vareenu sonna dhu dec31,2017 avara troll panra alavuku inga evanum peria pudingi ila jayamravi kitta idha expect panla naanu",Offensive_Targeted_Insult_Group,Offensive_Targeted_Insult_Individual
Pyangram.. Santhosh narayanan Sir ah use pannirukkalam,Offensive_Untargetede,Not_offensive
மரண மாஸ் செல்வா நா சும்மாவா,Offensive_Targeted_Insult_Individual,Not_offensive
Yaaru movie parthu trailer parkka vandhinga,Offensive_Targeted_Insult_Other,Not_offensive
sethanda kuruma. avanuku support pannum sudalai um olikanum,Offensive_Targeted_Insult_Individual,Not_offensive
Rithika vida vaani than azhaga irukanga,Offensive_Targeted_Insult_Individual,Not_offensive
Oruthar mella viswasam katrathukaga inoruthangala yen asinga paduthuringa,Not_offensive,Offensive_Untargetede
"340,967 views...ya allah, ya allah...",Offensive_Untargetede,Not_offensive
2019 this year Surya Anna karthi thambi fans year daaaaa i love you 2 thalivar gala mass hero,Offensive_Targeted_Insult_Other,Not_offensive
Entha padam velangathu da nasama poidum da,Offensive_Targeted_Insult_Individual,Offensive_Untargetede
parunga worst behavior of rajini Nambikai dharogi Like pannuga share pannuga subscribe pannuga Marakama Bell button click pannuga,Offensive_Targeted_Insult_Individual,Not_offensive
"thu, santhanam velaiku aguthuya ipdiye pochunna",Offensive_Targeted_Insult_Individual,Not_offensive
Intha teaser ra dislike panravan thanda unmaiyana anti indian solla pona tn la irukka mutta viruses,Offensive_Targeted_Insult_Other,Offensive_Untargetede
Dei yeppudi paththalum ithu PINK remake dhane,Offensive_Targeted_Insult_Individual,Offensive_Untargetede
Story looks weak... In it... Hoping movie would be good,Offensive_Untargetede,Not_offensive
apahal vid ni trending nombor 1 babi,Not_offensive,not-Tamil
Modhala dhuruva natchathiram udunga da dei,Not_offensive,Offensive_Untargetede
"எப்பா ஆண்டைகளா???. என்னவோ திரௌபதி முதலில் கர்ணனை தான் விரும்பினாளாம், அதன் பின் அவன் சூத்திரன் என்று தெரிந்து கொண்ட பின் அர்ஜுனனை விரும்பியதாகவும் சொல்கிறார்கள். அதனால் தான் நாடக காதலை பற்றிய படத்துக்கு அவர் பெயர் வைத்ததாகவும் சொல்கிறார்கள்.. உண்மையா பா???",Offensive_Targeted_Insult_Group,Not_offensive
Thoo kelatqpaiya naaye ka pecha para thoo,Not_offensive,not-Tamil
Innaiki than Padam pathen semma jayam Ravi semma acting but mass hero Padam yen intha feelings kodukkula???,Offensive_Targeted_Insult_Group,Not_offensive
End dialogue serupadi to Dislike guys 🤣,Not_offensive,Offensive_Untargetede
"Ennoda like mattum epo vara vilave matenguthu, en nu therila, anyone reason therinja sollunga",Offensive_Untargetede,Not_offensive
Vanibojan. Rithika Singh now days alagula kollurale,Offensive_Targeted_Insult_Group,not-Tamil
சென்னை அமெரிக்கா மாறி ஆயிடுச்சி டா அமெரிக்கா இப்போ எப்டி இருக்கு தெரியுமா..,Offensive_Targeted_Insult_Group,Not_offensive
Dei Paa.Ranjith paarudaa ithai. Ithu than naanga xpect panura Rajini... 90s kids' Rajini... Hatts off kaa.supuraaj...,Not_offensive,Offensive_Targeted_Insult_Group
Indha padathuku nadodigalku ena sammandhamnu nadodigal2 nu vachurkangapart1 natpukana padam idhu jeikradhu kastamdha,Offensive_Targeted_Insult_Group,Not_offensive
chinna pulla thanamaala irukku graphics! XD XD,Offensive_Untargetede,Not_offensive
Entha padathuku wait panuratha vida blue satai maran reviewku than wait panuran,Offensive_Targeted_Insult_Individual,Not_offensive
Neariya neraiya neraiya... Amah mudi rombha dhan nerachurukku,Offensive_Untargetede,Not_offensive
Eppa paththalum jadhi thann. Vera edhathu.. sollunga da,Offensive_Targeted_Insult_Group,Not_offensive
Racha rambola tala luv u from hyd,not-Tamil,Not_offensive
0.43 intha mathiri superah create pannirukkinga da dei,Not_offensive,Offensive_Untargetede
Mokkaa graphics idhukaa da evlo nall waitinguu,Offensive_Untargetede,Not_offensive
Evlo periya actor Rajini sir. Arasiyaluk mattum varaama irundha semmaya irundhrukkum...,Offensive_Targeted_Insult_Individual,Not_offensive
Thrillarukalkk panjamillaatha Tamil cinemayil mattoru adaar itathin vendi katta waiting... A katta Tamil film fan from Kerala...,Offensive_Untargetede,Not_offensive
illayaraja musical nu pottitu Beethovan music use panna eppadi,Offensive_Targeted_Insult_Individual,Offensive_Untargetede
Daiii 7.1 million poodadhu da.. share more... 70 million aganoo,Not_offensive,Offensive_Untargetede
Thalaiku viswasam katrathunala thalapathy ah yen asinga paduthuringa.,Offensive_Targeted_Insult_Individual,Not_offensive
Ellarum Equal intha world la!! Yan Neega lam eppadi Nagarigam Arivu kuda illame irukiga nu theriyala!,Offensive_Targeted_Insult_Group,Not_offensive
Last 2 dialogues bigil ku vecha mathri oru feel...,Offensive_Targeted_Insult_Individual,Not_offensive
Kevalathin Uchakattam.Screen Play Padu Mosama Irukum,Offensive_Targeted_Insult_Group,Not_offensive
Panam eruntha enna vena panuvinga la da dei,Offensive_Targeted_Insult_Group,Offensive_Untargetede
#VijayFans: Who are you? Nee yaaru​? #AjithFans: Naan yaaru ennurudha eppavume naan mudivupanuruthilla... En edhurula nigakaravanga thaan mudivupanuvanga... Naan avangalluku naanban-ah illa ethiri-ah...,Offensive_Targeted_Insult_Individual,Not_offensive
Trailer paathu sirichavanga matum like podunga,Offensive_Untargetede,Not_offensive
Padam ver level ajithkumar suma therika vidu irukurar only tamil padikadu peopeluku ipadi padam vilankathu!!,Offensive_Targeted_Insult_Group,Not_offensive
Ithuvum kadaikutty Singham Mari jathi padama?🤔,Offensive_Targeted_Insult_Other,Not_offensive
yavanachum trailer paarthi yeppudi irukunu comment pandrangala... like kaithi comment bigil... pottudu irukanuga...,Offensive_Targeted_Insult_Other,Offensive_Untargetede
potrukadhu wig idhula periyaa scene vera wigmandayan vigay,Offensive_Targeted_Insult_Individual,Not_offensive
Ellam ok nalla than irukku...aana ippe bigil kitte modhi thevai illame nalla padathe flop aakke porange,Offensive_Targeted_Insult_Individual,Offensive_Targeted_Insult_Group
Kolai konda parvai thala thaladan,Offensive_Untargetede,Not_offensive
படம் வெற்றி அடைந்து நாடக காதல் நாய்கள் அழிந்த போக வாழ்த்துக்கள்...,Offensive_Targeted_Insult_Group,Not_offensive
Meanwhile Sivakumar to Akshay Kumar: en inam ada nee,Offensive_Untargetede,Not_offensive
jithu jilladi mitta killadi...ulaga theri local song ahh... mairu song... dei vijay fans... puli eh paessi paessi kedutha madiri ithaiyum olichu kattirunga...thuuuuu,Offensive_Untargetede,Offensive_Targeted_Insult_Group
I can't wait Thalaivaaa. Naalaikku naal hype yerudhey. BP yerudhey.,Offensive_Targeted_Insult_Other,Not_offensive
திரவுபதி சமூக படம் என்றால் எதற்கு சாதி பெயரை பதிவு செய்து YouTube comments section la கதறுகிறாய். சமூக படம் என்றால் அனைவருக்கும் சமம் தானே. பிறகு ஏன் சாதி பெயரை வைத்து கூவுகிறாய். பரியேரும் பெருமாள் trailer comment section la யாரும் சாதி பெயர் செல்லி கதரியது இல்லை.,Offensive_Targeted_Insult_Other,Not_offensive
2nd fastest 100k likes next to rajini...DOLA FANs seruppadiiiiiiiii,Offensive_Targeted_Insult_Group,Not_offensive
Otha endha madhiri padam molimavadhu jathy veriya thundravanuku serupadiya irrukatum,Offensive_Untargetede,Offensive_Targeted_Insult_Individual
Kavalan vs siratheai This diwali kaithi vs bigil,Offensive_Targeted_Insult_Group,Offensive_Targeted_Insult_Individual
Ranjith sunnia vetti ooda vittuvom.. aprom ooka poolu ilama poidum,Offensive_Targeted_Insult_Individual,Offensive_Untargetede
Nelam irundha eduthuppanunga..! Kaasu irundha pudingippanunga..! Padippa maattu...!!!,Offensive_Untargetede,Not_offensive
Thala theri bgm than DA unna kappatha poguthu.. Kela badu,Offensive_Targeted_Insult_Individual,Not_offensive
Thalaivar name ah thavara use panni promotion panra komalis correct ah dhan name vechirkanga🤣🤣🤣🤣,Offensive_Targeted_Insult_Individual,Not_offensive
"1:04 maiya chod di, yaar!!!",Not_offensive,not-Tamil
Gonna fabulous revenge drama I guess,Offensive_Untargetede,Not_offensive
Parayan kaiyavacha vettu.. Veera vanniyan and devar boys,Offensive_Targeted_Insult_Group,Not_offensive
Otha...chumma enda rajini eh ilukiringa.. thevdiya pasangala. Ungalala rajini eh ilukama poltics um seiya mudiyadhu...and film um eduka mudiyadha. Potta pasangala,Offensive_Untargetede,Offensive_Targeted_Insult_Group
Unmaiyila udhayanidhi oru saico thaan...ivan padam yellam oru naalum odadhu...yellarrum indha padam paaka vaiyasana kelavanugalaiyellam veetula vittutu vandhu paarunga..including Stalin...same dialogue he tweet to rajini sir...idhu yeppdi irruku..neeyum oru naal kelavan aagathaanda pora..appo nee 20 padam kooda nadichurukka maatta..150 padam mela nadicha super star rajini sir pathiya pesura...naaye..,Offensive_Targeted_Insult_Individual,Not_offensive
2 million cross panniduchu Innu update Aagala,Offensive_Targeted_Insult_Group,Not_offensive
இப்பல்லாம் Trailer le வார நெறய சீன் படத்துல வரமாட்டேங்குது. அந்த வரிசையில் இதுவும்,Offensive_Targeted_Insult_Group,Not_offensive
Intha padam rajini nalaye nasamaga pothu...,Offensive_Targeted_Insult_Individual,Not_offensive
Cha na rajini nu naichan yenna mari ethana Peru yemathiga,Offensive_Targeted_Insult_Individual,Not_offensive
Ayoo 00:15 Ennada ennoda sataiya Panta Thachi potutinga..,Offensive_Targeted_Insult_Group,Offensive_Untargetede
Lol. Enna karumo da ithu. Pink itself flop. Ithula ajith nadiparnu paatha. Etho oru kelattu koo** act pannirukaan.,Offensive_Targeted_Insult_Individual,Offensive_Targeted_Insult_Group
"Rajini eh vaee sight adikaavechtangalaee..he looks handsome,..makeupartist",Not_offensive,Offensive_Targeted_Insult_Individual
Marvel paruppu thanni+DC uppu+tamil masala + kick kadugu + krissh vengayam thakkali = hero sambar,Offensive_Targeted_Insult_Individual,Not_offensive
Thalaiva coollip ah thuppitu pesu thalaiva vasanamae puriyala,Offensive_Targeted_Insult_Individual,Not_offensive
"Yen thalaivar padathukku views ellam kammiya irukku, shankar sir flim",Offensive_Untargetede,Not_offensive
Ivan kooda dana rashmika mandana engagement aachi..,Offensive_Targeted_Insult_Individual,Not_offensive
Kangana Ranaut ke fans like here,not-Tamil,Not_offensive
Dhanush veriyans like hereasura vettai aarambam,Offensive_Untargetede,Not_offensive
"40 வருடமா அவர் ஏன் உச்சத்தில் இருக்கிறார் என்பதற்கு இதுவே காரணம். அரசியலிலிம் சரி சினிமாவிலும் சரி அவரை உள் நுழைக்காமல் உங்களால் எதுவுமே செய்ய முடியவில்லை. அவரின் முதுகில் குத்துவதாக நினைத்துக் கொண்டிருக்கிறீர்கள். அவற்றையெல்லாம் உதாசீனப்படுத்தி விட்டு உச்சத்திற்கு போய் கொண்டே இருக்கிறார் என்பது தான் நிஜம், நீங்க தாண்டா ரயல் கோமாளீஸ் @jayamravi @director",Offensive_Untargetede,Not_offensive
1 week 10 mil after 2 weeks 20 mil...?,Offensive_Untargetede,Not_offensive
Beethoven be like: Am i a joke to you?,Offensive_Targeted_Insult_Individual,Not_offensive
Thevidiyaa pasangala poi pullaingala padikka veingada,Offensive_Targeted_Insult_Group,Offensive_Untargetede
Yaaro oru group..Padam flop dhan konja naalu ku.Munadi..koovitu irundhanga..Avanga laam konjam line la vanga,Offensive_Untargetede,Offensive_Targeted_Insult_Group
DMK thevi... Pasangala ipoo sagunga daa,Offensive_Targeted_Insult_Group,Not_offensive
Johnwick aavadhu mayiravadhu... Inga paarunga ya namma thalaivan ah...,Offensive_Targeted_Insult_Individual,Not_offensive
1:00 saai pallavi ya ipd sirika venaamnu sollunga.. Pinnaadi,Offensive_Targeted_Insult_Individual,Not_offensive
Saadhi veri pudicha naainga than indha maadhiri padathukku support pannum...,Offensive_Targeted_Insult_Group,Not_offensive
2:09 dai ennada music semma da indha music keathasaavu kotthu than niya bagam varuthu intha music kaandi than trailer paarthen,Not_offensive,Offensive_Untargetede
Filim yappo reles agum nu solluga,Offensive_Untargetede,Not_offensive
Pa ranjith...இந்த படமும் ஒரு சமூக படம் தான்... இத பத்தி நீங்க பேசவும்... இது உங்கள் முக திரையை கிழிக்கும்... இது ஒரு வெற்றி படம்..,Offensive_Targeted_Insult_Individual,Not_offensive
Padatha paakura nammala psycho maathiruvaainga pola,Offensive_Targeted_Insult_Group,Not_offensive
mokka teaser ithukku theri paravalaa,Not_offensive,Offensive_Untargetede
How many days rajani make same movie..,Offensive_Targeted_Insult_Individual,Not_offensive
சாதி இல்லை என்று சொல்லும் தேவிடியா பசங்களுக்கு அவங்க விட்டு பொண்ண யாருக்கு கல்யாணம் பண்ணி தராணுக தெரியல...சாதி வெறி அல்ல...உணர்வு,Offensive_Targeted_Insult_Group,Not_offensive
Yow enaku extreme peak kovathula gubeer siripu vandhurum ya..nanum evlavo try paniruken sirika kudadhu nu,Offensive_Untargetede,Not_offensive
Arjun 's evergreen dialogue- dei therikka,Offensive_Untargetede,Not_offensive
"Pei paduthula vara mathiri eruku face.., Enada panni vachirukeenga",Offensive_Targeted_Insult_Individual,Offensive_Untargetede
Un like podthavan la manishana illa,Offensive_Untargetede,Not_offensive
Thu kevalama irruku Kajal pair is looking like a father n daughter...waste of tym #stupid,Offensive_Targeted_Insult_Individual,Not_offensive
Music by #PLANT vs ZOMBIES Ipdi pannitinga le #Raja sir,Offensive_Targeted_Insult_Individual,Not_offensive
Nerkonda paarvai mix with Kolaikaaran BGM,Offensive_Targeted_Insult_Individual,Not_offensive
Marvel dc fans ellam orom pongada 🤣🤣,Offensive_Untargetede,Not_offensive
Andha bike adhu IMPULSE ah?🤔 Illa modified Fz?,Offensive_Targeted_Insult_Individual,Not_offensive
Ajith oru kelatu baadu da avanuku poolu kelambathu Ne poi kelapi vidu,Offensive_Targeted_Insult_Individual,Offensive_Targeted_Insult_Group
Kolai konda parvai thala thaladan,Offensive_Untargetede,Not_offensive
Nallathan errukku but sathanam acting dhan konjam doubt ah errukku...,Offensive_Targeted_Insult_Individual,Not_offensive
Shankar sirama pattathaa solraanga.. Itha siramamnu solla mudiyala aana itha paakurapo karumam mathiri irukkuthu..,Offensive_Untargetede,Not_offensive
ஜெயலலிதா அம்மாவோட கம்பீரத்துல 2% கூட இல்ல இவ...! விஜய்க்கு தேவை இல்லாத வேலை,Offensive_Targeted_Insult_Individual,Not_offensive
Ennada ethu trailer mugamudi mari eruku,Offensive_Targeted_Insult_Individual,Offensive_Untargetede
Captain America Oda arc story madhiri irukku,Offensive_Targeted_Insult_Group,Not_offensive
தண்ணி கேட்டா மலையாளி டிக்கிலயே மிதிக்கிறான் இவனுக மானங்கெட்டு மலையாளி ஐயரை தலனு சொல்லிக்கிட்டு இருக்கானுக,Offensive_Targeted_Insult_Individual,Offensive_Targeted_Insult_Group
பொண்ணுங்க மேல கைய வச்சா கண்டிப்பா வெட்டணும்,Offensive_Untargetede,Offensive_Targeted_Insult_Group
aai ithu ninety six u yara yemathuringa🤣🤣,Offensive_Targeted_Insult_Individual,Offensive_Untargetede
Ilayaraja yen beethoven music use panraru?,Offensive_Targeted_Insult_Individual,Not_offensive
yevlo vayasu analum yen thalaivaroda stayl korayathu da athanda super star marana waiting kolagandula iruka da petai ku,Offensive_Untargetede,Not_offensive
Dai comali punda🤣🤣oththa ne rajini ah kindal pannuriya oththa,Offensive_Targeted_Insult_Individual,Offensive_Untargetede
"Oru Thavaru Seitha.., Adhai Therindu Seidal..., Avan Dhevan Endralum Thappikamudiyadhu!!! #Singam3",Offensive_Untargetede,Not_offensive
Oru periya nadigarukku indha padam set Aagadhu.. I think vera?,Offensive_Targeted_Insult_Individual,Not_offensive
"Appedilaam nadekaathu, nadake kudaathu!! The bulls eyes🤩",Not_offensive,Offensive_Untargetede
Gv music vera level Dhanush aa ithu pakkave bayama irukku,Offensive_Untargetede,Not_offensive
3.5k dislike groups ku dha indha trailor,Not_offensive,Offensive_Untargetede
தமிழ்ராக்கர்ஸ் தாண்டி மாப்ள...மயிரு மாறி இருக்கு ட்ரைலர்...,Offensive_Targeted_Insult_Group,Not_offensive
Ennada ithu sivakarthikeyan aa vida arjun fans neraya per irukangalo,Offensive_Targeted_Insult_Individual,Not_offensive
Heavyyy Diwali ath Kaithi kk swantham,Not_offensive,not-Tamil
Marana bangam to thalaivar... Hey ithu 96 yaara ematha parkura🤣🤣,Offensive_Untargetede,Not_offensive
10 varusham ulla irunthen nu mattum thana sir theriyum... 10 varushathukku munnadi enna pannittu irunthen nu theriyathulla...,Offensive_Targeted_Insult_Other,Not_offensive
Kaithi padam pathutu trailer pathavaga yar yar like pannuga,Offensive_Targeted_Insult_Other,Not_offensive
0.31 sinna pullaila kulicha eri ku povomda Andha yerila thanda nadandhu poitu irukom...,Offensive_Targeted_Insult_Individual,Offensive_Untargetede
Trailer pakum bodhu elllam avan seyal madhiri iruku.but film konjam conspet vera mari irukum nu ninaikurean Wait panni papom,Offensive_Untargetede,Not_offensive
Saaho oda remix ah shakthi man ah,Offensive_Targeted_Insult_Other,Offensive_Targeted_Insult_Individual
“தானா சேர்ந்த கூட்டம்” படம் தான் நியாபகத்துக்கு வருது..ஒவ்வொரு சீன்க்கும்...,Offensive_Targeted_Insult_Group,Not_offensive
"Na kuda mokkaya irukumnu nenachan, but nalla dhaan iruku... But Theatreku ponuma nu yosanayave iruku...",Offensive_Untargetede,Offensive_Targeted_Insult_Group
Karunanidhi ₹ jayalathitha seinjuruvanuga nu pathom Neenga thayavu Seinjurunga Rajini,Offensive_Targeted_Insult_Group,Offensive_Targeted_Insult_Individual
Ellam avan seyal movie matheri iruku,Offensive_Targeted_Insult_Individual,Not_offensive
அஜீத் இந்த துப்பாக்கி சுடுறத விடவே மாட்டாரா..எல்லா படத்துலயும்...,Offensive_Targeted_Insult_Individual,Not_offensive
I am Kerala Vijay fan njangal und kudea,not-Tamil,Not_offensive
VFX Sari illa.. Black Gate kuda VFX potturukanga...,Offensive_Targeted_Insult_Group,Offensive_Untargetede
Evan eval dislike panathu avanka ellarukum 3 subject arrear varum,Not_offensive,Offensive_Untargetede
Starring la sayesha name kaanom,Offensive_Targeted_Insult_Group,Not_offensive
நல்லா சொன்ன பெரம்பலூர் பக்கம் பாடம் ஏதும் ஓட்ட வந்துடாத சும்மா இருக்க நாங்க ஒன்னும் படுச்சவன் இல்ல பாத்துக்கோ உங்க படம் டைலாக் தா முட்டாள் செய்யும் செயல் செம்மையா இருக்கும்,Not_offensive,Offensive_Targeted_Insult_Group
படத்துல தான் மண்ணும் பொண்ணும் எங்களது கைய‌ வெச்ச இருக்காதுனு பேச முடியும்... Pollachi indecent laa oru ponnu vandu ipadi pesa sollunga pakala🥶🤭🥳... திரௌபதி பரிதாபங்கள்,Offensive_Targeted_Insult_Group,Not_offensive
Teaser lam nallathan iruku.. But athula vara editings lam romba mokkaya iruku..... editing matum paathu panunga,Offensive_Targeted_Insult_Other,Offensive_Targeted_Insult_Group
Looks like she was soaked over night in water...,Offensive_Targeted_Insult_Individual,Not_offensive
Karthi Suriyava vida nalla nadiganu solravanga like podunga,Offensive_Untargetede,Not_offensive
"பா.ரஞ்சித், வெற்றிமாறன், மாரிசெல்வராஜ், பெரியார்OC சோறு group நல்ல கதறுங்கடா",Offensive_Targeted_Insult_Group,Not_offensive
Hindi movie LA sanda yea illaye pa,Offensive_Untargetede,Not_offensive
Trailer muluka sirika vechitingale adhi Anna 🤣🤣🤣🤣,Not_offensive,Offensive_Targeted_Insult_Individual
ada paavi...appadiyae batman copy adichu vachirukingalae da,Offensive_Untargetede,Offensive_Targeted_Insult_Group
No varities from u...sema bore pa...,Offensive_Targeted_Insult_Individual,Not_offensive
Sema yaara ematha pakkara ithu 92. Super jayam Ravi and yogi babu combo! But music hip hop tamila wrest.,Offensive_Targeted_Insult_Individual,Not_offensive
எல்லாரும் பார்க்காமலே like போட்டுடாங்க போல ஈஈஈஈஈஈஈ,Offensive_Untargetede,Not_offensive
Climax tha bangam..sirchu sirchu vairu valikuthu daa daee🤣🤣🤣🤣,Not_offensive,Offensive_Untargetede
Rajini Illa dha pu** LA ippadi dhan unlike pannuvanga 24.8.2017 movie pathutu face ah Poi pi** LA vachi ku vanga then thev***a pasanga,Offensive_Untargetede,Offensive_Targeted_Insult_Group
Karumo mandaya paathaley vaandhi varudhu..indha naai matu thirundhavey thirundhadhu.valla va Valla va left la varla va..velayadalama apa ama velayatu.thu..,Offensive_Targeted_Insult_Individual,Offensive_Targeted_Insult_Group
Sama movie... ks.Ravi Kumar super ah eduthu irukaru enna 16 years West aaiduchi,Offensive_Targeted_Insult_Individual,Not_offensive
Likes for only Raja sir myskin combo not for moonram kalaignar,Offensive_Targeted_Insult_Individual,Not_offensive
மிஷ்கின் Mind voice:இவன் என்ன நம்மள விட தரையில தவள்ரானே,Offensive_Untargetede,Not_offensive
15k dislike kamal fan na thaan irupaanga,Not_offensive,Offensive_Untargetede
Sunni Madhiri Iruku Trailer Jai Bheem Parambara Gethu Daa,Offensive_Targeted_Insult_Group,Not_offensive
Maas Thala Thalei Viduthslei Mulu Saritthiram Padei,not-Tamil,Not_offensive
jheeezee Summa Sparkling Therriiiii antha Double chewingum Drop is so mad!! khaikki sattayila evanume ippidi smarta irundhadhe illanaa! who's agree???,Offensive_Untargetede,Offensive_Targeted_Insult_Group
Padam varuma varatha. Varum aana varathu. 🤣🤣,Offensive_Targeted_Insult_Other,Not_offensive
என்ன ப்ரோ சொல்ல வரிங்க..???🤔🤔🤔 படம் ரொம்ப ஸ்லோவா போகும் போலிருக்கு...,Offensive_Targeted_Insult_Group,Not_offensive
Enga shortfilm ah theduna kedaiklinu paatha atha thirudi periya padam panringa...but hero is not perfect like before..,Offensive_Targeted_Insult_Individual,Not_offensive
1:14 Semma comedy ya iruku,Offensive_Untargetede,Not_offensive
That ஆமை குஞ்சுகள் கதறல் movement here;),Offensive_Untargetede,Not_offensive
"தெரிஞ்ச எதிரி விட தெரியாத எதிரிக்குதான் அல்லு இருக்கனும் எப்படி உன்னோட தலைவா படம் வந்தப்ப உனக்கு இருந்த அல்லு மாதிரி யா? போடாங் கேன கூனா,ஒழுங்கா படம் எடுடா முண்டம்",Offensive_Targeted_Insult_Individual,Offensive_Targeted_Insult_Group
Indha Diwali kaidhi Ku bigil (visil) podu..,Not_offensive,Offensive_Targeted_Insult_Individual
same masala. ATM pochu edhu sollavee vana... daba,Not_offensive,Offensive_Untargetede
Kaka pukka short film ah copy adichutanuga,Offensive_Targeted_Insult_Group,Not_offensive
intha kela kuthiku over seen venuma,Offensive_Targeted_Insult_Individual,Not_offensive
Unga.. Ponna.. Unoda.. Petcha.. Kekura.. Mathiry... Valanga... Da... Apti.. Valaka.. Thuppilla.. Unaku.. First..unoda..ponna..sariya..valakanum.apram.. Vanthu.. Vettu.. Da... Nee.. Aambalaitaruntha...,Not_offensive,Offensive_Targeted_Insult_Group
Surya de...eth film nte yum video kk dislike adikkaan vendi nadakkunna kurach aalkkaar und...,not-Tamil,Offensive_Untargetede
நான் அரசியலுக்கு வருவது உறுதி... ஹே யார ஏமாத்த பார்க்கிறங்க இது 1996 🤣🤣🤣,Not_offensive,Offensive_Targeted_Insult_Group
குற்றமுள்ள நெஞ்சு குறுகுறுக்கும் அதுபோல எவன் இந்த படத்தை எதிர்க்கிறா அவனெல்லாம் குற்றவாளிதான்,Offensive_Targeted_Insult_Group,Not_offensive
All Tamilians look like Africans lol,Offensive_Untargetede,Not_offensive
மிஷ்கின் மற்றும் இளையராஜா வுக்காக இந்த படத்தை கண்டிப்பா நான் பார்ப்பேன் னு சொல்றவங்க யாருன்னா இருக்கீங்களா?,Offensive_Targeted_Insult_Other,Not_offensive
singam 3 ee seriesil ettavum mosham aakan chance nd. I didnt liked it.. pakka cliche,Offensive_Targeted_Insult_Group,not-Tamil
"Group 4 thervil other state aalunga 1st 100 place, southern railway examla pass aana 70-80% people north Indian. Neenga innum indha maari keduketta padatha eduthunu mel jaathi keel jaathinu oombitu irunga vekam ketavangale. Jaathiaavthu koodhiaavdhu. Sathiyama tamilanunga munera maatom ipdi irundha. Koodiya seekiram Vadakan poola dha oomba porom tamilanunga #SayNoToCasteDiscrimination #TamilVaazhga #Tamil",Offensive_Targeted_Insult_Group,Not_offensive
Sab hero Jhakmaare Rajini Style Saamne,not-Tamil,Offensive_Targeted_Insult_Individual
Padam mokka teaser vachae mudivu pannitaen,Offensive_Targeted_Insult_Group,Offensive_Untargetede
Gommaala okka asith test tube thevdia mavan...seen punda podatha amai asith...,Offensive_Targeted_Insult_Individual,Offensive_Untargetede
Enaku ennamo sneek peak partha madiriyai Oru feelingu,Offensive_Untargetede,Not_offensive
Tha bangama eruku daiii nxt lvl,Offensive_Untargetede,Not_offensive
Vani always luks gorgeous oh my kadavule,Offensive_Targeted_Insult_Individual,Not_offensive
Ahahaha sema siripu udayanithi pathu 🤣🤣,Offensive_Targeted_Insult_Individual,Not_offensive
Pompala mela kai vaikira naai ku padam odathu god iruntha intha padam matum ila ivanda entha padamum odathu,Offensive_Targeted_Insult_Individual,Offensive_Untargetede
kaththita irukan teaser fulla bgm vara kadupa avuthu ivanuku dsp ya paravala,Offensive_Untargetede,Not_offensive
Chai indha kelavanuku Amy Jackson kekudha...idhu ellam enna Padam Karumo🤮🤮🤢🤢🤢🤢🤢🤢indha kelavanoda moonjiya pathale kaduppa varudhu🤬🤬🤬,Offensive_Targeted_Insult_Individual,Offensive_Targeted_Insult_Group
Namaku thevayaanadha namma thaan adichu vaanganum,Offensive_Untargetede,Not_offensive
Ajith fans plss tailer samaya eruku like panunga vj fans marri dislike panathenga,Offensive_Targeted_Insult_Individual,Offensive_Untargetede
1:34 kudumbathoda sernthu 🤣🤣🤣 etho saravana stores ad ah than kalaikkuringa nu nenachitten da,Offensive_Targeted_Insult_Group,Offensive_Untargetede
"vijay vikku unaku set agala da, sotta thala thalaivaa",Offensive_Targeted_Insult_Individual,Not_offensive
"நடாக காதல் செய்யும் நாய்கள் நடுநடுங்கி, கதறல் சத்தம் அதிகமா கேக்குது... படக்குழுவினருக்கு நன்றி...",Offensive_Targeted_Insult_Group,Not_offensive
End card பங்கம்... எங்க புள்ளைங்க எல்லாம் பயங்கரம்...,Offensive_Targeted_Insult_Group,Not_offensive
Bgm is Malayalam song januvariyil viriyumooo,not-Tamil,Not_offensive
"Myskin sir ungaluku Vera hero kidaikalaya sir, intha dupakur mandayana herova potu irrukinga",Offensive_Targeted_Insult_Individual,Not_offensive
please time waste pannni it KK padathukku pogathinga semma mokka@!##^@*#/#&#:×&#:#^,Offensive_Untargetede,Offensive_Targeted_Insult_Group
Surya intha padathula villaina? Herova? Illa triple acta???,Offensive_Targeted_Insult_Individual,Not_offensive
Ivan vera siripu ivanuku oru loosu followers vera,Offensive_Untargetede,Not_offensive
0:50 ivan vera enna romba paduthran da,Offensive_Targeted_Insult_Other,Not_offensive
Podu vera leval த்தா வந்து வச்சிபாருங்க டா,Offensive_Untargetede,Not_offensive
Deiii movie eppa da waiting laye veri aaguthu,Offensive_Untargetede,Not_offensive
iSmart Shankar movie YouTube par Kab Aayegi YouTube,not-Tamil,Not_offensive
தமிழன் என்றொரு இனம் சாதியால் அழிந்து போகட்டும்.. பிறந்தால் உயிர் இறந்தால் உடல்.. அழியட்டும் ' இச்சமூகம் சாதியால் அழிந்து போகட்டும்' வரலாறு கேவலமாக பேசட்டும் தமிழனை...,Offensive_Targeted_Insult_Group,Not_offensive
Ena da old jai Shankar movie mathiri iruku,Offensive_Targeted_Insult_Individual,Offensive_Untargetede
WHAT DID YOU SAY... Roar...,Offensive_Untargetede,Not_offensive
Vere Level Padam Ith Pwolikkmm Katta Wi8ng,not-Tamil,Not_offensive
Amam eppa puthu trailer poduvingo... 1960 mgr kala thu padama... Re release panna poran gala...,Offensive_Untargetede,Not_offensive
எங்க அப்பா மிலிட்ரி டா ஓடி விளையாடவா சொல்லி தருவான்... த்தா வேற லெவல்டா...,Offensive_Targeted_Insult_Other,Not_offensive
Akshara Hasan... Acting is not ur thing.. SERIOUSLY!!!,Offensive_Untargetede,Not_offensive
Thala innum konjam naal la thatta va var mariduvaru,Offensive_Targeted_Insult_Individual,Not_offensive
போராடுவது தப்பு என்றால் போராடுவதற்கு உண்டான சூழ்நிலை ய உருவாக்குவதும் தப்பு,Offensive_Targeted_Insult_Group,Not_offensive
Biopic edukrendra perla sodhapi vechiradhinga da..,Offensive_Targeted_Insult_Group,Not_offensive
aaha nalla ve illa aalum kudimiyum,Offensive_Targeted_Insult_Individual,Not_offensive
2 padam nadichitu neelam vj padatha disgrace panra,Offensive_Targeted_Insult_Individual,Not_offensive
Inga FL trailer teaser nu vittutu irukanuga anga enna da onnayum kaano dei Siva nee enga da iruka,Offensive_Targeted_Insult_Individual,Offensive_Untargetede
Indha movie ku edhuku A certificate 🤔🤔,Offensive_Untargetede,Not_offensive
Pawala fans licking apandraaaa thuu Mee bathuku ajith fans lekapothe kukkalu kuda dekav mimalini,not-Tamil,Offensive_Targeted_Insult_Individual
Police kaar pasangala govt paathukumaaaa...! mairla paathukummmm...,Offensive_Untargetede,Not_offensive
Kids: Nice Song Men's: Osm song Dadfuker's: 2019?,Offensive_Untargetede,Not_offensive
1:20 ithu unaku konjam over lolu da aadhi... Va va vetchu seiya poranga Ajith Vijay scenes movie la ooti claps vangura neenga lam... Avanga scenes ooti keli panni sirika arambichuteenga,Offensive_Untargetede,Offensive_Targeted_Insult_Group
Intha agela ippadi oruththarala nadikka mudiyumna sollunga saththiyama na unga fan aana but i'am rajini uyir da,Not_offensive,Offensive_Targeted_Insult_Group
Rajini pathi trailer la vantha mathiri movie la vantha screen kilinjitum ta bautu basangala,Offensive_Untargetede,Offensive_Targeted_Insult_Individual
வேற level... அதான் ஆர்யா அவளை கல்யாணம் பண்ணிடியே. திரும்பவும் marry me யா,Offensive_Targeted_Insult_Individual,Not_offensive
or ak super duper flop kangana movie...coming soon...🤣🤣,Offensive_Targeted_Insult_Individual,Offensive_Targeted_Insult_Group
Evlo generation marinalum...namma mara kudathu...namma vittu ponna pathalea aruva aduthu ore vettu avlotha,Offensive_Targeted_Insult_Group,Not_offensive
Trending vittu evloo kila venaalum pogatum.na daily intha trailer pakuvan comment poduvan.,Not_offensive,Offensive_Untargetede
Trailer paithu mersal anivnga like podinga..,Offensive_Untargetede,Not_offensive
Super ji superji...semma intro. not like camera kita moonja kamichi bayamurthara bairava..,Offensive_Targeted_Insult_Individual,Not_offensive
pattaya kelapungada vijay and co jai rajni jai selvadhan jai kamal hassan aaaaaa kabali daaaaaaaa ena solada,Not_offensive,Offensive_Targeted_Insult_Individual
புளுசட்ட review பாத்து சிரிச்சவங்க like பன்னுங்க,Offensive_Untargetede,Not_offensive
Aiyo namba mind vera angaya poguthya #Sivakumar 🤣,Offensive_Untargetede,Not_offensive
en sunni ooompuna ajith ipditha parappaan,Offensive_Targeted_Insult_Individual,Not_offensive
"sudhandhiram British kaaran Kita irunthu vaangi, arasiyal vaathinga Kita koduthutom.. Ithu romba palaya dialogue",Offensive_Targeted_Insult_Group,Not_offensive
Thalai ku thalai poora Neraiya Neraiya Neraiya romdha Neraiya neracha mudi irruku,Offensive_Targeted_Insult_Individual,Not_offensive
Kaithi jeyil layae irrukirathu nallathu... BIGIL on the way...,Offensive_Targeted_Insult_Individual,Not_offensive
Avalavo rajini padam trailer pathathea ila verithamana eruku...,Not_offensive,Offensive_Untargetede
"Thalayavuthu pundaa yavuthu pogaadaa suni thalais,,engaluku epavome Ore oru Thala than avar than ENGA STR MASS MAN STR",Offensive_Targeted_Insult_Individual,Not_offensive
Kevalama erukku... Enthe Movie la Odumanu Theriyala... Felputhaa,Offensive_Untargetede,Not_offensive
கருணாஸ் ஜாதிவெறி பிடித்தவன் அவனை ஏன் இந்த படத்தில் நடிக்கவச்சிங்க?,Offensive_Targeted_Insult_Individual,Not_offensive
Ranjith Neuma da trailer patha.. Parthu irutha Sethuru,Offensive_Targeted_Insult_Individual,Not_offensive
Sotta thala rajiniya Super ah kalachiteenga Super Super ummmmma,Offensive_Targeted_Insult_Individual,Not_offensive
1:55 aduthan ella pakkamum thuppaki irukku la appram edukku sutti sutti sudureenga,Offensive_Targeted_Insult_Individual,Offensive_Untargetede
Ina pa like low va iruku,Offensive_Targeted_Insult_Other,Not_offensive
Enaku ore asatha...oru dislike potavanayavathu paknum.ipdiyum irukangalanu,Not_offensive,Offensive_Untargetede
aioo vaa thala...5inch screen la paakumbodhae ippdi irukae... 70mm screen la paakumbodhu enna aaga potho,Offensive_Targeted_Insult_Individual,Not_offensive
Sanda potu jeinga thaniya jeigathinga... VJ sir,Offensive_Untargetede,Not_offensive
Tevidiya pasanga naxalite ku support panranunga,Offensive_Targeted_Insult_Other,Not_offensive
daa mokka teaser is so bad,Offensive_Targeted_Insult_Group,Offensive_Untargetede
En thalaivam eruma saani vijay oruka than trailer la vaararu da,Offensive_Targeted_Insult_Individual,Offensive_Untargetede
mannu ponnu 2 um mukiam athula yar kaiya vachalum sema... ranjith gang ku serupadi,Not_offensive,Offensive_Targeted_Insult_Individual
idhu trailer ah? illa idhuthan trailer ah?,Offensive_Untargetede,Not_offensive
Idha nambi thaan da theatre ku vanden.. Kadaisila naamatha potingaley da 🤦 🤦,Offensive_Untargetede,Offensive_Targeted_Insult_Group
This is what you call MUSIC? TRASH-worthy...Kadhavula eli mattina maadhiri kathinaa paattaa? thoooooooo,Offensive_Untargetede,Not_offensive
Teaser ke Kaadu jovvellam kezhingi pochi;)..But good one!!,Not_offensive,not-Tamil
120 sec video pathu like dislike poda mudiyala...,Not_offensive,Offensive_Untargetede
director ranjith pardhu sakattum avan mattum than saathi padam edupana,Offensive_Targeted_Insult_Individual,Not_offensive
naanam undoda ninakekaa...neyaka...anugal ayal nerit kalich jayik..allathe..,not-Tamil,Not_offensive
Ithellam yaarala siva aalaya illa arjun aalaya y1 uhhhhhhhhhh,Offensive_Targeted_Insult_Individual,Not_offensive
Sema kalaai rajini in political entry...,Offensive_Targeted_Insult_Individual,Not_offensive
irukku diwalikku sarvedi irukku pakka kaithi,Not_offensive,Offensive_Targeted_Insult_Individual
na ivolo nal itha கைத்தி nu la padichutu irunthen,Offensive_Untargetede,Not_offensive
mokke trailer...even 2 min was boring,Offensive_Targeted_Insult_Group,Offensive_Untargetede
Ungaluku ennada theriyum.padam edukurenu yanda entha polappu seththa pamba pottu adichutu irukinga..avunga history la vantha vitham righto wrongo ana avunga la mathiri oru aalumayana thiramayana leader illa.ethunaala rendu kostinga sanda pottukurathuthan micham. Ethunala makkaluku onnum nallathu nadaka porathu illa.innum yarum makkalukunu pannanumnu yentha arasiyalvathi yum nenachu pakala..yevlo thuttu adikalam nu mattum than nenappu iruku,Not_offensive,Offensive_Targeted_Insult_Group
Oruthar meela neegga viswasham katrathala...innoruthara yeen asinggappaduthuregga...,Offensive_Untargetede,Not_offensive
மண்ணு பொண்ணு ரெண்டுமே ஒன்னு அதுல எவன் கைய வச்சாலும் வெட்டுவோம் மரண வெய்ட்டிங் ப்ரோ.. திரெளபதி திருநெல்வேலி சீமை தென்காசி மாவட்டம் நெடுவயல் வன்னிய குல ஷத்ரியர் சமுதாயம் சார்பாக திரைபடம் வெற்றி பெற வாழ்த்துக்கள்,Offensive_Targeted_Insult_Group,Not_offensive
asuran= aadukalam+pudupettai+ wada chennai..yellame ore madirida...,Not_offensive,Offensive_Targeted_Insult_Individual
"Eh Idhu 96, yaara emathuringa.. Bangam ji Bangam ji",Offensive_Targeted_Insult_Group,Offensive_Targeted_Insult_Individual
